,date,tic,open,high,low,close,volume,day,macd,boll_ub,boll_lb,rsi_30,cci_30,dx_30,close_30_sma,close_60_sma,turbulence,vix
0,2023-01-03,2330.TW,446.0,453.5,443.0,427.8570251464844,14885824.0,1,0.0,430.87905226590357,421.52939499972143,50.0,0.0,0.0,427.8570251464844,427.8570251464844,0.0,22.899999618530273
0,2023-01-03,2454.TW,623.0,645.0,621.0,522.3978271484375,4451795.0,1,0.0,430.87905226590357,421.52939499972143,50.0,0.0,0.0,522.3978271484375,522.3978271484375,0.0,22.899999618530273
1,2023-01-04,2330.TW,449.5,455.0,448.5,424.5514221191406,19188422.0,2,-0.07416417048523272,430.87905226590357,421.52939499972143,0.0,0.0,100.0,426.2042236328125,426.2042236328125,0.0,22.010000228881836
1,2023-01-04,2454.TW,639.0,644.0,635.0,515.9085083007812,2734185.0,2,-0.14559369209484885,528.3304504495281,509.97588499969055,0.0,0.0,0.0,519.1531677246094,519.1531677246094,0.0,22.010000228881836
2,2023-01-05,2330.TW,459.0,459.5,455.0,433.0518493652344,23549581.0,3,0.16909786645356917,437.0568870287264,419.9166440585132,72.67904398545699,0.0,100.0,428.4867655436198,428.4867655436198,0.0,22.459999084472656
2,2023-01-05,2454.TW,638.0,641.0,625.0,511.8525390625,5231120.0,3,-0.311290625543279,527.3580848255351,506.0811648489441,0.0,0.0,100.0,516.7196248372396,516.7196248372396,0.0,22.459999084472656
3,2023-01-06,2330.TW,455.0,459.5,455.0,433.0518493652344,20886011.0,4,0.2755940502867702,437.982953921996,421.2731190760509,72.67904398545699,0.0,100.0,429.62803649902344,429.62803649902344,0.0,21.1299991607666
3,2023-01-06,2454.TW,634.0,660.0,634.0,535.376708984375,6890898.0,4,0.4703072989075281,541.9639349772013,500.80385677084547,70.20286053979474,0.0,32.558139534883715,521.3838958740234,521.3838958740234,0.0,21.1299991607666
4,2023-01-09,2330.TW,468.0,481.0,467.5,454.3029479980469,46666263.0,0,1.1732906575732613,457.78874784758415,411.3372897500721,90.7211962167154,0.0,100.0,434.5630187988281,434.5630187988281,0.0,21.969999313354492
4,2023-01-09,2454.TW,671.0,675.0,665.0,547.5443725585938,6953372.0,0,1.3692941042630764,556.0294224865879,497.2025599352871,78.33942313087834,0.0,56.24349635796045,526.6159912109375,526.6159912109375,0.0,21.969999313354492
5,2023-01-10,2330.TW,486.0,487.0,483.0,459.02545166015625,32646014.0,1,1.892811118603845,467.45827975096296,409.82190213380267,91.94416943668347,0.0,100.0,438.6400909423828,438.6400909423828,0.0,20.579999923706055
5,2023-01-10,2454.TW,684.0,696.0,681.0,562.956787109375,8579851.0,1,2.5430127848605935,572.3282514696551,493.0173295850323,84.04742335230445,0.0,70.99586147845115,532.6727905273438,532.6727905273438,0.0,20.579999923706055
6,2023-01-11,2330.TW,487.0,488.0,482.0,457.6087646484375,21051115.0,2,2.25746527817563,471.3111995988739,411.3886033447645,88.33120267941624,0.0,100.0,441.3499014718192,441.3499014718192,0.0,21.09000015258789
6,2023-01-11,2454.TW,700.0,707.0,694.0,573.5020751953125,6807896.0,2,3.729646819419713,586.0770898618564,490.93400109796494,86.55515366326576,0.0,75.47613565913515,538.5055454799107,538.5055454799107,0.0,21.09000015258789
7,2023-01-12,2330.TW,487.5,488.0,484.0,459.4977111816406,20963689.0,3,2.555517980492482,474.18160676694265,413.0551486041511,88.93114759617559,0.0,100.0,443.6183776855469,443.6183776855469,0.0,18.829999923706055
7,2023-01-12,2454.TW,710.0,720.0,708.0,579.991455078125,6154916.0,3,4.773987268681822,596.6091362072403,490.77343215213466,87.7782262580207,0.0,79.37178754457244,543.6912841796875,543.6912841796875,0.0,18.829999923706055
8,2023-01-13,2330.TW,507.0,509.0,499.0,472.2484130859375,77606949.0,4,3.3556393105265556,481.1746123042595,412.42437315581,91.85529035841645,0.0,100.0,446.79949273003473,446.79949273003473,0.0,18.350000381469727
8,2023-01-13,2454.TW,722.0,726.0,691.0,562.956787109375,6607197.0,4,4.579383254561662,596.9711320588374,494.69265917380153,70.38981357848174,0.0,47.64423594950526,545.8318956163195,545.8318956163195,0.0,18.350000381469727
9,2023-01-16,2330.TW,506.0,508.0,503.0,476.97088623046875,34373918.0,0,4.117654665795499,487.42620165820387,412.2070625019524,92.60390312245555,0.0,100.0,449.81663208007814,449.81663208007814,0.0,18.350000381469727
9,2023-01-16,2454.TW,707.0,712.0,701.0,571.0684814453125,4831796.0,0,4.792539614017755,599.1433031406984,497.56780525773917,73.022372238241,0.0,47.64423594950526,548.3555541992188,548.3555541992188,0.0,18.350000381469727
10,2023-01-17,2330.TW,504.0,504.0,499.5,475.0819091796875,27770329.0,1,4.5099159973154315,490.90978054138014,413.3171703641596,89.21093217977227,0.0,86.07442364416991,452.1134754527699,452.1134754527699,0.0,19.360000610351562
10,2023-01-17,2454.TW,706.0,709.0,693.0,562.1455688476562,4423459.0,1,4.403985082126042,598.5030220473967,500.71536174166573,66.31339249875606,0.0,35.56811230633262,549.6091918945312,549.6091918945312,0.0,19.360000610351562
11,2023-01-30,2330.TW,542.0,543.0,534.0,512.86181640625,124428936.0,0,6.811432435101665,508.150747507034,406.2009268907525,93.86311209071067,0.0,92.27475788966227,457.17583719889325,457.17583719889325,0.0,19.940000534057617
11,2023-01-30,2454.TW,734.0,739.0,709.0,599.4597778320312,14092868.0,0,6.108906369220108,608.5506235801269,498.97619119851885,75.89437104380694,0.0,51.0877945307741,553.7634073893229,553.7634073893229,0.0,19.940000534057617
12,2023-01-31,2330.TW,537.0,538.0,521.0,493.0273132324219,72530854.0,1,7.307528131977392,512.6345949556323,407.23269113962004,76.05280156510878,0.0,66.6832495425982,459.9336430476262,459.9336430476262,0.0,19.399999618530273
12,2023-01-31,2454.TW,734.0,752.0,716.0,582.4249877929688,10849696.0,1,6.33002091109131,610.7793425760622,501.1569461108368,66.90741450566532,0.0,55.85445488481705,555.9681443434495,555.9681443434495,0.0,19.399999618530273
13,2023-02-01,2330.TW,532.0,533.0,522.0,500.5833435058594,33710990.0,2,8.021871415285943,517.935819907524,407.7385662531903,77.71892903067604,0.0,66.6832495425982,462.83719308035717,462.83719308035717,0.0,17.8700008392334
13,2023-02-01,2454.TW,724.0,728.0,718.0,587.2920532226562,5742796.0,2,6.6953908085658895,613.4641329338799,502.94699987862003,68.02645928092998,0.0,55.85445488481705,558.20556640625,558.20556640625,0.0,17.8700008392334
14,2023-02-02,2330.TW,538.0,542.0,537.0,510.0282897949219,43077053.0,3,9.018720444927624,524.4031103593511,407.5634220299718,79.55802900586212,0.0,69.67371313891087,465.98326619466144,465.98326619466144,0.0,18.729999542236328
14,2023-02-02,2454.TW,747.0,753.0,737.0,605.9490966796875,11004915.0,3,7.992646835219716,620.0677091485658,502.7092277003925,71.80702326446134,0.0,63.22914619000714,561.3884684244791,561.3884684244791,0.0,18.729999542236328
15,2023-02-03,2330.TW,540.0,542.0,536.0,511.9173278808594,31635865.0,4,9.776337367110216,529.7872024586459,407.92108764145183,79.90127250203624,0.0,67.94105252983728,468.8541450500488,468.8541450500488,0.0,18.329999923706055
15,2023-02-03,2454.TW,742.0,753.0,741.0,609.1937866210938,6331833.0,4,9.073327197890762,625.8989810562231,502.8536205673121,72.39426751252289,0.0,63.229146190007135,564.3763008117676,564.3763008117676,0.0,18.329999923706055
16,2023-02-06,2330.TW,532.0,533.0,526.0,496.80535888671875,30870136.0,0,9.297604906748234,531.0343850205718,409.96228317795754,70.15296585233737,0.0,51.89508476319607,470.4983340992647,470.4983340992647,0.0,19.43000030517578
16,2023-02-06,2454.TW,745.0,749.0,730.0,592.97021484375,7504061.0,0,8.780908905560977,627.2208206221718,504.89577088747905,65.35316024024455,0.0,51.32579831697104,566.0582957548254,566.0582957548254,0.0,19.43000030517578
17,2023-02-07,2330.TW,524.0,528.0,522.0,493.9718322753906,23481767.0,1,8.638180354850704,531.5643914026216,412.0404432599219,68.53118114108364,0.0,46.11816286452088,471.8024173312717,471.8024173312717,0.0,18.65999984741211
17,2023-02-07,2454.TW,739.0,739.0,716.0,581.61376953125,7083578.0,1,7.733145106262555,626.7102459500234,507.13473153478566,61.05320027203387,0.0,38.06934661146878,566.9224887424045,566.9224887424045,0.0,18.65999984741211
18,2023-02-08,2330.TW,538.0,540.0,534.0,510.0282897949219,35096191.0,2,9.056340971953091,534.4830941764698,413.14551653487894,72.28678496742265,0.0,51.80650499663714,473.8143053556743,473.8143053556743,0.0,19.6299991607666
18,2023-02-08,2454.TW,726.0,747.0,725.0,603.5155639648438,7726469.0,2,8.238842875007435,629.3289682460219,508.36791189378084,65.57243286878885,0.0,41.11849413423012,568.8484400699014,568.8484400699014,0.0,19.6299991607666
19,2023-02-09,2330.TW,540.0,540.0,536.0,510.0282897949219,18861972.0,3,9.269351929501056,536.8562981798257,414.39371097544773,72.28678496742265,0.0,51.80650499663712,475.62500457763673,475.62500457763673,0.0,20.709999084472656
19,2023-02-09,2454.TW,740.0,749.0,736.0,607.5714721679688,3943535.0,3,8.793569557884894,632.1463727719319,509.4228105776775,66.32108941653134,0.0,41.858814880971565,570.7845916748047,570.7845916748047,0.0,20.709999084472656
20,2023-02-10,2330.TW,544.0,546.0,541.0,514.750732421875,28495684.0,4,9.635266254160967,539.229253955898,420.7101259269145,73.29009497345011,0.0,54.383321495488545,477.4881344749814,477.4881344749814,0.0,20.530000686645508
20,2023-02-10,2454.TW,749.0,749.0,739.0,600.2708129882812,3178891.0,4,8.633765455378239,632.9154546473302,516.4410272862636,63.74009986004834,0.0,41.85881488097155,572.1886974516369,572.1886974516369,0.0,20.530000686645508
21,2023-02-13,2330.TW,544.0,544.0,538.0,510.9728088378906,22768977.0,0,9.550344220176896,538.9613167782046,429.6202017764829,71.15811842366155,0.0,50.228608990809384,479.01016512784093,479.01016512784093,0.0,20.34000015258789
21,2023-02-13,2454.TW,735.0,737.0,726.0,592.97021484375,4083761.0,0,7.917471952604728,630.2263052254409,526.8363473624497,61.273345988431196,0.0,30.449892929308632,573.1333118785511,573.1333118785511,0.0,20.34000015258789
22,2023-02-14,2330.TW,544.0,546.0,543.0,514.750732421875,21883297.0,1,9.627926807964059,538.9841706295022,437.7672362308495,72.00069173346797,0.0,51.13552246451831,480.5641028362772,480.5641028362772,0.0,18.90999984741211
22,2023-02-14,2454.TW,737.0,742.0,731.0,593.781494140625,3253855.0,1,7.323206277587701,624.0362674320094,541.2192806636937,61.44487217514649,0.0,32.606428677876536,574.0310589334239,574.0310589334239,0.0,18.90999984741211
23,2023-02-15,2330.TW,526.0,532.0,522.0,495.8608703613281,61796793.0,2,8.275923437226538,534.9571750232025,448.07513393675845,62.549117127103806,0.0,26.16452510399443,481.201468149821,481.201468149821,0.0,18.229999542236328
23,2023-02-15,2454.TW,730.0,730.0,708.0,575.935546875,6560069.0,2,5.548362250416972,619.82305299791,549.4883788868556,55.818939777445266,0.0,15.556097668703,574.1104125976562,574.1104125976562,0.0,18.229999542236328
24,2023-02-16,2330.TW,528.0,531.0,524.0,498.69439697265625,29975138.0,3,7.324192442885533,533.5563911073623,453.91506275005963,63.29675910547946,0.0,26.16452510399443,481.90118530273435,481.90118530273435,0.0,20.170000076293945
24,2023-02-16,2454.TW,716.0,718.0,706.0,576.7467651367188,5055383.0,3,4.15932476380317,616.9538957446787,555.2777753978994,56.00834872824587,0.0,14.234825837652851,574.2158666992187,574.2158666992187,0.0,20.170000076293945
25,2023-02-17,2330.TW,524.0,524.0,516.0,489.2493896484375,28121975.0,4,5.834288758514731,531.6703253451512,458.82352231109866,59.22014727051278,0.0,18.202677558868498,482.18380854679987,482.18380854679987,0.0,20.020000457763672
25,2023-02-17,2454.TW,708.0,723.0,707.0,586.4808349609375,3496855.0,4,3.712777868562398,616.141213615688,558.4428623120464,58.2311317368011,0.0,16.69812605766692,574.6875962477463,574.6875962477463,0.0,20.020000457763672
26,2023-02-20,2330.TW,514.0,519.0,511.0,488.3049011230469,20065156.0,0,4.5383216100642585,528.8543550136933,464.7091062900176,58.828205875208575,0.0,13.568857850052506,482.4105156792535,482.4105156792535,0.0,20.020000457763672
26,2023-02-20,2454.TW,725.0,732.0,719.0,588.914306640625,2557688.0,0,3.493959911843831,616.1748225263291,559.9504765459365,58.76989299960835,0.0,20.92705185579321,575.2145114474827,575.2145114474827,0.0,20.020000457763672
27,2023-02-21,2330.TW,515.0,517.0,513.0,487.3603820800781,13504100.0,1,3.4073833531817286,525.4973058634625,470.8524225300921,58.428158761712915,0.0,13.56885785005251,482.58729662214006,482.58729662214006,0.0,22.8700008392334
27,2023-02-21,2454.TW,728.0,734.0,724.0,588.1032104492188,2680312.0,1,3.2246201977704914,616.3229929982173,560.6134816111577,58.509673014495675,0.0,21.839220041940205,575.674822126116,575.674822126116,0.0,22.8700008392334
28,2023-02-22,2330.TW,506.0,509.0,505.0,478.85986328125,24575245.0,2,1.8725895856456418,524.641328414346,472.36954499873997,54.94923313847534,0.0,6.425166956430078,482.45876443797147,482.45876443797147,0.0,22.290000915527344
28,2023-02-22,2454.TW,718.0,722.0,713.0,578.3690185546875,4226425.0,2,2.275267957575693,614.8872755422769,563.5904222116294,55.46091086666981,0.0,14.334893431615562,575.7677254512392,575.7677254512392,0.0,22.290000915527344
29,2023-02-23,2330.TW,512.0,521.0,510.0,489.2493896484375,25376835.0,3,1.40729190762994,523.6531299215305,474.5855938333522,58.103336736374665,15.499982266737973,14.746451569373525,482.68511861165365,482.68511861165365,0.0,21.139999389648438
29,2023-02-23,2454.TW,724.0,745.0,722.0,604.3267211914062,7415265.0,3,3.3930457559157503,615.8940738603807,565.9094478681349,61.058467742858014,68.76626865482952,24.405860028498005,576.7196919759115,576.7196919759115,0.0,21.139999389648438
30,2023-02-24,2330.TW,524.0,525.0,511.0,482.63787841796875,41692491.0,4,0.5440279531015335,522.667186166146,476.32713451256484,55.543370467247314,8.809997752845993,17.282914623567574,484.5111470540365,482.68359473443803,0.0,21.670000076293945
30,2023-02-24,2454.TW,751.0,752.0,723.0,586.4808349609375,8014012.0,4,2.921552192399645,613.2941823152328,570.942866024611,56.04869724938537,57.493443392322945,27.103999275546542,578.8557922363282,577.0345675560736,0.0,21.670000076293945
31,2023-03-01,2330.TW,504.0,522.0,504.0,493.0273132324219,39560848.0,2,0.6279974617623907,520.9535623976399,476.05730796368823,58.51464269526985,2.937205240003221,11.288750258731541,486.7936767578125,483.0068359375,0.0,20.579999923706055
31,2023-03-01,2454.TW,737.0,795.0,731.0,641.640869140625,15610514.0,2,6.579703205516125,624.7994846134106,563.6556728572925,65.18295898019306,170.376872894649,40.58105028456231,583.0468709309896,579.0535144805908,0.0,20.579999923706055
32,2023-03-02,2330.TW,519.0,520.0,515.0,490.1938781738281,16558784.0,3,0.47655514786828235,520.9924979131149,475.73502894235395,57.43170806911368,3.650165022032331,11.288750258731541,488.6984110514323,483.2246250961766,0.0,19.59000015258789
32,2023-03-02,2454.TW,790.0,790.0,773.0,628.6620483398438,9407400.0,3,8.4018606519179,630.1911621269613,562.8877013984294,62.044345242410174,199.68347622599836,40.581050284562316,586.9405212402344,580.5568033854166,0.0,19.59000015258789
33,2023-03-03,2330.TW,524.0,525.0,516.0,487.3603820800781,23253895.0,4,0.14166411225795628,520.8255761296323,474.5796545832584,56.352796701535624,-0.2282094368400223,14.62414648963413,490.5086954752604,483.3462650074678,0.0,18.489999771118164
33,2023-03-03,2454.TW,778.0,789.0,771.0,628.6620483398438,6400777.0,4,9.729568891722693,634.8523059045964,562.3635571325129,62.04434524241018,191.8846868486866,39.29916916907605,590.0500325520833,581.9716635311352,0.0,18.489999771118164
34,2023-03-06,2330.TW,520.0,524.0,517.0,492.0828552246094,21922085.0,0,0.23158135528808543,519.2986000130978,474.31208724276155,57.72215474276028,0.39330374663260537,14.624146489634132,491.7680257161458,483.5958818708147,0.0,18.610000610351562
34,2023-03-06,2454.TW,785.0,795.0,777.0,635.9625854492188,7426468.0,0,11.202167839799017,639.9406129058727,560.2765990081898,63.11349226357221,201.84608018419772,40.969647528861664,592.9973063151042,583.5142613002232,0.0,18.610000610351562
35,2023-03-07,2330.TW,521.0,526.0,519.0,494.9163818359375,24861078.0,1,0.5123320763563015,517.299546228604,474.61104642276325,58.52972180877295,6.238465099833789,15.976456411720719,492.9643900553385,483.91034020317926,0.0,19.59000015258789
35,2023-03-07,2454.TW,789.0,790.0,783.0,639.2073364257812,5137242.0,1,12.469089477927923,644.9862752903712,558.2322916041601,63.58510960468195,187.25870675386793,40.96964752886165,595.5389912923177,585.061291164822,0.0,19.59000015258789
36,2023-03-08,2330.TW,521.0,523.0,518.0,492.0828552246094,24512408.0,2,0.5120692443655344,517.1282142898764,474.31012799527986,57.395579744506264,-14.322497522279662,15.034001322900096,494.1135264078776,484.13121898754224,0.0,19.110000610351562
36,2023-03-08,2454.TW,782.0,784.0,765.0,622.9837646484375,8327224.0,2,12.091461168359046,647.2976480368054,558.9222738381945,59.640944404686934,124.3734493747945,29.525843403246814,597.1883809407552,586.0862228805954,0.0,19.110000610351562
37,2023-03-09,2330.TW,525.0,526.0,522.0,493.0273132324219,21557577.0,3,0.5776043606919075,517.1013748332277,474.24251554763174,57.678349016728646,-6.159372152896867,17.124085014260054,495.23117980957034,484.36532673082854,0.0,22.610000610351562
37,2023-03-09,2454.TW,769.0,775.0,767.0,622.1726684570312,5235081.0,3,11.595467487443898,648.8924121588581,561.38339960872,59.450221744369024,104.13675582510572,29.525843403246803,598.5944213867188,587.0358661852384,0.0,22.610000610351562
38,2023-03-10,2330.TW,515.0,516.0,511.0,484.5269470214844,24045605.0,4,-0.02483312556648798,515.2567493234739,473.5370067800418,54.32153101350208,-78.65749110713094,7.128289396210157,495.6404642740885,484.36947084084534,0.0,24.799999237060547
38,2023-03-10,2454.TW,759.0,761.0,753.0,613.2496337890625,5780275.0,4,10.394840125609221,649.5194608236527,561.7297579263472,57.36260800002717,54.66501441635617,21.32785383193185,600.270849609375,587.708014072516,0.0,24.799999237060547
39,2023-03-13,2330.TW,513.0,518.0,509.0,487.3603820800781,21466947.0,0,-0.2796329354972613,512.9791837585666,473.5477815734647,55.22019240130206,-76.09247665633916,7.128289396210144,495.9867808024089,484.44424362182616,0.0,26.520000457763672
39,2023-03-13,2454.TW,756.0,764.0,743.0,619.7390747070312,4934528.0,0,9.8315108033471,650.5764474585818,561.8895315453245,58.460047588444574,49.31871880364187,15.907141636218448,601.8932027180989,588.5087905883789,0.0,26.520000457763672
40,2023-03-14,2330.TW,511.0,514.0,510.0,481.6933898925781,20474770.0,1,-0.9101860484562394,509.1658989273408,474.0553321517608,53.06037294739716,-102.30111354509607,7.128289396210138,496.20716349283856,484.3771496284299,0.0,23.729999542236328
40,2023-03-14,2454.TW,749.0,768.0,749.0,617.3055419921875,4970598.0,1,9.09125131149733,651.6000586675544,562.5693932367425,57.88210134849662,53.487014363020734,17.43359126488754,603.7318684895833,589.2111503787157,0.0,23.729999542236328
41,2023-03-15,2330.TW,515.0,516.0,510.0,482.63787841796875,23208597.0,2,-1.3207903698591963,505.6133710137712,474.77436702333813,53.374791129535915,-90.57139571725027,8.696717547048912,495.19969889322914,484.33573840913317,0.0,26.139999389648438
41,2023-03-15,2454.TW,766.0,773.0,757.0,614.8720092773438,5204405.0,2,8.220427484773609,652.3090718721057,564.0505594755505,57.29612940895353,62.04366672866287,19.327172373696886,604.2456095377604,589.8221232096354,0.0,26.139999389648438
42,2023-03-16,2330.TW,505.0,510.0,504.0,479.5514831542969,21965994.0,3,-1.8650276780323338,499.4614932805484,477.4063198298032,52.19295298890596,-119.69788108270895,3.2834862505158093,494.75050455729166,484.2244766590207,0.0,22.989999771118164
42,2023-03-16,2454.TW,751.0,765.0,748.0,613.2496337890625,5857200.0,3,7.319369160081578,652.8014562844456,565.5049890280544,56.89887052373071,35.46522482716341,14.44003808588055,605.2730977376302,590.3669490370639,0.0,22.989999771118164
43,2023-03-17,2330.TW,516.0,518.0,513.0,491.8963623046875,33118483.0,4,-1.3158212844422792,498.8353769763264,477.63598532836113,56.2053290990427,-44.488411565386336,9.500051282752187,494.4609385172526,484.3988376964222,0.0,25.510000228881836
43,2023-03-17,2454.TW,770.0,777.0,766.0,627.0397338867188,6673769.0,4,7.595660806269393,653.0936081547612,570.3232558589106,59.37557861308031,84.28725597455387,19.014940375114,606.5980204264323,591.2004214200107,0.0,25.510000228881836
44,2023-03-20,2330.TW,517.0,518.0,510.0,486.19866943359375,11837312.0,0,-1.3120472080670993,497.0212685552067,478.2005209955746,54.03982456635082,-62.90711055057808,6.836123221922798,493.66661783854164,484.4388339572483,0.0,24.149999618530273
44,2023-03-20,2454.TW,773.0,780.0,768.0,624.6061401367188,5239975.0,0,7.536527300589114,652.3938696018557,575.8089319118161,58.759174150331006,80.89039812322945,20.119565517935815,607.219921875,591.9427707248263,0.0,24.149999618530273
45,2023-03-21,2330.TW,515.0,517.0,512.0,490.94677734375,18284799.0,1,-0.925478106527521,497.19852033121975,478.1930079890928,55.51729102997429,-44.85572033403563,6.8361232219228185,492.9675994873047,484.5803109873896,0.0,21.3799991607666
45,2023-03-21,2454.TW,776.0,779.0,763.0,625.4173583984375,5224780.0,1,7.466930085108061,652.3346319754133,579.7618218820086,58.906285511166736,69.56827470341699,17.35961869681723,607.7607076009115,592.6704791525136,0.0,21.3799991607666
46,2023-03-22,2330.TW,524.0,533.0,524.0,506.1404724121094,42385987.0,2,0.5697232587670555,501.17715510960863,475.9979303396101,59.79563095242773,74.42703278123862,18.19495113417313,493.278769938151,485.0390378262134,0.0,22.260000228881836
46,2023-03-22,2454.TW,777.0,785.0,776.0,633.5291748046875,5008621.0,2,7.957985270619247,652.9932924036921,583.5646482701361,60.36866865408709,93.93771168124447,19.651382587997865,609.1126729329427,593.5398131025598,0.0,22.260000228881836
47,2023-03-23,2330.TW,528.0,539.0,528.0,510.8885498046875,26728246.0,3,2.1042208785140133,505.79692617531475,473.73097604636496,61.00800642008798,105.78396134148119,21.88940654755516,493.84266052246096,485.57756932576496,0.0,22.610000610351562
47,2023-03-23,2454.TW,780.0,794.0,778.0,643.26318359375,4688952.0,3,9.01013569951624,654.3951623032856,587.6787756849956,62.045339312722426,110.36831291291553,22.96630088582846,611.1676534016927,594.5757166544596,0.0,22.610000610351562
48,2023-03-24,2330.TW,536.0,539.0,535.0,511.838134765625,21926240.0,4,3.356093007922084,509.38951332688674,473.43621604323044,61.24976258195656,125.99020475927446,21.889406547555158,493.902988688151,486.1134992327009,0.0,21.739999771118164
48,2023-03-24,2454.TW,790.0,794.0,785.0,640.8297119140625,4299481.0,4,9.541153649381158,651.9251268276267,596.394880496592,61.37383289439079,108.17399666131041,22.966300885828474,612.4114583333334,595.5196757413903,0.0,21.739999771118164
49,2023-03-27,2330.TW,533.0,536.0,531.0,504.2412414550781,16111177.0,0,3.7041749710460294,510.9894164068325,473.33549814394877,58.26025310088843,91.53249377549137,18.084716629644074,493.7100870768229,486.47605407714843,0.0,20.600000381469727
49,2023-03-27,2454.TW,789.0,790.0,779.0,632.7179565429688,3000386.0,0,9.213680360184185,651.942861915488,599.2162689438869,59.165711718346984,83.09433793661121,19.45039480898278,613.2496744791666,596.2636413574219,0.0,20.600000381469727
50,2023-03-28,2330.TW,525.0,530.0,524.0,498.5435791015625,17234120.0,1,3.4882795459936347,511.43110806330264,474.484376555838,56.13451649906687,50.22803650820309,11.768816380294782,493.1698486328125,486.71267221488205,0.0,19.969999313354492
50,2023-03-28,2454.TW,775.0,780.0,766.0,621.3615112304688,3940649.0,1,7.962545449418371,646.4057448562766,608.2414536300515,56.23548690546909,42.775705606722504,12.25628316084428,613.9526977539062,596.7557564529718,0.0,19.969999313354492
51,2023-03-29,2330.TW,533.0,533.0,525.0,503.2915954589844,17280749.0,2,3.6516491945847065,512.5139869576209,474.427925884176,57.47218621572833,83.61435298618288,13.812585784535154,492.91380818684894,487.03149766188403,0.0,19.1200008392334
51,2023-03-29,2454.TW,774.0,775.0,765.0,627.0397338867188,2913723.0,2,7.336868311055014,644.447016507075,608.7400684538625,57.328589949551755,39.56549356715776,11.72085189566912,615.0883483886719,597.33814063439,0.0,19.1200008392334
52,2023-03-30,2330.TW,536.0,537.0,531.0,508.03973388671875,19201564.0,3,4.1107117765245675,514.4058990671303,474.32059934595554,58.77278805198528,139.57189296283175,16.481022754026306,492.6901082356771,487.42787947744694,0.0,19.020000457763672
52,2023-03-30,2454.TW,780.0,783.0,775.0,631.0956420898438,2970689.0,3,7.081428845457026,644.6609890393792,608.7694552965582,58.10186264363182,61.354942138675014,15.073214583478894,616.3321533203125,597.9750746241156,0.0,19.020000457763672
53,2023-03-31,2330.TW,538.0,538.0,532.0,506.1404724121094,23558838.0,4,4.274036056697128,515.7196888041358,474.8848186421532,58.03832355353985,129.97785923405021,17.144457068587297,493.0327616373698,487.774408976237,0.0,18.700000762939453
53,2023-03-31,2454.TW,778.0,789.0,778.0,638.3961791992188,4356288.0,4,7.374359109238526,645.8829467475906,608.5209106742844,59.469489763340654,77.62645708740398,17.5038023992363,618.4141743977865,598.7236135977286,0.0,18.700000762939453
54,2023-04-06,2330.TW,530.0,531.0,526.0,503.2915954589844,25423363.0,3,4.128959398728227,516.5219495202037,475.2034319495228,56.934294136034424,79.19461997778546,11.640089270141669,493.1860015869141,488.0565396395597,0.0,18.399999618530273
54,2023-04-06,2454.TW,774.0,777.0,751.0,610.816162109375,8692104.0,3,5.349127587251928,645.507107524119,606.3821075637716,52.741457160014185,-11.870722706664226,3.6892691879525845,619.5498209635417,598.9434781161222,0.0,18.399999618530273
55,2023-04-07,2330.TW,535.0,535.0,529.0,504.2412414550781,8557482.0,4,4.042978498750472,517.316552049152,475.3413153824885,57.214946800109615,94.26228457997476,14.413554275869418,493.68572998046875,488.34555217197965,0.0,18.399999618530273
55,2023-04-07,2454.TW,749.0,752.0,743.0,607.5714721679688,4322843.0,4,3.4460192666916782,644.5170350293383,604.208593632771,52.02513397085885,-71.16234857949235,0.08271187094453863,620.252842203776,599.0975494384766,0.0,18.399999618530273
56,2023-04-10,2330.TW,533.0,533.0,528.0,502.34197998046875,7435151.0,0,3.7797095828354372,517.8939339673432,475.7898459398835,56.45378507977937,73.98626840894536,13.492263032123775,494.15363260904945,488.59110353704085,0.0,18.969999313354492
56,2023-04-10,2454.TW,748.0,750.0,739.0,601.8931884765625,5720960.0,0,1.4681584340496556,645.8338573985474,600.7827136463744,50.77663568827416,-95.48679367506581,1.686042254006952,620.6854715983073,599.1465957373904,0.0,18.969999313354492
57,2023-04-11,2330.TW,522.0,527.0,522.0,497.5940246582031,22675697.0,1,3.1556285088723257,518.0469926978375,476.09345835196723,54.576132164569614,24.143066439512555,8.08995540188521,494.4947540283203,488.7463263149919,0.0,19.100000381469727
57,2023-04-11,2454.TW,743.0,759.0,743.0,613.2496337890625,4506545.0,1,0.7982683642021584,645.8315066046766,599.8927609734483,53.104994547824866,-65.23396248524251,2.3315732217732354,621.5236857096354,599.3897515658674,0.0,19.100000381469727
58,2023-04-12,2330.TW,523.0,524.0,517.0,493.7956237792969,23816473.0,2,2.330724032210867,517.7389811079317,477.3283376176542,53.11412430645637,-14.448174291348618,3.829313364850235,494.99261271158855,488.83190762794624,0.0,19.09000015258789
58,2023-04-12,2454.TW,756.0,760.0,752.0,614.8720092773438,3537841.0,2,0.3925274362507025,645.7807689930122,600.1057361339409,53.4305403066808,-58.82397549535997,2.7731173690636366,622.7404520670573,599.6521627135196,0.0,19.09000015258789
59,2023-04-13,2330.TW,515.0,517.0,510.0,484.2995300292969,25536889.0,3,0.9073446681999826,517.9534120066984,476.80782151380953,49.67274482712565,-83.74616321017332,1.7779383008370369,494.82761739095054,488.75636800130206,0.0,17.799999237060547
59,2023-04-13,2454.TW,759.0,760.0,749.0,608.3826904296875,5072055.0,3,-0.44271482758097136,646.0960332572743,598.6548334419444,51.938615904918436,-84.01191233260083,1.3511386915711738,622.8756510416666,599.7976715087891,0.0,17.799999237060547
60,2023-04-14,2330.TW,516.0,520.0,513.0,489.9971618652344,18072504.0,4,0.2325920603533973,517.3453011560612,478.2463095617123,51.61844108276888,-49.447533220779405,0.6019383788312501,495.0729268391927,489.7920369466146,0.0,17.06999969482422
60,2023-04-14,2454.TW,754.0,758.0,746.0,606.76025390625,4358117.0,4,-1.2203010398222887,646.4940288967128,597.2023089939122,51.56621190406623,-106.7537520371167,0.07905008353728313,623.5516316731771,601.2037119547526,0.0,17.06999969482422
61,2023-04-17,2330.TW,519.0,520.0,514.0,493.7956237792969,14634287.0,0,0.001971610374255306,516.6804471424227,480.0269381114836,52.874935056761544,-36.31629788933502,0.6019383788312599,495.0985371907552,490.94610697428385,0.0,16.950000762939453
61,2023-04-17,2454.TW,705.0,710.0,694.0,575.1243286132812,14011693.0,0,-4.319336391092747,652.1120811122075,587.6094887120112,45.05052894454438,-306.79082405230014,20.256466396647237,621.334413655599,602.1906422932942,0.0,16.950000762939453
62,2023-04-18,2330.TW,518.0,520.0,514.0,489.0475769042969,15168888.0,1,-0.5547200830667975,515.5236216676303,482.13337296127594,51.156964189365475,-50.43039747243862,0.6019383788312562,495.0603271484375,491.8793690999349,0.0,16.829999923706055
62,2023-04-18,2454.TW,702.0,703.0,685.0,558.089599609375,13970100.0,1,-8.046822329534507,659.5553190576618,574.6502473485882,42.08820171864583,-300.7001896368406,23.03901055870593,618.9819986979167,602.9612599690755,0.0,16.829999923706055
63,2023-04-19,2330.TW,517.0,518.0,509.0,484.2995300292969,21123233.0,2,-1.36071159677914,516.124716783085,480.7725946182822,49.49341137346045,-82.43869599336973,3.558905812818197,494.9582987467448,492.7334971110026,0.0,16.459999084472656
63,2023-04-19,2454.TW,682.0,685.0,675.0,547.5443725585938,10748670.0,2,-11.710681876491208,665.4110272336435,560.845003039794,40.3875153358147,-296.6041820075001,26.006708423148673,616.278076171875,603.1640543619792,0.0,16.459999084472656
64,2023-04-20,2330.TW,512.0,516.0,510.0,487.14837646484375,17221961.0,3,-1.7507707555666343,516.0382344470286,480.95404765746366,50.492671639218834,-72.95887171124242,3.5589058128181987,494.7938161214193,493.28092091878256,0.0,17.170000076293945
64,2023-04-20,2454.TW,661.0,684.0,661.0,545.9220581054688,9881462.0,3,-14.575997086394636,669.1227558033164,549.2648662669961,40.12945014281438,-267.63352854912364,29.920445669790052,613.2767252604167,603.1370157877604,0.0,17.170000076293945
65,2023-04-21,2330.TW,520.0,520.0,510.0,485.2491149902344,25016683.0,4,-2.1870097558760335,516.44114422609,479.9813716430506,49.8129797611126,-62.84662291625356,0.017406245474098213,494.47157389322916,493.7179819742839,0.0,16.770000457763672
65,2023-04-21,2454.TW,676.0,679.0,665.0,539.4326171875,5084036.0,4,-17.169143033130922,671.8482490701805,537.9408988790382,39.09572038461141,-228.74226164576422,29.92044566979005,609.9509012858073,602.7449462890625,0.0,16.770000457763672
66,2023-04-24,2330.TW,505.0,510.0,504.0,481.45068359375,16886512.0,0,-2.8052088222460725,516.2593033175577,477.694233669747,48.46327350607771,-110.00495917039521,5.055696337999166,494.11716817220054,494.11534729003904,0.0,16.889999389648438
66,2023-04-24,2454.TW,663.0,681.0,663.0,548.3555297851562,4674121.0,0,-18.296845583108052,670.6844013132159,530.5873821340497,41.248432144429145,-184.74357528609244,29.92044566979005,607.4632934570312,602.3258371988933,0.0,16.889999389648438
67,2023-04-25,2330.TW,504.0,505.0,498.0,472.90423583984375,36898412.0,1,-3.9359137229354815,516.0031627537988,474.1519428370214,45.58816983991096,-148.01619988846656,9.75985346121524,493.44639892578124,494.33878936767576,0.0,18.760000228881836
67,2023-04-25,2454.TW,678.0,678.0,650.0,527.2649536132812,8340199.0,1,-20.645732746106205,669.1053323137406,520.566628135478,37.96709744053267,-181.9674014422173,33.53438954108341,604.2997029622396,601.4470621744791,0.0,18.760000228881836
68,2023-04-26,2330.TW,498.0,498.5,491.0,466.73175048828125,31269245.0,2,-5.266982921078522,515.767356113111,469.8771110499749,43.653283914588485,-182.23056072124413,14.851518875676126,492.8532257080078,494.2468449910482,0.0,18.84000015258789
68,2023-04-26,2454.TW,641.0,652.0,638.0,526.4536743164062,7111965.0,2,-22.31488183132376,666.0413674655904,512.1929892238627,37.84729019540883,-177.7410018110738,36.653794976331675,601.406504313151,600.838676961263,0.0,18.84000015258789
69,2023-04-27,2330.TW,491.0,495.0,489.0,468.6309814453125,29537148.0,3,-6.098858311829076,515.7172656287364,466.3661755333729,44.40436166771226,-174.73063008129984,16.248238477478267,492.2289123535156,494.1078465779622,0.0,17.030000686645508
69,2023-04-27,2454.TW,654.0,667.0,653.0,536.9990844726562,4627385.0,3,-22.530416768090163,661.7426229519381,506.9198465304837,40.37719638969183,-132.16090803732627,28.83496379599052,598.6485046386719,600.2708536783854,0.0,17.030000686645508
70,2023-04-28,2330.TW,498.5,502.0,498.0,476.7026672363281,24824100.0,4,-6.039670587390958,515.1548176717218,464.74453230386405,47.48211118241235,-115.1080276203555,9.73115088575374,492.06255493164065,494.1348592122396,0.0,15.779999732971191
70,2023-04-28,2454.TW,668.0,674.0,663.0,539.4326171875,6381645.0,4,-22.248990671377328,658.0652558163766,502.40432426174846,40.95098768792141,-107.88940263771909,25.3719784292239,596.0527404785156,599.8923044840495,0.0,15.779999732971191
71,2023-05-02,2330.TW,500.0,502.0,496.5,475.75311279296875,15325791.0,1,-5.999903986593836,513.7177552513954,463.42774645758897,47.1643613079256,-114.23510456611281,10.839196469149087,491.83306274414065,493.5163808186849,0.0,17.780000686645508
71,2023-05-02,2454.TW,654.0,673.0,654.0,544.2996215820312,6341076.0,1,-21.38797615011117,652.2304234152389,499.96514543241733,42.10375009287957,-100.20028854748458,27.947892269625076,593.7003275553385,598.9729685465495,0.0,17.780000686645508
72,2023-05-03,2330.TW,496.0,498.0,495.0,471.00506591796875,11369311.0,2,-6.277820490025135,511.2775910776052,462.1644438345042,45.58635540500369,-130.16265386850634,11.957183856006985,491.5481821695964,493.149343363444,0.0,18.34000015258789
72,2023-05-03,2454.TW,674.0,680.0,668.0,551.6002197265625,6487920.0,2,-19.88913366729264,644.3671012275984,499.87892538372967,43.806052336141434,-78.20238747929109,24.490532949112076,591.6453470865886,598.4592224121094,0.0,18.34000015258789
73,2023-05-04,2330.TW,497.0,499.5,496.0,472.90423583984375,13140291.0,3,-6.272946711113605,508.55803455911786,461.560376695765,46.32938028834132,-111.50479135424658,10.52354099154378,490.9151112874349,492.6880249023437,0.0,20.09000015258789
73,2023-05-04,2454.TW,674.0,674.0,666.0,541.8662109375,5568985.0,3,-19.26218075466261,633.5475192095797,501.0455105755765,42.09874414147767,-80.52513347467848,25.088824959918654,588.806229654948,597.7021250406901,0.0,20.09000015258789
74,2023-05-05,2330.TW,500.0,502.0,498.5,474.8034973144531,7488897.0,4,-6.046538685233429,505.90163701263117,461.36796442779854,47.07700584955123,-92.1745628137629,8.136104979218285,490.5352722167969,492.1009450276693,0.0,17.190000534057617
74,2023-05-05,2454.TW,675.0,678.0,672.0,547.5443725585938,3164748.0,4,-18.09973433640323,627.6188549577978,500.6469958722803,43.42922672876692,-67.48474419803262,23.07128664093386,586.2375040690105,596.7287129720052,0.0,17.190000534057617
75,2023-05-08,2330.TW,509.0,509.0,502.0,478.6018371582031,11243634.0,0,-5.4980337100334395,502.4732226882716,462.2324383224706,48.55947359408672,-61.56472002918277,1.7685621233852498,490.123774210612,491.5456868489583,0.0,16.979999542236328
75,2023-05-08,2454.TW,681.0,684.0,674.0,547.5443725585938,2957572.0,0,-16.98266411906502,621.5734704091524,500.68967045998835,43.42922672876693,-59.247876319069796,20.066324457526164,583.6417378743489,595.7012227376302,0.0,16.979999542236328
76,2023-05-09,2330.TW,507.0,510.0,505.0,484.2995300292969,16197743.0,1,-4.5522371585314545,499.2855668661318,463.6158491494933,50.70234249598104,-40.3930277254573,0.8905974033800317,489.39574279785154,491.3372563680013,0.0,17.709999084472656
76,2023-05-09,2454.TW,681.0,681.0,674.0,549.1666870117188,2163899.0,1,-15.78478881650642,615.9783417813103,501.0121489413459,43.82390801584876,-56.07824857089885,20.066324457526154,580.8296549479167,594.9711639404297,0.0,17.709999084472656
77,2023-05-10,2330.TW,508.0,508.0,500.0,477.6523132324219,18859212.0,2,-4.288399021403393,496.64216902140885,464.2650758516381,48.27529008351025,-61.779753519614694,5.124219124466496,488.2878682454427,491.06526438395184,0.0,16.940000534057617
77,2023-05-10,2454.TW,677.0,677.0,666.0,541.8662109375,3766277.0,2,-15.247397471748286,606.6727392168286,503.1794092206715,42.44535340237918,-62.11459199788424,22.757391106824297,577.449755859375,594.3087046305338,0.0,16.940000534057617
78,2023-05-11,2330.TW,506.0,506.0,498.5,473.8538513183594,13382927.0,3,-4.335173537099422,494.60834250912075,464.30472511783233,46.94682975262749,-71.72990628466255,6.365521255736005,487.0217254638672,490.46235707600914,0.0,16.93000030517578
78,2023-05-11,2454.TW,666.0,674.0,664.0,541.8662109375,3130043.0,3,-14.652556941240277,594.876146267481,507.67542233603456,42.44535340237918,-61.38359343813814,23.424120999217475,574.1509724934896,593.2812154134115,0.0,16.93000030517578
79,2023-05-12,2330.TW,496.0,500.0,495.0,471.00506591796875,18465362.0,4,-4.549206019314283,494.2131066521651,463.37051456365526,45.96546474256825,-90.8262997739656,9.232039799348579,485.9138529459635,489.8119700113932,0.0,17.030000686645508
79,2023-05-12,2454.TW,673.0,676.0,661.0,545.9220581054688,5100737.0,4,-13.696585593758641,582.4950146776525,513.8104906934411,43.501983523429146,-56.77973420159504,24.43621583257732,571.2577758789063,592.2537251790365,0.0,17.030000686645508
80,2023-05-15,2330.TW,497.0,499.5,494.5,470.5301513671875,13315766.0,0,-4.702849027915761,492.71017206422573,462.92674810178994,45.80035521178736,-87.47402764323148,9.640844928876334,484.9800720214844,489.07496032714846,0.0,17.1200008392334
80,2023-05-15,2454.TW,676.0,682.0,673.0,551.6002197265625,3589435.0,0,-12.339357577444844,566.0524698862351,524.7370320668898,44.965268364498975,-40.27659472227131,21.124044204816173,568.9323994954427,591.4425486246745,0.0,17.1200008392334
81,2023-05-16,2330.TW,503.0,508.0,500.0,479.5514831542969,21140315.0,1,-4.051177732904705,490.01046280390506,464.2020432996105,49.373855169891975,-37.404378402527676,1.5940280414933334,484.18873494466146,488.5512715657552,0.0,17.989999771118164
81,2023-05-16,2454.TW,688.0,688.0,680.0,551.6002197265625,3763602.0,1,-11.13536803502302,559.8053975226994,528.6316935417537,44.965268364498975,-29.33899194786034,17.87823550247028,566.4177490234375,590.7530487060546,0.0,17.989999771118164
82,2023-05-17,2330.TW,508.0,521.0,506.0,492.84600830078125,41406763.0,2,-2.4355659266569774,491.0257950418303,463.5665542013338,53.99769097010064,36.76284967002373,8.97554655682061,483.6822774251302,488.1861928304036,0.0,16.8700008392334
82,2023-05-17,2454.TW,680.0,689.0,677.0,555.6561279296875,7787494.0,2,-9.742117235052547,559.260043028809,528.9337008676754,46.03369628002626,-24.481493989545196,19.000940853906318,563.9030985514323,590.1176259358724,0.0,16.8700008392334
83,2023-05-18,2330.TW,533.0,536.0,526.0,503.2915954589844,43096277.0,3,-0.30997443754750975,496.0403172996081,460.45123848652474,57.17669454866742,141.40514695490796,19.03053883154232,483.587314860026,488.31003824869794,0.0,16.049999237060547
83,2023-05-18,2454.TW,690.0,694.0,685.0,558.90087890625,4371571.0,3,-8.281046394042392,561.1632024388773,528.1661920923727,46.88704269531952,-7.271872758783527,16.26055375582143,561.2532552083334,589.8337148030599,0.0,16.049999237060547
84,2023-05-19,2330.TW,535.0,535.0,529.0,505.1910095214844,32099068.0,4,1.5101961971402602,500.34661442729276,457.94920466450407,57.72622587782096,148.00000148287,19.03053883154232,483.6506286621094,488.4183151245117,0.0,16.809999465942383
84,2023-05-19,2454.TW,691.0,698.0,690.0,566.201416015625,4968629.0,4,-6.460362679352215,564.7885406841173,526.5687896381484,48.77244076155405,12.675528263136314,14.086309680747902,559.7660970052083,589.657958984375,0.0,16.809999465942383
85,2023-05-22,2330.TW,532.0,533.0,529.0,504.2412414550781,17208135.0,0,2.843347940319916,503.9787779627729,456.2162537755084,57.345569325121446,141.85465189093873,19.03053883154231,483.6506286621094,488.6681793212891,0.0,17.209999084472656
85,2023-05-22,2454.TW,702.0,709.0,701.0,571.879638671875,4440987.0,0,-4.507885344271017,569.446360592718,525.1556718779851,50.1949554802426,45.5861689970531,8.323244666992286,558.5763692220052,589.4146057128906,0.0,17.209999084472656
86,2023-05-23,2330.TW,530.0,531.0,525.0,503.2915954589844,19588873.0,1,3.7797472299798187,507.2311384204797,455.14798450432505,56.95708336966937,127.10695675467593,15.271438838269418,483.6822825113932,488.91795756022134,0.0,18.530000686645508
86,2023-05-23,2454.TW,710.0,722.0,708.0,580.8026733398438,5240558.0,1,-2.2158166612682635,575.6700819682175,522.1766648579545,52.34612551685752,81.71322145828853,2.022527444470605,557.8733520507812,589.2794118245442,0.0,18.530000686645508
87,2023-05-24,2330.TW,527.0,528.0,524.0,498.5435791015625,19086681.0,2,4.091945336857805,509.3079698010529,455.63508744992373,55.028935711530345,106.47722935769735,14.337587450715066,483.71393432617185,489.1043441772461,0.0,20.030000686645508
87,2023-05-24,2454.TW,713.0,713.0,701.0,576.7467651367188,5640355.0,2,-0.7180097145790114,578.853522598693,523.9414053798228,51.30416132671407,71.09047961142079,5.097381234269408,556.6565897623698,589.0901377360026,0.0,20.030000686645508
88,2023-05-25,2330.TW,542.0,545.0,537.0,515.6365356445312,63827245.0,3,5.652100669028698,514.4874411408982,455.3460946257033,60.06379748492615,193.34564496767098,25.020093060321834,484.4419647216797,489.71728871663413,0.0,19.139999389648438
88,2023-05-25,2454.TW,708.0,718.0,706.0,574.313232421875,4666860.0,3,0.269717556212413,580.4229503944584,527.157933394604,50.67803730387054,94.30008949763112,2.7154499325748422,555.3046305338542,589.0225413004557,0.0,19.139999389648438
89,2023-05-26,2330.TW,568.0,568.0,563.0,537.4775390625,95808471.0,4,8.550722951983289,525.1055465274584,451.6126450008619,65.21207104745872,281.4306706924303,36.16210364838699,486.2145650227865,490.5210912068685,0.0,17.950000762939453
89,2023-05-26,2454.TW,708.0,737.0,708.0,592.1590576171875,10749900.0,4,2.462795315491121,587.0087677237997,526.088113379716,54.857461511160274,159.0008072460186,5.687174391697371,554.7638427734375,588.819746907552,0.0,17.950000762939453
90,2023-05-29,2330.TW,574.0,574.0,564.0,539.3767700195312,54657853.0,0,10.875618462002535,534.2515153982785,448.73408640836215,65.61086135873224,248.2490896610438,38.623423210615414,487.860551961263,491.4667394002279,0.0,17.950000762939453
90,2023-05-29,2454.TW,755.0,758.0,738.0,598.6485595703125,10036727.0,0,4.670173853061556,594.1847014506161,524.8337738911807,56.25200557450435,243.26056515855842,13.754075051843067,554.4934529622395,589.0225423177084,0.0,17.950000762939453
91,2023-05-30,2330.TW,566.0,568.0,563.0,537.4775390625,40136130.0,1,12.421757581321685,541.2826218342578,447.87542259933593,64.84191662966889,199.81432259125657,37.70800273539635,489.3166158040365,492.20757649739585,0.0,17.459999084472656
91,2023-05-30,2454.TW,759.0,773.0,757.0,618.9279174804688,16298604.0,1,7.96281788352951,606.1165319710892,520.3647729605514,60.22420648100072,268.9030516092846,18.880964488950134,555.9535725911459,588.6439931233724,0.0,17.459999084472656
92,2023-05-31,2330.TW,560.0,562.0,551.0,529.8804931640625,81176782.0,2,12.885939960072733,545.3777744464649,449.66781271173835,61.842764426908694,144.291643373497,27.2745050841338,490.67771301269534,492.86902008056643,0.0,17.940000534057617
92,2023-05-31,2454.TW,757.0,767.0,748.0,615.6832275390625,12027736.0,2,10.19309695387085,614.8760071675301,518.0135985453605,59.33252823423298,208.0800640660624,14.650708793405007,557.873360188802,588.4276794433594,0.0,17.940000534057617
93,2023-06-01,2330.TW,550.0,554.0,550.0,523.2332763671875,24477529.0,3,12.572841115595622,547.7362632649448,452.3422279459927,59.35769766825515,112.26878262573973,26.448606348916094,491.9755045572917,493.46690165201824,0.0,15.649999618530273
93,2023-06-01,2454.TW,755.0,761.0,748.0,606.76025390625,6202943.0,3,11.112950777590413,619.8517238329679,519.5272861767977,56.93440479340385,165.91177900030152,14.65070879340502,559.8472229003906,588.0626495361328,0.0,15.649999618530273
94,2023-06-02,2330.TW,559.0,564.0,557.0,533.6790771484375,30206141.0,4,13.01700933461251,551.3843179118419,454.58173128249405,61.84982836078095,127.94855221078075,31.07542759763506,493.5265279134115,494.1601720174154,0.0,14.600000381469727
94,2023-06-02,2454.TW,754.0,762.0,750.0,609.1937866210938,6399171.0,4,11.900979576137274,624.748342405476,520.7956090105397,57.41995664552485,150.13155960380428,15.010312810028653,561.9562805175781,587.6165028889974,0.0,14.600000381469727
95,2023-06-05,2330.TW,560.0,560.0,555.0,527.0317993164062,16827391.0,0,12.686683358529024,553.5148845977596,457.29416081239657,59.450055565859216,104.2685210242535,29.391395118506537,494.9192840576172,494.69542897542317,0.0,14.729999542236328
95,2023-06-05,2454.TW,757.0,767.0,757.0,615.6832275390625,5242068.0,0,12.900118885186316,630.089421674908,522.2684152391546,58.704363676581586,147.07530365229758,16.822992904565485,564.4979675292968,587.224434407552,0.0,14.729999542236328
96,2023-06-06,2330.TW,554.0,562.0,553.0,531.7799072265625,20228086.0,1,12.661857647363263,556.188857470225,459.36822565965787,60.58023060812695,100.1011060007227,29.391395118506537,496.5969248453776,495.35704650878904,0.0,13.960000038146973
96,2023-06-06,2454.TW,760.0,764.0,752.0,614.0609130859375,4171308.0,1,13.406545721946372,634.2917933555052,524.5554661659792,58.24995856604417,125.09294799638391,14.30108885342593,566.6881469726562,587.0757202148437,0.0,13.960000038146973
97,2023-06-07,2330.TW,561.0,568.0,560.0,539.3767700195312,27604813.0,2,13.103820295055641,559.0579430838277,462.6715857247661,62.31851341997214,110.61989756850217,32.18844772392101,498.81267598470055,496.1295374552409,0.0,13.9399995803833
97,2023-06-07,2454.TW,759.0,769.0,756.0,622.9837646484375,5292636.0,2,14.361966835000999,638.6498099153574,528.3092049772207,60.01113858181463,125.93230951625824,16.17309352082512,569.8787740071615,587.0892384847006,0.0,13.9399995803833
98,2023-06-08,2330.TW,562.0,568.0,555.0,530.830322265625,23080195.0,3,12.619285873309195,559.3638987007164,468.06327720260396,59.27648401103186,91.46632709009319,27.823337957696225,500.9492950439453,496.90126037597656,0.0,13.649999618530273
98,2023-06-08,2454.TW,770.0,775.0,763.0,622.9837646484375,7246478.0,3,14.946830408092069,641.743148838315,533.3276214253568,60.01113858181461,124.33897339460638,18.386187179214417,573.0964436848958,587.2514739990235,0.0,13.649999618530273
99,2023-06-09,2330.TW,561.0,566.0,561.0,536.52783203125,19091713.0,4,12.550157886760417,558.993678137117,474.9857743775316,60.60276268064815,94.04894089461988,27.823337957696225,503.2125233968099,497.72071787516273,0.0,13.829999923706055
99,2023-06-09,2454.TW,768.0,770.0,761.0,619.7390747070312,4570550.0,4,14.975981998636712,643.5224547199151,538.930017203913,59.04191642978985,107.57042381708223,17.318156845030337,575.854443359375,587.2514739990235,0.0,13.829999923706055
100,2023-06-12,2330.TW,574.0,574.0,571.0,545.074462890625,26392389.0,0,13.034483211351585,558.3662781329073,483.0676055340849,62.49805596781313,109.90838070798989,31.685925636133085,505.4915832519531,498.7770690917969,0.0,15.010000228881836
100,2023-06-12,2454.TW,769.0,769.0,763.0,622.1726684570312,3852674.0,0,15.02220107412802,645.2871531338513,544.2225636630236,59.54881474987078,101.02284153723383,17.31815684503033,578.6124450683594,587.3325927734375,0.0,15.010000228881836
101,2023-06-13,2330.TW,593.0,594.0,589.0,563.1168823242188,56174363.0,1,14.704149063506634,561.8503642891271,487.9400592948573,66.06340466228545,146.09001831245257,39.99129711776162,508.40370890299477,500.11838582356773,0.0,14.609999656677246
101,2023-06-13,2454.TW,770.0,782.0,768.0,631.9066772460938,7182494.0,1,15.663430229341543,647.5978358677285,549.9425266810997,61.51937729992834,110.09435112654157,22.20040405417497,581.5326802571615,587.61650390625,0.0,14.609999656677246
102,2023-06-14,2330.TW,590.0,591.0,587.0,560.26806640625,23583314.0,2,15.617528508422879,565.2123531846894,491.3202762098419,65.0531990955771,128.74141790229075,38.25251497504082,511.37914225260414,501.46366221110026,0.0,13.880000114440918
102,2023-06-14,2454.TW,781.0,782.0,776.0,632.7179565429688,5287535.0,2,16.052000928464736,649.2378579097342,556.008687500422,61.680324236707776,106.73584568819405,22.20040405417497,584.2366048177083,587.9409759521484,0.0,13.880000114440918
103,2023-06-15,2330.TW,590.0,593.0,587.0,563.8456420898438,27392154.0,3,16.440451854596063,569.5249184681339,493.0631155894834,65.73390746194288,124.67168788793077,39.03583997073451,514.4105224609375,502.6628168741862,0.0,14.5
103,2023-06-15,2454.TW,777.0,779.0,765.0,621.3615112304688,7917545.0,3,15.267851272004464,648.2118326684771,563.280775974101,58.157877384763864,84.35784223243628,15.998055454746355,586.8864481608073,587.8463389078776,0.0,14.5
104,2023-06-16,2330.TW,590.0,590.0,584.0,561.9376220703125,38128802.0,4,16.74566262000883,572.6274535299208,495.6352417825792,65.03500241394138,110.66288063476225,36.35174470064303,517.3149932861328,503.92513275146484,0.0,13.539999961853027
104,2023-06-16,2454.TW,760.0,765.0,751.0,609.1937866210938,10097247.0,4,13.509124763948194,646.0685086640724,569.7233370390527,54.69576083766427,54.38836260235394,8.731987364969926,588.9414286295573,587.5894663492838,0.0,13.539999961853027
105,2023-06-19,2330.TW,583.0,585.0,582.0,556.2131958007812,14346885.0,0,16.337417107198576,573.7175639624072,499.7423267846632,62.95746776475668,94.43466614194544,34.56023201868456,519.9020385742188,505.01290639241535,0.0,13.539999961853027
105,2023-06-19,2454.TW,769.0,793.0,764.0,636.7738647460938,19694676.0,0,14.176787969042039,647.407611259222,574.8736570513249,60.24500928943435,93.311841618081,19.203182683942487,591.9157450358073,587.7787414550781,0.0,13.539999961853027
106,2023-06-20,2330.TW,579.0,585.0,579.0,556.2131958007812,16221413.0,1,15.83137880355855,573.772590932846,504.9794598484041,62.95746776475668,87.45680835855666,31.871638752920468,522.2991607666015,505.8474517822266,0.0,13.880000114440918
106,2023-06-20,2454.TW,708.0,725.0,691.0,620.61328125,24572675.0,1,13.24947313676762,646.6533164904382,579.6090126111243,56.081141107988884,-13.733628581342462,8.965758861780545,594.2972981770833,587.5634765625,0.0,13.880000114440918
107,2023-06-21,2330.TW,582.0,585.0,578.0,554.3051147460938,21703937.0,2,15.102313076777477,571.2554619731303,513.0727423725729,62.24815307783348,81.6251493059563,30.96927879089226,524.8542541503906,506.57106119791666,0.0,13.199999809265137
107,2023-06-21,2454.TW,689.0,696.0,683.0,622.4095458984375,11451567.0,2,12.515208913113838,644.4179296707962,586.4106775069381,56.42741975914599,-42.55861841072656,11.340937058967468,596.9820760091146,587.2159159342448,0.0,13.199999809265137
108,2023-06-26,2330.TW,576.0,578.0,574.0,547.626708984375,27142262.0,0,13.826359453179634,570.1011725666418,517.4260491130457,59.80836086885761,62.58138277255291,27.363035168798426,527.3133494059244,507.16753743489585,0.0,14.25
108,2023-06-26,2454.TW,688.0,690.0,685.0,615.2244262695312,4552895.0,0,11.224253004459456,639.0922014581403,595.8275251043598,54.644594357557764,-55.64903724995543,11.340937058967475,599.4273498535156,586.7891611735026,0.0,14.25
109,2023-06-27,2330.TW,570.0,575.0,569.0,545.7186889648438,21501718.0,1,12.516935908877599,570.3565404350893,517.9947962348326,59.12347266456993,50.16480924506105,22.984106346461235,529.803803507487,507.8588282267253,0.0,13.739999771118164
109,2023-06-27,2454.TW,680.0,688.0,680.0,611.6318359375,4553912.0,1,9.79837474265537,636.7734295456845,600.0935748488467,53.765930549189555,-68.73404621766221,12.861581319732066,601.61767578125,586.4377258300781,0.0,13.739999771118164
110,2023-06-28,2330.TW,579.0,579.0,571.0,547.626708984375,18175426.0,2,11.500568510666994,570.7105814909112,518.4657490754951,59.60203719622905,55.66092858076507,25.11486063892079,532.3736887613933,508.67688039143883,0.0,13.430000305175781
110,2023-06-28,2454.TW,692.0,697.0,685.0,624.205810546875,4150494.0,2,9.572441102994276,635.6513401604395,603.771389331748,56.309539216098244,-52.69433250229363,9.368626171586877,604.0378621419271,586.4851308186849,0.0,13.430000305175781
111,2023-06-29,2330.TW,578.0,580.0,570.0,546.6726684570312,16937929.0,3,10.49711378165432,570.966273769715,519.1295697361444,59.243270029804165,51.03297768574494,25.11486063892078,534.6110616048177,509.3998982747396,0.0,13.539999961853027
111,2023-06-29,2454.TW,704.0,705.0,695.0,625.10400390625,4275815.0,3,9.35797606825804,636.1345819839318,603.9057561508338,56.48644144066344,-42.044281639171764,6.34224628317336,606.48798828125,586.4528686523438,0.0,13.539999961853027
112,2023-06-30,2330.TW,570.0,576.0,568.0,549.5347290039062,22654976.0,4,9.819581722262456,571.0006396090408,521.060627480803,59.990661618817754,43.152550729908704,23.289719743850316,536.5006856282552,510.0914815266927,0.0,13.59000015258789
112,2023-06-30,2454.TW,692.0,692.0,686.0,617.9188232421875,4338115.0,4,8.510214116672273,636.150422663562,604.113475041516,54.655103472490495,-71.63455740268242,9.264276946799495,608.5634114583333,586.2332550048828,0.0,13.59000015258789
113,2023-07-03,2330.TW,578.0,580.0,576.0,552.39697265625,14785585.0,0,9.40514038284482,570.1530281872507,524.8246085314994,60.73556385819605,61.33500723507449,25.53712078162006,538.1375315348307,510.86242319742837,0.0,13.569999694824219
113,2023-07-03,2454.TW,692.0,698.0,690.0,620.61328125,2906690.0,0,7.963941260623756,635.5547610233255,606.0944394161277,55.21832801674468,-64.6197710155123,6.96280434008555,610.6204915364583,585.9368733723958,0.0,13.569999694824219
114,2023-07-04,2330.TW,585.0,585.0,580.0,558.121337890625,17219541.0,1,9.4298365318258,570.8700960567294,526.5517667362394,62.191916555157235,79.46112242760975,28.255131236936954,539.9018758138021,511.7762522379557,0.0,13.569999694824219
114,2023-07-04,2454.TW,696.0,702.0,691.0,628.696533203125,3753123.0,1,8.089923322997151,635.8546480965128,607.7448270011434,56.88045897857138,-56.53710148994166,5.431261968269839,612.703662109375,586.2348795572917,0.0,13.569999694824219
115,2023-07-05,2330.TW,589.0,589.0,579.0,555.2590942382812,14913592.0,2,9.113421659468258,569.9395688186858,530.3050234664704,61.021203423433676,75.88924564504319,30.35886314493189,541.6024709065755,512.6265497843425,0.0,14.180000305175781
115,2023-07-05,2454.TW,703.0,703.0,696.0,626.0020751953125,3610090.0,2,7.8815163167317905,636.1815140575858,608.4498458056954,56.16165022703312,-55.98553976010458,5.04228520100859,614.507743326823,586.5420562744141,0.0,14.180000305175781
116,2023-07-06,2330.TW,573.0,574.0,565.0,539.0401611328125,28564891.0,3,7.467989642807538,569.1184729808932,531.8521446948881,54.95694034281669,-9.24975948436925,17.84732827088842,542.7940897623698,513.2381861368815,0.0,15.4399995803833
116,2023-07-06,2454.TW,692.0,699.0,688.0,619.715087890625,4200756.0,3,7.126946366355924,635.9775937437676,609.2191835999824,54.499251409212555,-73.46004081805448,7.855713887091027,615.8048238118489,586.8390879313151,0.0,15.4399995803833
117,2023-07-07,2330.TW,565.0,572.0,563.0,539.0401611328125,18796190.0,4,6.093728520773311,569.1444490760867,531.7925077110227,54.95694034281669,-28.414922927008995,16.199172413609258,544.1439758300781,513.928955078125,0.0,14.829999923706055
117,2023-07-07,2454.TW,686.0,686.0,680.0,612.530029296875,4297744.0,4,5.881433221474595,636.1882135343191,607.9631902742748,52.65653449653963,-99.75403641412066,10.595938495502597,616.9975992838541,586.827094523112,0.0,14.829999923706055
118,2023-07-10,2330.TW,567.0,573.0,565.0,539.0401611328125,18454982.0,0,4.947584278681461,568.036694520661,533.7212461531673,54.95694034281669,-30.473595650814904,16.801024508826217,544.9240966796875,514.6830307006836,0.0,15.069999694824219
118,2023-07-10,2454.TW,680.0,686.0,673.0,604.4468383789062,5647752.0,0,4.193829254097295,637.2981299488649,604.9995812327757,50.66295136541258,-111.17126548843885,12.939467755235388,618.0020528157552,586.6533416748047,0.0,15.069999694824219
119,2023-07-11,2330.TW,574.0,577.0,570.0,550.4888305664062,17850636.0,1,4.906426976834496,567.3570355088356,535.7970050185082,58.202919429769565,16.99944887909136,19.202201885912704,545.3578063964844,515.7861857096354,0.0,14.84000015258789
119,2023-07-11,2454.TW,682.0,687.0,676.0,616.12255859375,3372502.0,1,3.7551524711641378,637.2640917298925,604.6719678404199,53.304630079386925,-91.81865835497109,12.503649958444846,618.8008361816406,586.782339477539,0.0,14.84000015258789
120,2023-07-12,2330.TW,574.0,578.0,572.0,551.44287109375,15588228.0,2,4.8943662155671745,567.3771725085561,536.4137088391002,58.46097261403327,24.8888597226778,19.800805776084633,545.760009765625,516.8102808634441,0.0,13.539999961853027
120,2023-07-12,2454.TW,689.0,689.0,680.0,615.2244262695312,3890508.0,2,3.2970259906335286,637.1037298585857,604.1375054929767,53.07847560909461,-80.80565792672265,11.612551865142663,619.3533650716146,586.923409016927,0.0,13.539999961853027
121,2023-07-13,2330.TW,587.0,590.0,585.0,558.121337890625,25442137.0,3,5.361853769660456,566.514156230278,536.777170674019,60.23866822661067,96.7829540370256,26.55547289242956,546.4481363932292,517.8823760986328,0.0,13.609999656677246
121,2023-07-13,2454.TW,692.0,693.0,680.0,610.7337646484375,5058111.0,3,2.5423203289028606,635.7093316156996,603.4146124760972,51.93868659373104,-76.1212591651897,9.812993711003596,619.0802266438802,587.516899617513,0.0,13.609999656677246
122,2023-07-14,2330.TW,589.0,591.0,587.0,563.8456420898438,23121873.0,4,6.123620961196366,567.2070070430103,536.442077429646,61.69230624960981,112.13849014769006,27.08488457961991,547.5803080240886,519.129010518392,0.0,13.34000015258789
122,2023-07-14,2454.TW,686.0,698.0,685.0,621.5114135742188,6044895.0,4,2.78174827856526,633.9608375581474,604.0424522367744,54.37134245363973,-54.325823262811355,7.570256837952892,619.2744995117188,588.5739298502605,0.0,13.34000015258789
123,2023-07-17,2330.TW,588.0,591.0,587.0,563.8456420898438,13807834.0,0,6.650660978675887,567.2070070430103,536.442077429646,61.69230624960981,105.96860416770751,27.08488457961992,548.9340535481771,520.4547790527344,0.0,13.479999542236328
123,2023-07-17,2454.TW,692.0,692.0,681.0,613.4281616210938,4271120.0,0,2.2928580439023563,633.7206068950061,603.4893479389782,52.316816238551276,-66.47837631788695,9.106537220578366,619.4967631022135,589.6719930013021,0.0,13.479999542236328
124,2023-07-18,2330.TW,587.0,588.0,580.0,554.3051147460938,20932006.0,1,6.22677117142473,566.1320618748427,536.7537718653916,57.9158131154084,51.293741207955826,20.574109359562964,549.6215881347656,521.5740580240886,0.0,13.300000190734863
124,2023-07-18,2454.TW,680.0,686.0,678.0,613.4281616210938,4684651.0,1,1.8836949933175902,633.4894286428232,604.1439636911612,52.316816238551276,-70.66533927511172,10.263744619332815,619.6379089355469,590.7970947265625,0.0,13.300000190734863
125,2023-07-19,2330.TW,584.0,587.0,579.0,554.3051147460938,22499123.0,2,5.823703004439835,565.9306085579359,536.7644170768298,57.9158131154084,41.484913269052385,19.66807985111867,550.5306986490885,522.7249913533528,0.0,13.760000228881836
125,2023-07-19,2454.TW,690.0,699.0,689.0,625.10400390625,6185652.0,2,2.4730121441416486,630.654612271169,605.8117939788311,54.94830422425613,-36.34486380528561,4.310523263678088,619.9519348144531,592.224951171875,0.0,13.760000228881836
126,2023-07-20,2330.TW,580.0,584.0,578.0,552.39697265625,15108109.0,3,5.289333097740382,565.5706207637988,536.7427825565137,57.16680511006431,20.101856834877637,18.745026158233323,551.2179341634114,523.9074295043945,0.0,13.989999771118164
126,2023-07-20,2454.TW,697.0,697.0,689.0,621.5114135742188,2484977.0,3,2.6199715675084008,630.7421695205857,605.8140499618363,53.99973182645227,-39.23594440642816,4.310523263678099,620.2002848307292,593.4442159016927,0.0,13.989999771118164
127,2023-07-21,2330.TW,560.0,563.0,557.0,534.27001953125,46711021.0,4,3.3644357080581813,566.3253703876666,533.9845234111616,50.720508856770444,-158.0005373608858,1.7028746608138672,551.0477091471354,524.930192565918,0.0,13.600000381469727
127,2023-07-21,2454.TW,677.0,683.0,652.0,612.530029296875,11417157.0,4,1.9888245340005142,630.3415151000045,605.2267527222612,51.69193375237408,-94.87063269164706,17.824055541476135,619.8518269856771,594.8653004964193,0.0,13.600000381469727
128,2023-07-24,2330.TW,557.0,563.0,557.0,532.3618774414062,25268835.0,0,1.6657751114552184,567.40101817441,531.3823924701212,50.10524880369225,-163.15457986665928,1.7028746608138703,551.0987609863281,526.0240280151368,0.0,13.90999984741211
128,2023-07-24,2454.TW,679.0,690.0,673.0,606.2430419921875,7400747.0,0,0.9701682450024691,630.8813097961594,603.7888195983718,50.14020824688501,-71.81127235634742,14.655089296138978,619.2938028971354,596.1951232910156,0.0,13.90999984741211
129,2023-07-25,2330.TW,561.0,569.0,561.0,542.8563842773438,19590349.0,1,1.153066592640812,567.4255138173864,531.0716663583949,53.32646859360742,-104.76025392842219,5.835031789758729,551.3097127278646,527.2611180623372,0.0,13.859999656677246
129,2023-07-25,2454.TW,675.0,679.0,665.0,597.2616577148438,6931420.0,1,-0.5554136232368592,632.719633888846,600.5134776834196,48.010348855711754,-102.12772191597307,17.285247220470524,618.5445556640625,597.1994995117187,0.0,13.859999656677246
130,2023-07-26,2330.TW,569.0,571.0,563.0,539.9942626953125,13314305.0,2,0.5099231218771365,567.5019773133776,530.2319582334975,52.372534459957585,-97.20166799013269,7.180511592413555,551.1403727213542,528.3159779866536,0.0,13.1899995803833
130,2023-07-26,2454.TW,665.0,670.0,654.0,588.2802734375,6972659.0,2,-2.4607758003330673,634.8861401696889,594.7544176916391,45.989442447336586,-137.39000811863673,20.758855889434788,617.4148091634114,598.0136271158855,0.0,13.1899995803833
131,2023-07-27,2330.TW,570.0,570.0,566.0,542.8563842773438,12200358.0,3,0.22853407938794135,567.4831285911281,529.8691785377781,53.23788675629806,-77.5602829848079,7.180511592413549,550.4650227864583,529.4343658447266,0.0,14.40999984741211
131,2023-07-27,2454.TW,658.0,661.0,654.0,590.9746704101562,4674341.0,3,-3.710607111154559,635.2004918118772,591.0271326998414,46.685900521423086,-150.16757686321557,20.758855889434784,616.0504089355469,598.7915445963541,0.0,14.40999984741211
132,2023-07-28,2330.TW,569.0,573.0,565.0,540.9484252929688,18540078.0,4,-0.14672850421027306,567.3607923488712,529.1328844089412,52.57908804501531,-72.62913966197424,9.261722634823677,549.821034749349,530.6000885009765,0.0,13.329999923706055
132,2023-07-28,2454.TW,660.0,666.0,655.0,590.9746704101562,4178929.0,4,-4.647532900728265,635.8187664301822,587.7144427983335,46.68590052142308,-144.84683141833614,18.34140059406461,614.6589660644531,599.4477854410808,0.0,13.329999923706055
133,2023-07-31,2330.TW,575.0,575.0,560.0,539.0401611328125,24208467.0,0,-0.5912869114755495,567.013093957517,528.1449016479519,51.91440812944115,-82.94822927740215,5.195004484907619,548.9941853841145,531.7023539225261,0.0,13.630000114440918
133,2023-07-31,2454.TW,691.0,698.0,684.0,619.715087890625,16722852.0,0,-3.036015486874703,635.7075687689502,587.7358211236279,53.526576056665476,10.499234475498989,4.492147626319669,614.6040852864584,600.7452667236328,0.0,13.630000114440918
134,2023-08-01,2330.TW,565.0,568.0,564.0,540.9484252929688,16259643.0,1,-0.7806273297971984,565.7055406065671,527.735163739136,52.53512719492558,-81.55825895260685,5.195004484907603,548.2945454915365,532.8047693888346,0.0,13.930000305175781
134,2023-08-01,2454.TW,700.0,715.0,695.0,640.3722534179688,13914572.0,1,-0.09101445197939029,638.4977796411084,586.1131822729541,57.5740954487716,114.92514367610055,1.8221542569440667,615.6433675130208,602.2923980712891,0.0,13.930000305175781
135,2023-08-02,2330.TW,567.0,569.0,558.0,535.2239990234375,25583234.0,2,-1.3767121520653518,564.919821726228,526.5173730979908,50.5116943972715,-107.91215692639959,0.3963264473233954,547.5949055989583,533.7484720865885,0.0,16.09000015258789
135,2023-08-02,2454.TW,712.0,720.0,704.0,636.7797241210938,8947248.0,2,1.930782994100582,640.6188591753231,585.0698676313176,56.68589271816511,167.166462381257,3.594657857949969,615.6435628255208,603.779653930664,0.0,16.09000015258789
136,2023-08-04,2330.TW,556.0,560.0,552.0,528.5457153320312,26279173.0,4,-2.360768475275904,565.6932359346038,524.6945143095368,48.26804565396288,-159.8988833378888,4.127876710662343,546.67265625,534.4859085083008,0.0,17.100000381469727
136,2023-08-04,2454.TW,710.0,711.0,699.0,634.0853271484375,6732210.0,4,3.2778761244993575,642.7912102851045,584.3345404473174,56.015426122849185,126.56045452694659,1.6953387739009247,616.0926310221354,605.1949645996094,0.0,17.100000381469727
137,2023-08-07,2330.TW,558.0,561.0,556.0,532.3618774414062,14369551.0,0,-2.800432813631346,565.9892621945017,523.7306596804982,49.59162753467718,-122.82347269931878,3.3250865137964993,545.9412150065104,535.3977345784505,0.0,15.770000457763672
137,2023-08-07,2454.TW,709.0,712.0,703.0,634.0853271484375,3488590.0,0,4.295935806506236,645.2649396338027,584.0163408837755,56.015426122849185,127.63966235538908,2.066825803535804,616.4818237304687,606.7319498697917,0.0,15.770000457763672
138,2023-08-08,2330.TW,558.0,558.0,551.0,526.6375732421875,19010690.0,1,-3.569615276232639,566.7699010379246,521.709762048013,47.69793003255565,-147.15116198367326,7.032405069529268,545.2415771484375,536.277463277181,0.0,15.989999771118164
138,2023-08-08,2454.TW,705.0,705.0,690.0,619.715087890625,5604493.0,1,3.8982841784270477,645.7180484002439,585.0900570685061,52.47310561262193,49.10886311589518,2.8693697889308956,616.6315124511718,608.0294311523437,0.0,15.989999771118164
139,2023-08-09,2330.TW,550.0,557.0,550.0,528.5457153320312,14389090.0,2,-3.9793579454648125,566.5129197000447,519.7724318624553,48.3776828290029,-133.35523585536538,7.764215861208462,544.6691446940105,537.2364741007488,0.0,15.960000038146973
139,2023-08-09,2454.TW,689.0,702.0,686.0,629.5946655273438,3176525.0,2,4.330407946350874,647.0504455950968,585.1048705670125,54.51866029956276,52.105636602493306,4.34191730977469,617.2302734375,609.423974609375,0.0,15.960000038146973
140,2023-08-10,2330.TW,552.0,554.0,550.0,525.6834716796875,17892615.0,3,-4.483355408366151,566.1210032603868,517.5884083607069,47.421315202371694,-135.84022376865903,7.764215861208464,543.9377034505209,538.1556961059571,0.0,15.850000381469727
140,2023-08-10,2454.TW,702.0,703.0,688.0,622.4095458984375,4319324.0,3,4.046455227557885,647.5344615777697,585.3393665472304,52.80866190331919,42.3986116786706,3.934409692092063,617.1703979492188,610.6041300455729,0.0,15.850000381469727
141,2023-08-11,2330.TW,556.0,558.0,546.0,520.9132080078125,17608427.0,4,-5.207660136438676,564.7106839360487,515.2779146967638,45.85832229641096,-135.9057628202208,7.764215861208465,543.0790547688802,538.845058186849,0.0,14.84000015258789
141,2023-08-11,2454.TW,688.0,689.0,675.0,609.8355712890625,4857156.0,4,2.77483622612624,647.5268027214123,585.2572060676501,49.97118701853438,-38.069437561688915,8.72821164537885,616.6614501953125,611.5747192382812,0.0,14.84000015258789
142,2023-08-14,2330.TW,540.0,543.0,537.0,516.1428833007812,20939030.0,0,-6.096321386312638,561.836154848629,513.3821679052772,44.346261547686936,-184.88791842419772,14.472125057999216,541.9659932454427,539.233339436849,0.0,14.819999694824219
142,2023-08-14,2454.TW,672.0,673.0,666.0,603.5486450195312,3498430.0,0,1.2454181404179963,647.0404727391759,583.9472591944178,48.619953387167044,-96.46686686472592,11.877563210869337,616.1824442545573,612.3729278564454,0.0,14.819999694824219
143,2023-08-15,2330.TW,543.0,545.0,540.0,517.0969848632812,14066307.0,1,-6.6469823368789775,557.8018201019539,512.7416369292961,44.72336680135584,-158.5211025494004,12.589787646848519,540.7893269856771,539.4634292602539,0.0,16.459999084472656
143,2023-08-15,2454.TW,682.0,684.0,676.0,608.9375,2734494.0,1,0.4628375280298087,646.9415202288147,583.5971455426696,49.82303896610838,-40.00829948925748,7.200689991083503,615.7932515462239,613.2068715413411,0.0,16.459999084472656
144,2023-08-16,2330.TW,541.0,543.0,536.0,517.0969848632812,28269840.0,2,-7.00266253232428,555.4636671488644,511.3589768941044,44.72336680135584,-156.72535798764645,15.465753127484916,539.4218485514323,539.6618621826171,0.0,16.780000686645508
144,2023-08-16,2454.TW,698.0,698.0,683.0,618.8170166015625,5944886.0,2,0.632529326459462,647.2366904023816,583.8408608671498,51.95656776195224,25.03482784721158,1.6082640969243556,615.4639343261719,614.0837982177734,0.0,16.780000686645508
145,2023-08-17,2330.TW,540.0,546.0,537.0,519.0050659179688,22843138.0,3,-7.049316995939421,552.2612764130433,511.03136274711295,45.51350998515741,-131.4356231477105,12.59158643384197,538.2133809407552,539.9079259236654,0.0,17.889999389648438
145,2023-08-17,2454.TW,680.0,681.0,673.0,605.3449096679688,4594977.0,3,-0.3164144354224163,646.2251498082904,582.8764920374127,49.01648598579841,-55.8496338064685,5.2602582613056965,614.7753621419271,614.641552734375,0.0,17.889999389648438
146,2023-08-18,2330.TW,540.0,544.0,539.0,514.23486328125,17592345.0,4,-7.3860600585520615,549.3039736367401,510.1724545859161,43.8909438747782,-127.23080427483825,12.591586433841966,537.3865376790365,540.0903137207031,0.0,17.299999237060547
146,2023-08-18,2454.TW,670.0,679.0,669.0,605.3449096679688,3179069.0,4,-1.0562829135948277,645.4939347622332,581.9910566928451,49.01648598579841,-64.48336054970561,6.6933282420120355,614.2963562011719,615.0505900065104,0.0,17.299999237060547
147,2023-08-21,2330.TW,544.0,544.0,534.0,512.3267822265625,16633821.0,0,-7.71792828474895,549.5515653879913,507.73053910419617,43.25288551185258,-127.10213664501649,16.30729486999479,536.4960917154948,540.3200337727865,0.0,17.1299991607666
147,2023-08-21,2454.TW,678.0,679.0,667.0,600.854248046875,2683227.0,0,-1.9821400934940812,645.4291154459665,580.8882978841116,48.04663884128473,-73.52638674169982,7.417691591811401,613.9071634928385,615.4523813883463,0.0,17.1299991607666
148,2023-08-22,2330.TW,544.0,544.0,538.0,516.1428833007812,14594304.0,1,-7.585569871935718,549.3812280811813,506.2789769969437,44.90982238879474,-104.1343908838483,16.307294869994795,535.7328491210938,540.3284729003906,0.0,16.969999313354492
148,2023-08-22,2454.TW,675.0,682.0,668.0,603.5486450195312,3686021.0,1,-2.470002593036611,645.4381340589123,580.6098395739002,48.676940088898846,-58.56830979300423,6.139094640180705,613.8772237141927,615.939638264974,0.0,16.969999313354492
149,2023-08-23,2330.TW,546.0,552.0,544.0,526.6375732421875,20636332.0,2,-6.558249197035593,547.3771310686394,506.66119290596987,49.135083176314,-58.76045370618873,8.416000084597512,534.9378072102865,540.1478068033854,0.0,15.979999542236328
149,2023-08-23,2454.TW,672.0,676.0,670.0,602.6504516601562,2048921.0,2,-2.895732890645945,645.2421444019651,581.3447086253786,48.47413627814594,-64.44087968604761,6.139094640180708,613.428153483073,616.1144948323567,0.0,15.979999542236328
150,2023-08-24,2330.TW,563.0,564.0,558.0,538.086181640625,23280827.0,3,-4.765358738177952,547.0421781208586,506.80533774828206,53.18692824856406,7.5241607086456535,1.9110420502933785,534.4925842285156,540.1262969970703,0.0,17.200000762939453
150,2023-08-24,2454.TW,682.0,692.0,680.0,620.61328125,5599510.0,3,-1.7633620494533488,644.7308538601502,585.0892999484435,52.56296175453584,21.17847089197539,0.6129148611192892,613.6077819824219,616.4805735270182,0.0,17.200000762939453
151,2023-08-25,2330.TW,549.0,551.0,546.0,520.9132080078125,24144537.0,4,-4.676279723688253,544.6373990719957,507.0157991701918,47.33579213522164,-62.92233484516052,7.2303386660736155,533.2523132324219,539.8502248128256,0.0,15.680000305175781
151,2023-08-25,2454.TW,692.0,695.0,687.0,623.3076782226562,5624927.0,4,-0.6411456957513337,644.3207776269937,588.7326769628501,53.13997515171505,43.58980002165182,1.824310910684099,614.0269124348958,616.553569539388,0.0,15.680000305175781
152,2023-08-28,2330.TW,547.0,553.0,547.0,523.775390625,8991985.0,0,-4.324876851645968,542.388815689233,507.5470790861576,48.31610703643527,-47.779785914764766,5.597229987394085,531.9166381835937,539.7484731038411,0.0,15.079999923706055
152,2023-08-28,2454.TW,700.0,709.0,698.0,629.5946655273438,5872295.0,0,0.746912540961489,644.0566869733406,592.858767128222,54.47659327112929,98.23429097697854,7.2801192061654225,614.2963541666667,616.7854268391927,0.0,15.079999923706055
153,2023-08-29,2330.TW,551.0,553.0,546.0,526.6375732421875,10516678.0,1,-3.7719540862550502,540.4960187421424,508.19961724418573,49.292546019898445,-39.571715589456566,6.335079237674994,530.6763692220052,539.8052113850912,0.0,14.449999809265137
153,2023-08-29,2454.TW,714.0,716.0,702.0,637.6778564453125,5186169.0,1,2.470719313609038,646.3623224969019,592.3494084601293,56.14051121411734,121.50016294615808,9.870800089850702,615.104677327474,617.3007202148438,0.0,14.449999809265137
154,2023-08-30,2330.TW,558.0,560.0,554.0,529.4996948242188,15117416.0,2,-3.067451256746722,538.1613310549947,509.3894318844584,50.26455416111567,4.572970637742981,0.6390683953644714,529.849521891276,539.7355550130209,0.0,13.880000114440918
154,2023-08-30,2454.TW,714.0,715.0,702.0,636.7797241210938,4253988.0,2,3.7214782493149414,645.6363913699017,592.716086657442,55.90563799211661,108.62625512238309,9.870800089850711,615.8830627441406,617.7604858398438,0.0,13.880000114440918
155,2023-08-31,2330.TW,553.0,556.0,548.0,523.775390625,40431378.0,3,-2.9371707107756038,536.5439402451799,509.86196185442947,48.34709397427851,-27.418366152689313,5.144468623908891,528.831864420573,539.6812815348308,0.0,13.569999694824219
155,2023-08-31,2454.TW,705.0,714.0,704.0,633.1871948242188,5761753.0,3,4.372425557891688,644.9984030918544,592.9948220058019,54.95428443165259,99.28059940018697,9.870800089850698,616.1525024414062,618.0522186279297,0.0,13.569999694824219
156,2023-09-01,2330.TW,543.0,553.0,543.0,522.8213500976562,13669766.0,4,-2.877732402765446,536.0185730495248,509.81489252664716,48.03118988925817,-46.232066780243294,8.712835112132895,527.8460103352865,539.531972249349,0.0,13.09000015258789
156,2023-09-01,2454.TW,707.0,712.0,701.0,637.6778564453125,2955148.0,4,5.190826257190679,645.6620506325278,592.690427394816,55.9241691518564,93.11111580072777,8.433336469742228,616.6913838704427,618.445834350586,0.0,13.09000015258789
157,2023-09-04,2330.TW,549.0,557.0,549.0,531.4078369140625,9531157.0,0,-2.1134106529002565,535.8322915496196,509.90576997381777,51.01143203364194,7.741400677062623,5.43047520929554,527.7506042480469,539.3991566975911,0.0,13.09000015258789
157,2023-09-04,2454.TW,713.0,713.0,705.0,638.5760498046875,2380158.0,0,5.8445189874187236,646.4880801997783,592.3134700931905,56.11965683865192,95.77904098114621,8.844579995289175,617.5595845540364,618.7057057698568,0.0,13.09000015258789
158,2023-09-05,2330.TW,553.0,555.0,550.0,526.6375732421875,12220686.0,1,-1.8710307775705814,535.8322915496196,509.90576997381777,49.3838464785496,-7.034784602776449,5.430475209295526,527.5597941080729,539.3292775472005,0.0,14.010000228881836
158,2023-09-05,2454.TW,712.0,718.0,711.0,644.8629760742188,4791289.0,1,6.791586053286551,650.0441096991977,591.2722294121303,57.48503365283746,113.65472139223223,10.91407339926026,618.8469156901042,619.0703592936198,0.0,14.010000228881836
159,2023-09-06,2330.TW,556.0,556.0,550.0,524.7294311523438,14067008.0,2,-1.8120255510574452,535.39974624698,509.95668685848875,48.740334844517314,-5.933400262563377,4.585655529568816,526.9555623372396,539.132637532552,0.0,14.449999809265137
159,2023-09-06,2454.TW,721.0,722.0,712.0,639.4741821289062,3074614.0,2,7.026319571294039,651.4874128498236,590.8168779216608,55.94157961602421,106.50668790811113,12.557006243882975,620.2539998372396,619.3992777506511,0.0,14.449999809265137
160,2023-09-07,2330.TW,546.0,548.0,542.0,517.0969848632812,20717005.0,3,-2.3540002745030506,535.1220340634659,509.37575036036225,46.246723524963876,-76.13438786595007,10.519542860855159,526.1923197428385,538.6663462320963,0.0,14.399999618530273
160,2023-09-07,2454.TW,709.0,718.0,708.0,643.96484375,3205892.0,3,7.488383554940015,654.2387635105229,590.2210570461177,56.93829720211552,96.14004119036449,10.449838772485887,622.1101521809895,619.7624806722005,0.0,14.399999618530273
161,2023-09-08,2330.TW,535.0,540.0,535.0,514.23486328125,15283568.0,4,-2.980114671316983,535.2713852509825,508.5585647001893,45.346741336313265,-127.6601996064041,15.288249341256169,525.2382690429688,537.8516459147136,0.0,13.84000015258789
161,2023-09-08,2454.TW,705.0,710.0,701.0,636.7797241210938,4421983.0,4,7.191891837967091,655.6575098002563,591.4967260395874,54.88321284199454,58.108179040148514,6.829259638524284,623.6369873046875,619.8436981201172,0.0,13.84000015258789
162,2023-09-11,2330.TW,539.0,540.0,536.0,511.3726501464844,14631968.0,0,-3.665022617546242,535.6241540729372,507.7287725628051,44.4518305473637,-126.62771761045123,15.288249341256178,524.2524098714192,537.0367223103841,0.0,13.800000190734863
162,2023-09-11,2454.TW,715.0,715.0,708.0,641.2703857421875,2101421.0,0,7.2358670737286275,657.0167862642844,593.909623647825,55.912045436146144,81.31417012042989,9.03266127946381,625.3135111490885,619.9862386067708,0.0,13.800000190734863
163,2023-09-12,2330.TW,536.0,545.0,536.0,519.0050659179688,16028336.0,1,-3.551012911376688,535.6133653891052,507.93036935210574,47.319736501078616,-77.58446174385516,10.775566063543787,523.5845733642578,536.2893793741862,0.0,14.229999542236328
163,2023-09-12,2454.TW,710.0,729.0,709.0,653.8443603515625,6513877.0,1,8.19090957182118,660.6703922484564,594.7467036988091,58.64374691688216,118.78575594979236,14.864507491144902,626.4511535644531,620.5276194254558,0.0,14.229999542236328
164,2023-09-13,2330.TW,545.0,548.0,541.0,516.1428833007812,16191392.0,2,-3.649543280743842,535.6398784349017,507.8084461500593,46.39059119473331,-54.215920189089566,8.148063999886915,522.7577219645183,535.5261337280274,0.0,13.479999542236328
164,2023-09-13,2454.TW,739.0,744.0,729.0,657.4369506835938,9197173.0,2,9.132406060992935,664.8559844021744,594.4231049532945,59.38750438527959,168.2582825510633,20.512643032444316,627.0199768066407,621.3316721598308,0.0,13.479999542236328
165,2023-09-14,2330.TW,544.0,550.0,543.0,527.6553955078125,17144287.0,3,-2.766774552290258,536.2531032690102,508.0602542749351,50.43980188073833,9.733008271107254,6.407447440664378,522.5054351806641,535.0501703898112,0.0,12.819999694824219
165,2023-09-14,2454.TW,735.0,735.0,725.0,658.3350219726562,5527046.0,3,9.837613513381712,667.7817990095633,596.7963015763743,59.5755058021515,140.30686189328375,18.346721700628084,627.7384867350261,621.6910247802734,0.0,12.819999694824219
166,2023-09-15,2330.TW,549.0,558.0,547.0,535.3303833007812,42517441.0,4,-1.431368197063989,537.9542239493915,508.46868559650693,52.89360692328155,89.03674146892033,0.23668787547538192,522.7315907796224,534.7021235148112,0.0,13.789999961853027
166,2023-09-15,2454.TW,741.0,763.0,737.0,685.2791748046875,16255632.0,4,12.427402737702891,676.6687576230844,595.9027694765249,64.65383369940203,212.9820021288858,27.74980699778597,629.4449483235677,622.7687896728515,0.0,13.789999961853027
167,2023-09-18,2330.TW,548.0,549.0,540.0,518.0616455078125,36684692.0,0,-1.7463578192160867,537.5567889451298,509.43960692889357,47.42789171377734,-40.544765558154026,5.125561087838554,522.254916381836,534.0980656941732,0.0,14.0
167,2023-09-18,2454.TW,751.0,792.0,750.0,702.3438720703125,11994826.0,0,15.67610026994862,688.0157768769157,594.7047126250375,67.34181075562856,253.39312529112138,35.68523995422208,631.7202331542969,624.1010284423828,0.0,14.0
168,2023-09-19,2330.TW,539.0,543.0,538.0,516.1429443359375,18901683.0,1,-2.12630149687061,537.5567852741789,509.43961670336023,46.87119349692423,-75.87815716923285,6.602326583029479,521.9050954182943,533.5733362833658,0.0,14.109999656677246
168,2023-09-19,2454.TW,782.0,782.0,764.0,694.2605590820312,6244891.0,1,17.397909623202963,694.6633929427093,597.1282879654938,64.92249525447608,217.17618536936945,35.68523995422208,634.2050821940104,625.4182973225911,0.0,14.109999656677246
169,2023-09-20,2330.TW,536.0,538.0,535.0,513.2647705078125,24635567.0,2,-2.6293442650451198,537.517428105326,508.1416935987756,46.03272712159155,-111.83558077348877,8.804988852459877,521.3957305908203,533.0324376424154,0.0,15.140000343322754
169,2023-09-20,2454.TW,765.0,766.0,751.0,681.6866455078125,5042205.0,2,17.545593382664606,696.6288528768441,603.0664474161247,61.37436880137043,155.1629465688025,28.89389439493344,635.9414815266927,626.5858774820964,0.0,15.140000343322754
170,2023-09-21,2330.TW,530.0,531.0,526.0,505.58984375,32012694.0,3,-3.605745811734323,535.9758154733254,506.43367244171367,43.86797723813528,-186.86687395469693,15.024417858258518,520.725942993164,532.3318232218425,0.0,17.540000915527344
170,2023-09-21,2454.TW,752.0,762.0,744.0,670.0108642578125,5034920.0,3,16.529950500695804,697.7978552468322,606.8372033469178,58.313051203587285,120.241234322216,25.397737866238796,637.5281921386719,627.3492950439453,0.0,17.540000915527344
171,2023-09-22,2330.TW,523.0,525.0,522.0,500.7929382324219,29049309.0,4,-4.712300126650689,537.565923904114,502.831537033386,42.573511168712706,-216.77998539399488,17.607901621374435,520.0552673339844,531.5671610514323,0.0,17.200000762939453
171,2023-09-22,2454.TW,735.0,748.0,728.0,670.0108642578125,7559485.0,4,15.545843360062463,698.632608643181,610.6727685540847,58.31305120358729,83.37842342493943,17.83992425963701,639.5340352376302,628.0977427164713,0.0,17.200000762939453
172,2023-09-25,2330.TW,522.0,529.0,522.0,503.6710510253906,17116402.0,0,-5.295964487405513,537.9599709876591,500.4270559898801,43.60637478150802,-176.35689011814654,14.021798837727042,519.6395395914714,530.802766418457,0.0,16.899999618530273
172,2023-09-25,2454.TW,741.0,762.0,741.0,678.0941162109375,4563725.0,0,15.24247544127104,700.5859051580887,613.5694171075363,59.79867351272718,108.61548399325179,22.090318493786327,642.0188842773438,629.1006642659505,0.0,16.899999618530273
173,2023-09-26,2330.TW,521.0,524.0,519.0,497.91485595703125,26392692.0,1,-6.152081486092129,538.4250343798949,497.08972086912854,42.041915864340716,-196.1802188000117,16.00882868073779,519.0001352945964,529.8947311401367,0.0,18.940000534057617
173,2023-09-26,2454.TW,748.0,755.0,736.0,661.9275512695312,3845914.0,1,13.541451886053665,700.8635779000278,615.716713848019,55.692300883469116,74.86538265639925,19.8005456293885,643.7852193196615,629.7892354329427,0.0,18.940000534057617
174,2023-09-27,2330.TW,517.0,523.0,516.0,500.7929382324219,16846401.0,2,-6.523128897998163,537.5361287916757,495.1079507981682,43.097842803010636,-177.98295464833026,17.969984432627896,518.4566670735677,528.9392578125,0.0,18.219999313354492
174,2023-09-27,2454.TW,728.0,737.0,728.0,661.9275512695312,3824756.0,2,12.054422573183842,700.9143764991585,618.1806979637321,55.6923008834691,45.67466956341749,16.193623933393496,645.222237141927,630.3430857340495,0.0,18.219999313354492
175,2023-09-28,2330.TW,523.0,525.0,520.0,501.7522888183594,19733331.0,3,-6.662968590775961,537.0824242135511,493.35934519562846,43.45308631263179,-141.87854574586646,16.10040390299685,517.8815745035807,528.047477722168,0.0,17.34000015258789
175,2023-09-28,2454.TW,739.0,741.0,730.0,660.13134765625,3769234.0,3,10.60871204788316,700.3581107535774,621.4313789925163,55.24126123515426,45.20219574368841,17.47872448916119,647.0484517415365,630.9119069417318,0.0,17.34000015258789
176,2023-10-02,2330.TW,530.0,534.0,528.0,511.34613037109375,25427911.0,0,-5.9312784907091896,536.2697991194477,493.02444831707567,46.88363970006078,-69.20704592716092,8.123599889142715,517.7852834065756,527.585910542806,0.0,17.610000610351562
176,2023-10-02,2454.TW,747.0,748.0,740.0,669.1126708984375,3898779.0,0,10.071593879330635,700.5150693396089,624.4179018517974,57.04088970770778,65.59488589023876,19.707649848461216,649.1740437825521,631.735199991862,0.0,17.610000610351562
177,2023-10-03,2330.TW,528.0,533.0,528.0,507.508544921875,14490129.0,1,-5.596555948543369,533.7773803042836,493.1269379330212,45.735492914790996,-77.20143645288204,8.123599889142726,517.6246754964193,527.060383605957,0.0,19.780000686645508
177,2023-10-03,2454.TW,767.0,784.0,766.0,693.3624267578125,10288796.0,1,11.47045022973532,703.8956068435327,626.5160020431861,61.37826584529306,140.73735275267268,29.795980112296988,652.2576497395834,633.082406616211,0.0,19.780000686645508
178,2023-10-04,2330.TW,521.0,523.0,519.0,498.87420654296875,28358964.0,2,-5.959308985064638,532.3898403164205,491.73814125096237,43.26917546072489,-129.4017019405486,14.416242338041771,517.0490529378255,526.3909510294596,0.0,18.579999923706055
178,2023-10-04,2454.TW,771.0,783.0,764.0,700.5475463867188,7599174.0,2,13.008874271442664,708.4881117577866,627.4919541601821,62.537622431957196,135.33565678979772,28.865445881036155,655.4909464518229,634.6840850830079,0.0,18.579999923706055
179,2023-10-05,2330.TW,523.0,529.0,523.0,506.54913330078125,24945684.0,3,-5.563360516266073,530.7072802008912,491.6026715813353,45.949361101400434,-82.91237818609183,9.255588331334588,516.379438273112,525.6586227416992,0.0,18.489999771118164
179,2023-10-05,2454.TW,783.0,786.0,776.0,705.9363403320312,5604602.0,3,14.495817853696394,712.8528641695573,629.773417568724,63.390256690413985,146.51254198608316,29.648084999295154,658.9338094075521,636.1809814453125,0.0,18.489999771118164
180,2023-10-06,2330.TW,530.0,533.0,529.0,510.38671875,15336587.0,4,-4.883612435343991,530.1717165436579,491.4672086272406,47.238703647676935,-47.95751387385161,5.959572730822663,515.4561228434245,524.9743535359701,0.0,17.450000762939453
180,2023-10-06,2454.TW,790.0,790.0,781.0,705.9363403320312,2927223.0,4,15.49560760143504,716.6021839974522,632.2212473990322,63.39025669041399,144.5814681267808,30.699750742945923,661.7779113769532,637.6928466796875,0.0,17.450000762939453
181,2023-10-11,2330.TW,542.0,544.0,540.0,521.899169921875,46639969.0,2,-3.3770211014478377,531.1345572010654,491.27079863389554,50.87534127280824,29.61189515065109,2.4153899461832737,515.4889882405599,524.3706507364909,0.0,16.09000015258789
181,2023-10-11,2454.TW,790.0,816.0,790.0,731.0842895507812,12439451.0,2,18.108433179489225,724.5631119342373,633.6907760052158,67.12677616012587,184.24243855063725,37.02935502212532,665.3704650878906,639.6986887613932,0.0,16.09000015258789
182,2023-10-12,2330.TW,545.0,550.0,544.0,527.6553955078125,34161176.0,3,-1.6989729506689173,533.2646546628687,490.7689757082251,52.56641965626388,66.25336167411754,6.581744790019628,515.6183217366537,523.7674799601238,0.0,16.690000534057617
182,2023-10-12,2454.TW,817.0,819.0,805.0,731.9823608398438,6769337.0,3,20.02079575625305,731.2468356373902,636.0782498118285,67.25025994074791,181.47445728214257,37.70846785802278,668.783388264974,641.5398712158203,0.0,16.690000534057617
183,2023-10-13,2330.TW,550.0,554.0,548.0,530.5335693359375,31123496.0,4,-0.1353035938479934,535.220075649594,489.9664050632967,53.39624664971505,90.18942512852747,9.253739893557897,515.748188273112,523.2122787475586,0.0,19.31999969482422
183,2023-10-13,2454.TW,820.0,842.0,818.0,756.2321166992188,9828945.0,4,23.2253804575804,744.2385325624681,633.3253285215163,70.36026925471674,205.73755008878368,42.6166381643118,672.7351969401042,643.9199371337891,0.0,19.31999969482422
184,2023-10-16,2330.TW,546.0,547.0,542.0,522.8585815429688,19875676.0,0,0.4790860265267156,535.973134882716,489.88491565439347,50.937989121887085,46.76838262482635,4.610780713423133,515.5268178304036,522.6881698608398,0.0,17.209999084472656
184,2023-10-16,2454.TW,838.0,849.0,832.0,754.435791015625,5765614.0,0,25.328121672083284,754.270227179468,632.9935179377195,69.85195375114999,195.9342728978024,44.00571969982449,676.6570658365886,646.2700642903645,0.0,17.209999084472656
185,2023-10-17,2330.TW,550.0,552.0,548.0,528.61474609375,18364998.0,1,1.4141667007660317,536.1537826045115,489.80020299119167,52.629983618641205,86.40440112230901,7.9818977933630535,515.688129679362,522.2599970499674,0.0,17.8799991607666
185,2023-10-17,2454.TW,845.0,854.0,820.0,740.9637451171875,8242227.0,1,25.61223637633384,759.5249233440272,636.0016940876135,66.1445356482707,161.1072083903667,38.07819575765022,680.2496175130208,648.2010599772135,0.0,17.8799991607666
186,2023-10-18,2330.TW,549.0,549.0,540.0,518.0616455078125,26418940.0,2,1.288821555990694,532.9527709314599,491.2743408849463,49.39895016334006,36.6875479515298,2.0145688374092594,515.5294728597005,521.6877415974935,0.0,19.219999313354492
186,2023-10-18,2454.TW,800.0,822.0,800.0,730.1860961914062,7594780.0,2,24.683200981694085,763.1099316356944,636.9073779346182,63.36141758952486,106.3450145394531,28.928345418312563,683.3332255045573,650.0123046875,0.0,19.219999313354492
187,2023-10-19,2330.TW,540.0,548.0,540.0,523.8179321289062,22881262.0,3,1.6351199784413666,533.7395105630949,491.0632299154209,51.09314572376946,51.65070189973077,2.0145688374092736,515.2764760335286,521.5135401407878,0.0,21.399999618530273
187,2023-10-19,2454.TW,811.0,838.0,811.0,745.4544067382812,7509749.0,3,24.892018489116253,768.4654875891185,635.8628754479907,65.48945696385074,123.94481841397294,32.62332228132131,686.8958374023438,652.2277109781901,0.0,21.399999618530273
188,2023-10-20,2330.TW,549.0,556.0,546.0,533.4115600585938,45984177.0,4,2.6531058675261647,536.5491782108887,489.98042383989247,53.76224349746506,109.24134086054754,7.485786565169622,515.5022755940755,521.5310348510742,0.0,21.709999084472656
188,2023-10-20,2454.TW,831.0,837.0,812.0,743.6581420898438,8501964.0,4,24.628660498608838,773.3326787391176,635.935442598773,65.02977670301324,113.05227674461761,32.62332228132131,690.1890096028645,654.5179626464844,0.0,21.709999084472656
189,2023-10-23,2330.TW,552.0,553.0,543.0,521.899169921875,22747367.0,0,2.5020714046041803,537.2989081765695,490.094133815618,50.35102929770808,68.15722992359522,5.206907548071883,515.4079335530599,521.1817479451497,0.0,20.3700008392334
189,2023-10-23,2454.TW,825.0,829.0,816.0,737.3712158203125,5304563.0,0,23.640136400983806,776.7120566400881,638.1245217290525,63.418059953818506,99.02234468953745,32.62332228132131,693.4522440592448,656.8531219482422,0.0,20.3700008392334
190,2023-10-24,2330.TW,543.0,546.0,540.0,521.899169921875,15007814.0,1,2.3552259250025145,538.0619823224517,490.9619922869233,50.35102929770808,43.045500350221275,2.948951848984529,515.5680063883464,520.8801630655925,0.0,18.969999313354492
190,2023-10-24,2454.TW,821.0,823.0,804.0,732.8804321289062,5036466.0,1,22.238009414856833,778.3991903263149,642.7243448299351,62.277508938004125,79.0809045523357,27.135340977460377,696.4160970052084,659.263124593099,0.0,18.969999313354492
191,2023-10-25,2330.TW,544.0,551.0,544.0,521.899169921875,16526355.0,2,2.2133358653186406,538.409758288111,492.72483949020926,50.35102929770808,61.60072495189722,6.412036943419737,515.8234832763671,520.530876159668,0.0,20.190000534057617
191,2023-10-25,2454.TW,818.0,832.0,816.0,738.269287109375,6474280.0,2,21.315932274259012,780.0678779681606,647.8814994732458,63.101287698265494,89.9091763305648,29.40191628550452,699.799082438151,661.7180348714193,0.0,20.190000534057617
192,2023-10-26,2330.TW,530.0,535.0,530.0,509.4273376464844,28188348.0,3,1.082041566042676,538.2062202840839,493.50400615634595,46.79042942670156,-40.008703304471744,3.5562037933069175,515.7586395263672,520.0055246988933,0.0,20.68000030517578
192,2023-10-26,2454.TW,815.0,817.0,811.0,733.7786865234375,5446904.0,3,19.99236611670642,781.1576998091194,652.3601346635368,61.935337703250696,68.00443494558183,27.12917913596391,702.8826924641927,664.0981018066407,0.0,20.68000030517578
193,2023-10-27,2330.TW,534.0,536.0,532.0,511.34613037109375,15679643.0,4,0.3364349631500545,537.3640172965224,495.6893365853134,47.382624862853326,-26.46253815769073,2.84432946218759,515.5033416748047,519.5439575195312,0.0,21.270000457763672
193,2023-10-27,2454.TW,824.0,824.0,800.0,719.408447265625,6956960.0,4,17.5812073218018,778.6326120447993,660.6333120274662,58.36525003839673,50.9664369559558,22.242902034729163,705.0681620279948,665.7596577962239,0.0,21.270000457763672
194,2023-10-30,2330.TW,531.0,534.0,528.0,510.38671875,21404842.0,0,-0.3280980077104232,536.7306315394666,497.2821003941272,47.111417396725244,-40.25749381815007,5.531513538542367,515.311469523112,519.0345957438151,0.0,19.75
194,2023-10-30,2454.TW,819.0,864.0,818.0,769.7041015625,16172619.0,0,19.50395497011482,781.4617328021114,668.5818462994511,65.55421240190249,118.42427487684738,32.06525155358017,708.810400390625,667.9151885986328,0.0,19.75
195,2023-10-31,2330.TW,535.0,535.0,527.0,507.508544921875,25667058.0,1,-1.0746023394069653,536.2336202662397,498.35473727770557,46.28917983365036,-43.80627285020567,5.531513538542368,514.6399078369141,518.5726715087891,0.0,18.139999389648438
195,2023-10-31,2454.TW,860.0,861.0,834.0,756.2321166992188,10786996.0,1,19.713425911971058,778.8864401914668,680.7672158143926,62.56099489642533,110.1546194254723,32.06525155358017,712.0736368815104,669.9060618082682,0.0,18.139999389648438
196,2023-11-01,2330.TW,533.0,533.0,527.0,506.54913330078125,13603347.0,2,-1.723758464589082,536.4274669839618,497.6811908529523,46.012258822732846,-47.249456676464554,5.5315135385423595,513.680532836914,518.2060618082683,0.0,16.8700008392334
196,2023-11-01,2454.TW,854.0,856.0,832.0,759.8246459960938,6856015.0,2,19.939470350913552,775.9993118315622,692.7255416840628,63.02670728478781,100.6600163030331,31.178596206523878,714.5584859212239,672.0017171223958,0.0,16.8700008392334
197,2023-11-02,2330.TW,536.0,547.0,535.0,524.7774047851562,29401438.0,3,-0.7586057935649251,537.0372081815741,498.7983356416681,51.692359324696035,54.632685440230546,4.6834196727115405,513.9043914794922,518.0796539306641,0.0,15.65999984741211
197,2023-11-02,2454.TW,863.0,877.0,855.0,779.5836791992188,9692237.0,3,21.465559074752605,780.2907932134999,697.0561855462656,65.47054227506847,133.3164283822861,35.85630121120957,717.1331461588542,674.4266896565755,0.0,15.65999984741211
198,2023-11-03,2330.TW,547.0,549.0,545.0,526.696044921875,15426176.0,4,0.15926691237609703,536.5506366429275,502.0670910182054,52.239502515494976,85.18295141496965,6.027665195536356,514.2561614990234,518.0806284586589,0.0,14.90999984741211
198,2023-11-03,2454.TW,872.0,876.0,864.0,781.3799438476562,5567970.0,4,22.55988260310812,784.4424442225783,700.987774283281,65.68385176310946,130.0206437589812,35.856301211209576,720.0371256510417,677.121103922526,0.0,14.90999984741211
199,2023-11-06,2330.TW,553.0,556.0,550.0,527.6553955078125,29215201.0,0,0.9531123171738045,536.8862777297724,503.8420761520637,52.51768140292682,106.5059053749687,10.593003371912694,514.7358489990235,518.0657897949219,0.0,14.890000343322754
199,2023-11-06,2454.TW,879.0,890.0,873.0,792.1575317382812,7264020.0,0,24.01991633341254,790.5323218132115,703.5200158332729,66.95107256149868,143.4048463632736,38.82286500605176,723.7194885253906,679.8304850260416,0.0,14.890000343322754
200,2023-11-07,2330.TW,552.0,555.0,550.0,532.4523315429688,14777790.0,1,1.946870783138138,538.1305802114169,504.8043349497157,53.90637374044578,106.45046116213929,10.593003371912685,515.6312652587891,518.1786041259766,0.0,14.8100004196167
200,2023-11-07,2454.TW,890.0,899.0,879.0,797.5464477539062,7077114.0,1,25.319971115215026,796.1748582477472,707.0384901409246,67.57050933439669,149.1192286432293,40.64831718508511,727.9706746419271,682.7494333902995,0.0,14.8100004196167
201,2023-11-08,2330.TW,550.0,557.0,550.0,533.4115600585938,15314834.0,2,2.779789553026717,539.5433436551654,504.54281051963943,54.18356328283216,105.93663250382092,11.901640467137357,516.7185526529948,518.3869099934896,0.0,14.449999809265137
201,2023-11-08,2454.TW,898.0,916.0,895.0,820.89794921875,9312449.0,2,27.91278339583107,809.2343642870477,702.960350068421,70.08401342066544,175.54699188406232,43.918205335793914,733.000244140625,686.2671396891276,0.0,14.449999809265137
202,2023-11-09,2330.TW,551.0,557.0,551.0,534.37109375,13165684.0,3,3.4772267098429666,540.576367114024,504.1813568849995,54.46691409021671,103.88738204519478,11.90164046713735,517.7418874104818,518.6907135009766,0.0,15.289999961853027
202,2023-11-09,2454.TW,913.0,913.0,899.0,812.814697265625,6788362.0,3,28.98127689778414,817.6678272251883,702.6101207728585,68.19139269951006,158.62575616203256,43.91820533579391,737.4909301757813,689.7549072265625,0.0,15.289999961853027
203,2023-11-10,2330.TW,555.0,557.0,554.0,534.37109375,12994933.0,4,3.9840253155758774,541.205943752238,503.9355326881916,54.466914090216726,105.9877912833224,11.901640467137351,518.9570953369141,518.9786153157552,0.0,14.170000076293945
203,2023-11-10,2454.TW,900.0,904.0,884.0,793.953857421875,7551994.0,4,27.983576502063784,821.4565587092654,702.593563361047,64.01840013078186,123.97362351369432,36.801490862425304,741.8918070475261,692.8385131835937,0.0,14.170000076293945
204,2023-11-13,2330.TW,579.0,580.0,571.0,547.80224609375,43866014.0,0,5.407118566991926,545.6062501464005,502.0295927491072,58.32749218218911,218.07239469382492,25.739615023986538,520.524072265625,519.4903696695964,0.0,14.760000228881836
204,2023-11-13,2454.TW,909.0,925.0,905.0,813.712890625,9498188.0,0,28.45922020771752,828.5926809345862,701.3851510966639,66.25629044122572,152.26093203517686,41.02508722381747,746.951318359375,696.0867777506511,0.0,14.760000228881836
205,2023-11-14,2330.TW,576.0,576.0,571.0,548.7616577148438,21568576.0,1,6.536992330438238,549.2507027375359,500.3998313200814,58.586956334337515,198.00238921638658,25.739615023986552,522.0910512288411,519.9863128662109,0.0,14.15999984741211
205,2023-11-14,2454.TW,916.0,917.0,902.0,812.814697265625,4757053.0,1,28.435903184217068,834.5444570449689,702.6184702011248,66.06307380871863,134.44581846739544,39.645881904049595,752.0407633463542,699.5446075439453,0.0,14.15999984741211
206,2023-11-15,2330.TW,583.0,583.0,575.0,557.39599609375,50305088.0,2,8.036504473555738,554.9703836361497,498.6135854800613,60.85598727357888,217.06751753718808,29.353798844823984,523.6260467529297,520.7056650797526,0.0,14.180000305175781
206,2023-11-15,2454.TW,925.0,925.0,900.0,815.5091552734375,8426367.0,2,28.308521473402948,839.3889470868007,706.3062860674961,66.36744398967677,129.9917005278801,41.23139529885989,756.9206461588542,703.0473449707031,0.0,14.180000305175781
207,2023-11-16,2330.TW,581.0,583.0,578.0,559.314697265625,28291435.0,3,9.27281059208724,560.2145089084663,496.91913672141646,61.34288111727658,203.9298873259269,29.353798844824,525.3529184977214,521.4887969970703,0.0,14.319999694824219
207,2023-11-16,2454.TW,914.0,914.0,891.0,802.037109375,7645459.0,3,26.811423740403484,842.125567937181,709.2279354807878,63.42521197415372,99.89206057618897,37.04161496170501,760.543135579427,706.4003926595052,0.0,14.319999694824219
208,2023-11-17,2330.TW,579.0,583.0,579.0,556.4365234375,22031704.0,4,9.906155548697143,563.6970968783655,495.7390450894079,60.18126353508156,181.25267672164267,29.353798844823984,527.2716623942057,522.1603576660157,0.0,13.800000190734863
208,2023-11-17,2454.TW,896.0,905.0,893.0,811.9165649414062,4816081.0,4,26.121045269192336,845.6258310985595,712.5535146045654,64.61524955731278,93.20918983900864,37.04161496170501,764.2554361979167,709.8731913248698,0.0,13.800000190734863
209,2023-11-20,2330.TW,576.0,579.0,575.0,553.5584716796875,22010114.0,0,10.059887167046554,566.6678101777034,495.93426196585136,59.02504436371947,146.23668819175833,25.49017801993836,528.8386403401693,522.6090393066406,0.0,13.40999984741211
209,2023-11-20,2454.TW,920.0,924.0,904.0,819.1017456054688,6970538.0,0,25.855651476478215,848.9590622777141,717.3933364039265,65.46076113605594,107.8403515432585,40.99617160799631,768.0276163736979,713.480712890625,0.0,13.40999984741211
210,2023-11-21,2330.TW,582.0,585.0,581.0,561.2335205078125,35921706.0,1,10.677944133694382,570.7448774480433,495.7906297541051,61.08745123282684,164.45938624393818,28.790583166921973,530.5335337320963,522.9948282877605,0.0,13.350000381469727
210,2023-11-21,2454.TW,922.0,934.0,915.0,831.6756591796875,9543750.0,1,26.35611771833169,852.8251686571062,723.4067527296125,66.89288567450075,119.5946330570965,42.94731837947253,772.2189270019531,716.9984191894531,0.0,13.350000381469727
211,2023-11-22,2330.TW,576.0,579.0,574.0,553.5584716796875,21969125.0,2,10.428236264128941,572.9748741263892,496.7265632515406,58.06411186729077,114.66821042336,22.254913419651245,531.5888437906901,523.538916015625,0.0,12.850000381469727
211,2023-11-22,2454.TW,928.0,942.0,925.0,846.0458984375,6417661.0,2,27.594210062337766,858.6846791811116,728.3249033384196,68.43999794617991,129.3973428698692,44.46707328751918,776.0509806315105,720.7107228597005,0.0,12.850000381469727
212,2023-11-23,2330.TW,574.0,578.0,574.0,554.517822265625,14486134.0,3,10.190285280958392,574.2186747385327,499.9918111013111,58.33077914555199,103.63925593368437,22.254913419651253,532.4842580159506,524.0512898763021,0.0,12.850000381469727
212,2023-11-23,2454.TW,951.0,951.0,929.0,835.2681884765625,5187583.0,3,27.39000121662764,859.867115775024,737.2914169398197,66.04542010477934,121.54779207407141,46.13687468692414,779.4938415527344,724.1386149088542,0.0,12.850000381469727
213,2023-11-24,2330.TW,577.0,578.0,574.0,551.6397705078125,10058969.0,4,9.658139680308523,574.6881666528622,503.55168320065343,57.20192192391357,90.14326584710824,22.25491341965125,533.187798055013,524.4679931640625,0.0,12.460000038146973
213,2023-11-24,2454.TW,935.0,950.0,932.0,848.7402954101562,4498302.0,4,27.992569680842962,857.8687529286753,752.2229646006215,67.51513250112893,120.75247834679755,46.13687468692416,782.5774475097656,727.6563222249349,0.0,12.460000038146973
214,2023-11-27,2330.TW,573.0,577.0,568.0,544.9241943359375,18528520.0,0,8.595436772607286,573.7986764985573,507.8949209135521,54.64903447625268,63.84493296975826,16.638354069027965,533.9233184814453,524.7250681559245,0.0,12.6899995803833
214,2023-11-27,2454.TW,946.0,951.0,931.0,836.1663818359375,5615291.0,0,27.14261665782385,860.1830363467371,756.5549092099035,64.80673536066432,105.20338622745332,46.13687468692415,785.3018005371093,730.979433186849,0.0,12.6899995803833
215,2023-11-28,2330.TW,565.0,576.0,565.0,551.6397705078125,26343906.0,1,8.200596531784981,572.3084828263407,513.7982371443625,56.65041314509002,62.825693679608165,13.931035659510593,534.6908192952474,525.1894744873047,0.0,12.6899995803833
215,2023-11-28,2454.TW,929.0,942.0,925.0,846.0458984375,5645888.0,1,26.955491018412772,861.0921794338874,764.6271442965813,65.9180180408732,96.05671755366546,42.96423913195749,788.8045389811198,734.5270782470703,0.0,12.6899995803833
216,2023-11-29,2330.TW,578.0,579.0,570.0,550.6803588867188,24868842.0,2,7.721260416244718,569.0731409541783,521.4467015751187,56.283327462601484,67.4838322145336,15.94922965145572,535.778109741211,525.6537913004557,0.0,12.979999542236328
216,2023-11-29,2454.TW,941.0,949.0,936.0,851.4346923828125,5118355.0,2,26.931572804323082,861.7025037867835,773.1778245823572,66.51463982185336,104.32355752164749,44.42051919433852,792.8461588541667,738.089692179362,0.0,12.979999542236328
217,2023-11-30,2330.TW,576.0,577.0,570.0,553.5584716796875,47192647.0,3,7.4873136377131,568.7109080665872,524.6870411521628,57.145096678649146,63.89449229101036,15.949229651455719,536.7694610595703,526.0229685465495,0.0,12.920000076293945
217,2023-11-30,2454.TW,949.0,953.0,939.0,848.7402954101562,7275320.0,3,26.39098330989873,863.4815048738144,778.31448511642,65.91778306339667,101.61078286624446,45.24692130249007,796.2890218098959,741.5924296061198,0.0,12.920000076293945
218,2023-12-01,2330.TW,573.0,579.0,573.0,555.4772338867188,28051165.0,4,7.371760135095087,568.3319235291133,527.9441445861212,57.719896366440146,68.646245830933,17.33218464611345,537.5049835205078,526.5036295572917,0.0,12.630000114440918
218,2023-12-01,2454.TW,942.0,947.0,938.0,850.5364990234375,3387061.0,4,25.80997947528374,864.5947691613297,784.1168763464829,66.1273962952034,94.26697385633062,44.690530036549134,799.8516337076823,745.0203216552734,0.0,12.630000114440918
219,2023-12-04,2330.TW,582.0,582.0,571.0,550.6803588867188,26847171.0,0,6.8145614216720105,567.0445486274036,531.5340158257213,55.78484397012238,59.478061003204246,19.390292870211233,538.4643564860027,526.9361450195313,0.0,13.079999923706055
219,2023-12-04,2454.TW,945.0,946.0,930.0,837.9625854492188,5071102.0,0,24.057599023401053,864.2998436505441,788.9923072283623,63.307804288713555,77.45301189778782,40.24449942354138,803.2046793619792,748.328461710612,0.0,13.079999923706055
220,2023-12-05,2330.TW,571.0,572.0,567.0,546.8428344726562,22229723.0,1,5.994223611219354,565.9665339170022,534.0510808290917,54.278881722748984,32.30480676002189,15.426603101001021,539.2958119710287,527.4319091796875,0.0,12.850000381469727
220,2023-12-05,2454.TW,925.0,933.0,921.0,834.3701171875,5175120.0,1,22.123912048434022,863.6699493181454,793.3045685041202,62.51990827069188,58.29211490563486,35.4023916034894,806.5876688639323,751.5018829345703,0.0,12.850000381469727
221,2023-12-06,2330.TW,568.0,575.0,568.0,546.8428344726562,21518089.0,2,5.283198561779159,564.7112973303097,536.6494448571902,54.278881722748984,35.34380137994068,17.550355801966315,540.1272674560547,527.975375366211,0.0,12.970000267028809
221,2023-12-06,2454.TW,925.0,933.0,925.0,832.5737915039062,3093275.0,2,20.213494145472737,864.1106946119013,794.0314074388799,62.12000172763636,56.9539497061514,35.40239160348939,809.73115234375,754.7651173909505,0.0,12.970000267028809
222,2023-12-07,2330.TW,570.0,573.0,566.0,543.0053100585938,20840397.0,3,4.3597929693165725,563.4605681353473,538.763595683012,52.75480647467346,20.40796184513271,15.549253409049172,541.246533203125,528.5025863647461,0.0,13.0600004196167
222,2023-12-07,2454.TW,933.0,943.0,927.0,836.1663818359375,3018069.0,3,18.772963165147985,864.5460644963373,795.9312060114753,62.614752310265246,66.157453803978,37.9497844097437,813.1440755208333,758.013383992513,0.0,13.0600004196167
223,2023-12-08,2330.TW,574.0,577.0,570.0,546.8428344726562,33507214.0,4,3.8927700933957112,561.5174226968602,541.9539151937647,54.08839321104938,35.733271835941004,18.422475124690134,542.429756673177,528.9665491739909,0.0,12.350000381469727
223,2023-12-08,2454.TW,941.0,946.0,937.0,846.9439697265625,4934438.0,4,18.290155698883837,863.3679325462718,802.4083491920095,64.07107533595962,83.81365007457818,38.699997234949336,817.3952596028646,761.2317108154297,0.0,12.350000381469727
224,2023-12-11,2330.TW,572.0,575.0,570.0,550.6803588867188,27378610.0,0,3.78863422247548,561.5010477514473,542.2581014184744,55.39098846662643,35.71515289332814,18.422475124690145,543.7728780110677,529.5421737670898,0.0,12.630000114440918
224,2023-12-11,2454.TW,942.0,944.0,932.0,845.147705078125,5648215.0,0,17.560161154579077,864.0039018895079,804.9158612940857,63.64362626549711,72.08470374820926,35.86776010654046,819.9100463867187,764.3602233886719,0.0,12.630000114440918
225,2023-12-12,2330.TW,580.0,581.0,575.0,554.517822265625,29403010.0,1,3.9699933973308816,561.7404020985487,542.5943635264514,56.66291789608414,63.23739865016211,22.6470249915026,545.339853922526,529.9898808797201,0.0,12.069999694824219
225,2023-12-12,2454.TW,950.0,950.0,935.0,843.3514404296875,4510280.0,1,16.644820546651317,863.9338665107673,808.0395709892327,63.207398268410046,74.97030907944438,37.453246198755984,822.814023844401,767.4438303629557,0.0,12.069999694824219
226,2023-12-13,2330.TW,576.0,579.0,576.0,553.5584716796875,22977731.0,2,3.9903124390890525,561.256650105765,542.6943630778287,56.24815011066563,58.489436055297794,22.647024991502597,546.9068318684896,530.2936823527018,0.0,12.1899995803833
226,2023-12-13,2454.TW,944.0,955.0,939.0,857.7216186523438,5889291.0,2,16.88432775753381,865.9084916611572,810.2861921767334,65.18242176573203,96.5028090688246,38.75843788575114,826.0772562662761,770.31787109375,0.0,12.1899995803833
227,2023-12-14,2330.TW,581.0,582.0,579.0,561.2736206054688,39409958.0,3,4.576211731922058,561.7150572751219,542.4318482424561,58.759570892078706,96.55237701467527,24.732635208186153,548.1233723958334,531.0138819376627,0.0,12.479999542236328
227,2023-12-14,2454.TW,961.0,969.0,953.0,867.6012573242188,6610988.0,3,17.667681171658728,866.6285554562721,816.1225431765404,66.4628069557525,135.64338129716367,42.24911331644281,829.0111755371094,773.0721608479818,0.0,12.479999542236328
228,2023-12-15,2330.TW,585.0,586.0,580.0,564.166748046875,54323262.0,4,5.2138898663596365,563.3738483417827,541.546079636733,59.65788502796463,122.29217819710881,27.43141094420959,549.3723958333334,531.8142786661784,0.0,12.279999732971191
228,2023-12-15,2454.TW,975.0,998.0,971.0,894.5452880859375,11839614.0,4,20.229459831751342,876.7848810877105,814.2290898595551,69.61521883822022,215.9667129165025,48.535023962505505,832.7833536783854,776.4102396647136,0.0,12.279999732971191
229,2023-12-18,2330.TW,579.0,585.0,577.0,564.166748046875,26122277.0,0,5.654077693699833,565.0951957943615,540.8855598208728,59.65788502796462,108.38936861876746,23.982322171685055,550.5894409179688,532.6626449584961,0.0,12.5600004196167
229,2023-12-18,2454.TW,995.0,997.0,981.0,888.2583618164062,4783607.0,0,21.504495044234773,883.1108453825383,814.8187871858212,68.07076151404526,207.0346227326962,48.53502396250552,835.9867146809896,779.8531016031901,0.0,12.5600004196167
230,2023-12-19,2330.TW,588.0,588.0,580.0,564.166748046875,28254292.0,1,5.934520262505316,565.7238584959928,540.5502198731479,59.65788502796462,130.0147779357137,26.05281060800936,551.6465881347656,533.6389266967774,0.0,12.529999732971191
230,2023-12-19,2454.TW,977.0,994.0,977.0,890.9527587890625,5008169.0,1,22.473326431214332,889.8389596214015,814.0183829078953,68.3817583039954,191.5623423530923,46.186338592594666,839.1002583821614,783.5354665120443,0.0,12.529999732971191
231,2023-12-20,2330.TW,587.0,587.0,583.0,564.166748046875,38121456.0,2,6.0866103630517046,567.1884557114844,540.1464502943751,59.65788502796463,136.20953392438486,26.05281060800937,552.6717610677083,534.6951568603515,0.0,13.670000076293945
231,2023-12-20,2454.TW,993.0,995.0,983.0,882.8695068359375,6393160.0,2,22.331458267142693,893.9839673225229,813.5557360466178,66.37533814318498,176.28564030874665,46.40550773001241,841.1659769694011,787.083110555013,0.0,13.670000076293945
232,2023-12-21,2330.TW,577.0,579.0,575.0,556.4515991210938,24923414.0,3,5.520952726237056,567.3383011953881,540.189982496018,55.93677703444442,25.64606365891405,16.96169637195474,553.4077779134115,535.5748326619466,0.0,13.649999618530273
232,2023-12-21,2454.TW,972.0,983.0,972.0,876.5825805664062,4418453.0,3,21.46429726633619,896.2917771534248,815.3793654247002,64.84449656138757,129.9770049727995,39.92087604345673,843.291573079427,790.3912516276042,0.0,13.649999618530273
233,2023-12-22,2330.TW,582.0,582.0,579.0,561.2736206054688,18690214.0,4,5.399519502929138,568.1815010033266,540.3101676978453,57.64489654168088,81.95109306473152,19.221723684728612,554.3045288085938,536.6308120727539,0.0,13.029999732971191
233,2023-12-22,2454.TW,980.0,990.0,979.0,889.156494140625,3285155.0,4,21.543337467770357,900.7825462812998,814.930216169872,66.44563149874953,148.5515403319871,41.62302703602958,846.4649943033854,794.1784006754557,0.0,13.029999732971191
234,2023-12-25,2330.TW,582.0,585.0,580.0,560.309326171875,9548143.0,0,5.165922755773522,568.4745909756496,541.5555909091161,57.186292676568065,91.50023427929573,21.433770862879285,554.7214314778646,537.6227518717448,0.0,13.029999732971191
234,2023-12-25,2454.TW,991.0,998.0,987.0,893.647216796875,3304233.0,0,21.717989713013367,905.2109091465063,816.2499368007593,67.0009033824032,152.766008714194,43.51503330822068,849.129471842448,798.0403951009115,0.0,13.029999732971191
235,2023-12-26,2330.TW,583.0,586.0,582.0,565.131103515625,16094308.0,1,5.308677648882394,569.7746723207948,541.604642864752,58.8785485533209,123.29370407167642,22.168717810772414,555.267079671224,538.6790654500326,0.0,12.989999771118164
235,2023-12-26,2454.TW,999.0,1005.0,995.0,898.1378784179688,3241620.0,1,21.965556471678838,910.2300751993433,816.4399687459692,67.5563014008705,152.897954088569,45.12489178841035,851.9735778808594,802.0071706136067,0.0,12.989999771118164
236,2023-12-27,2330.TW,587.0,592.0,586.0,570.91748046875,33401336.0,2,5.821616218255258,572.1161871391653,541.2868402045847,60.80195230675125,182.86521341806235,26.439795922126798,555.7177958170573,539.6719212849935,0.0,12.430000305175781
236,2023-12-27,2454.TW,1010.0,1050.0,1010.0,934.0634155273438,8561649.0,2,24.775054079788447,923.5968628701241,811.3360533896414,71.52286774438966,211.59291765467776,53.86849052557617,855.9253865559896,806.4230163574218,0.0,12.430000305175781
237,2023-12-28,2330.TW,592.0,593.0,589.0,571.8818359375,25514849.0,3,6.234076601426864,574.3661865358648,540.8691772336664,61.11552049449911,183.58267661222877,27.129255079987978,556.1367004394531,540.7448094685873,0.0,12.470000267028809
237,2023-12-28,2454.TW,1045.0,1055.0,1025.0,920.5912475585938,5447955.0,3,25.619187773241833,931.1972713606043,810.9207401140051,68.28423082758229,189.12469498346744,54.69817183151068,859.8771911621094,810.2101633707682,0.0,12.470000267028809
238,2023-12-29,2330.TW,589.0,593.0,589.0,571.8818359375,18416318.0,4,6.486185715140778,576.3138762263726,540.5619477482368,61.11552049449911,163.05480140189627,27.129255079987974,556.6515441894531,541.9616032918294,0.0,12.449999809265137
238,2023-12-29,2454.TW,1025.0,1030.0,1010.0,911.6099853515625,5039654.0,4,25.272135565323083,936.0389729851421,812.1863871222798,66.21644133972306,134.34355051564626,46.52002087345095,863.2003051757813,813.727870686849,0.0,12.449999809265137
239,2024-01-02,2330.TW,590.0,593.0,589.0,571.8818359375,26059058.0,1,6.609790454073504,577.9424817675358,541.0534899121517,61.11552049449911,144.93312253100459,27.129255079987963,557.2623229980469,543.0504816691081,0.0,13.199999809265137
239,2024-01-02,2454.TW,1010.0,1015.0,980.0,881.0732421875,10009034.0,1,22.27624752938368,935.8532798845307,816.6831458967193,59.84255086638769,68.0130104855795,32.07423126345652,865.2660217285156,816.6468190511067,0.0,13.199999809265137
240,2024-01-03,2330.TW,584.0,585.0,576.0,557.4160766601562,37106763.0,2,5.477342832701538,577.5257553539128,542.5275405445246,53.94876012321597,13.992067836679642,12.019041772109922,557.1350748697917,543.834304300944,0.0,14.039999961853027
240,2024-01-03,2454.TW,976.0,977.0,953.0,855.9253540039062,12547023.0,2,17.669082106553446,934.4690294625307,820.2229200003599,55.30708801935901,-7.559809961043081,20.97001727319804,866.0743448893229,819.146635945638,0.0,14.039999961853027
241,2024-01-04,2330.TW,580.0,581.0,577.0,559.3448486328125,15309129.0,3,4.681539834470755,577.0248717199901,544.278625594463,54.68176566683313,8.633011001430578,12.019041772109935,557.3279541015625,544.4583989461263,0.0,14.130000114440918
241,2024-01-04,2454.TW,940.0,947.0,922.0,855.5565795898438,8449251.0,3,13.828704604609811,932.6746888185876,824.3155394528967,55.24357309365746,-59.18723868013317,9.986756102253326,866.391367594401,821.2211741129557,0.0,14.130000114440918
242,2024-01-05,2330.TW,578.0,580.0,574.0,555.4871826171875,18158971.0,4,3.6969625366564287,575.6458556131583,546.9058289571542,52.93834073680818,-22.009707216743447,8.82473139066358,557.3602661132812,544.9222620646159,0.0,13.350000381469727
242,2024-01-05,2454.TW,929.0,935.0,921.0,849.1030883789062,5524580.0,4,10.14746134518316,931.4710229297798,826.8128759960014,54.118456318960185,-74.9043368443638,9.65452393069669,866.8525309244792,823.1731862386067,0.0,13.350000381469727
243,2024-01-08,2330.TW,582.0,585.0,579.0,562.238037109375,17761275.0,0,3.421969139265343,574.7082336029982,549.3829712309862,55.5064592928597,39.7321473806796,13.097313976339075,557.7135416666666,545.4506698608399,0.0,13.079999923706055
243,2024-01-08,2454.TW,930.0,936.0,918.0,848.18115234375,5553064.0,0,7.07411105886672,931.3753095762634,827.0323076112365,53.95605656581327,-75.82349905981178,8.636120041092042,866.8338928222656,824.7056701660156,0.0,13.079999923706055
244,2024-01-09,2330.TW,588.0,589.0,583.0,565.131103515625,22501510.0,1,3.398307595222377,574.2987482610012,551.2375310358738,56.557419707159525,76.84541553619351,16.341722809538325,558.3871053059896,546.1552118937175,0.0,12.760000228881836
244,2024-01-09,2454.TW,938.0,940.0,926.0,855.5565795898438,5782533.0,1,5.173952052357322,930.6583009345817,828.7902037040902,55.071810764253435,-60.001218493576566,9.79170521818708,867.4802327473958,826.3910166422526,0.0,12.760000228881836
245,2024-01-10,2330.TW,581.0,586.0,580.0,563.2025146484375,13037716.0,2,3.187194652244443,574.0592003208852,552.3455482142709,55.65092291482938,42.2416658637939,13.066646623092431,558.772530110677,546.7316747029622,0.0,12.6899995803833
245,2024-01-10,2454.TW,935.0,935.0,922.0,851.8688354492188,4252336.0,2,3.3320820513799845,929.9330883348754,830.3671558057496,54.39008049916285,-70.2670094700103,8.373710453063406,867.6743306477864,828.2394348144531,0.0,12.6899995803833
246,2024-01-11,2330.TW,586.0,589.0,583.0,565.131103515625,23997409.0,3,3.139319011413022,573.6635214221247,553.8984902966253,56.374263302726426,69.65537638120406,15.526612504809393,559.2542215983073,547.5161656697591,0.0,12.4399995803833
246,2024-01-11,2454.TW,932.0,937.0,920.0,848.18115234375,6787619.0,3,1.5568749149913401,930.5321588138902,828.8140386958755,53.70239019220556,-71.70972029843875,8.3737104530634,867.5658793131511,830.2060190836588,0.0,12.4399995803833
247,2024-01-12,2330.TW,581.0,588.0,581.0,563.2025146484375,16496053.0,4,2.9121863467213416,573.6943659355214,554.0605351875255,55.438866826045754,46.422733811432344,13.315234673422987,559.5756896972656,548.172575378418,0.0,12.699999809265137
247,2024-01-12,2454.TW,920.0,929.0,916.0,853.7127685546875,4733940.0,4,0.589569476318502,930.8999179870762,827.0574306457363,54.59326198615909,-74.81941280066857,6.896255986593301,867.7316284179688,832.0103251139323,0.0,12.699999809265137
248,2024-01-15,2330.TW,590.0,590.0,585.0,565.131103515625,21143076.0,0,2.8548936397719444,573.758027735451,554.0933089344709,56.19084116654317,75.03267175676001,14.998417078517456,559.8974853515625,548.7012344360352,0.0,12.699999809265137
248,2024-01-15,2454.TW,935.0,935.0,919.0,850.0249633789062,4242507.0,0,-0.46919353790451623,929.6717000874802,823.8336160746293,53.8782565268028,-68.99591882662631,8.825025482618504,867.7145772298177,833.78310546875,0.0,12.699999809265137
249,2024-01-16,2330.TW,581.0,588.0,579.0,559.3448486328125,27223860.0,1,2.3158902066300016,573.7262851922707,553.642861536245,53.39428998116686,14.97306896320916,8.46241493073088,560.1863016764323,549.3253290812174,0.0,13.84000015258789
249,2024-01-16,2454.TW,915.0,917.0,895.0,825.1327514648438,10182511.0,1,-3.279065291423194,930.9686800487212,816.224075078232,49.363874294614874,-117.25555672932678,0.23278855055276015,867.2869160970052,835.2457977294922,0.0,13.84000015258789
250,2024-01-17,2330.TW,583.0,584.0,578.0,560.309326171875,42592335.0,2,1.94414053726382,573.6420116159011,553.3413929251146,53.79084466510512,-8.522840660038176,7.409879894820983,560.635184733073,549.9654983520508,0.0,14.789999961853027
250,2024-01-17,2454.TW,890.0,903.0,879.0,810.3817138671875,11463245.0,2,-6.61988444291967,932.8221578291592,806.3134928056064,46.952176636009895,-144.74253825542672,4.943192625886253,866.4873026529948,836.5374857584635,0.0,14.789999961853027
251,2024-01-18,2330.TW,586.0,589.0,585.0,567.0598754882812,27209996.0,3,2.1692335827676743,573.9089011769914,553.3638161081648,56.4724707667264,77.3964260191049,11.835210559795689,561.3090861002604,550.7181767781575,0.0,14.130000114440918
251,2024-01-18,2454.TW,884.0,897.0,884.0,826.9765625,6754372.0,3,-7.838089482075816,932.4456591401805,801.1006970609914,49.80607662430825,-127.25277068932787,4.943192625886255,866.3007283528646,838.0159403483073,0.0,14.130000114440918
252,2024-01-19,2330.TW,625.0,627.0,614.0,603.7066650390625,161106401.0,4,5.244258532238973,586.2272892149359,545.7709346620171,67.17144307104972,480.0744678343032,35.91587184602354,563.3324645996094,552.2894989013672,0.0,13.300000190734863
252,2024-01-19,2454.TW,920.0,920.0,907.0,848.18115234375,9037844.0,4,-7.011666445358401,931.3599039897595,799.3463093891469,53.138550378542405,-76.56494837400311,2.77993397465931,866.701220703125,839.9226481119791,0.0,13.300000190734863
253,2024-01-22,2330.TW,633.0,633.0,623.0,603.7066650390625,65168775.0,0,7.593702483612674,594.2906629800536,541.9508653402588,67.17144307104971,406.0057415797308,38.6527728125937,565.2279256184896,553.8288411458333,0.0,13.1899995803833
253,2024-01-22,2454.TW,928.0,943.0,920.0,850.0249633789062,9381596.0,0,-6.137194337915048,928.7490946562255,798.0439656465089,53.41674913071045,-48.50715246124337,9.657786590643527,866.8039204915365,842.0995900472005,0.0,13.1899995803833
254,2024-01-23,2330.TW,629.0,629.0,622.0,605.6354370117188,41072439.0,1,9.501759155236755,601.1551715017965,539.6189679025003,67.61972379279946,303.9577264274256,37.63927460662188,567.0597615559896,555.4163197835286,0.8246431050114688,12.550000190734863
254,2024-01-23,2454.TW,918.0,922.0,909.0,839.8837280273438,6015511.0,1,-6.191114514986566,925.239492546504,796.1772188792771,51.67138024423513,-76.32272376078939,5.949411887951038,866.6284545898437,843.2692504882813,0.8246431050114688,12.550000190734863
255,2024-01-24,2330.TW,628.0,630.0,624.0,604.6710815429688,26635005.0,2,10.811464554059171,606.596430066739,538.1317071402923,67.14548768200414,245.95658097361056,38.10728683761488,568.7315368652344,557.0356953938802,2.6726191642069783,13.140000343322754
255,2024-01-24,2454.TW,916.0,936.0,915.0,862.93212890625,7798880.0,2,-4.3241867875743765,921.0554030991295,796.8407333754799,55.11919267045498,-45.32015292052838,9.95849877676281,867.2811442057292,845.0475840250651,2.6726191642069783,13.140000343322754
256,2024-01-25,2330.TW,635.0,642.0,633.0,619.1367797851562,52243347.0,3,12.868338275558244,614.8687345226306,534.6813326160413,70.37009608608827,256.39142399800136,43.38206914989428,570.91748046875,558.9121561686198,2.5609137514619764,13.449999809265137
256,2024-01-25,2454.TW,939.0,950.0,933.0,869.3856811523438,8962616.0,3,-2.2974023584042698,907.1764678750934,804.251895162016,56.02784609156992,-18.271418116254456,13.761348526312087,867.6699462890625,846.8736012776693,2.5609137514619764,13.449999809265137
257,2024-01-26,2330.TW,644.0,646.0,639.0,621.065673828125,41153025.0,4,14.487073185412555,622.3052766332265,532.1631742945079,70.76588545804725,221.02986068042046,44.998443687986445,572.9105489095052,560.5169606526692,0.41471697485782305,13.260000228881836
257,2024-01-26,2454.TW,936.0,939.0,928.0,862.93212890625,5273128.0,4,-1.1980978998533374,894.5232776476182,811.1391735242569,54.87846819025207,-32.34769510556782,12.013506974821638,867.5143086751302,848.2627421061198,0.41471697485782305,13.260000228881836
258,2024-01-29,2330.TW,646.0,648.0,644.0,624.9232177734375,27825490.0,0,15.897942238645442,629.6310554195704,530.1415336917578,71.55204502541923,194.5926445217741,45.798812341311454,574.9357645670573,562.1540802001953,0.13936987091816883,13.600000381469727
258,2024-01-29,2454.TW,945.0,945.0,926.0,864.7760009765625,7026602.0,0,-0.17607643102837756,882.3928117258642,818.5862410085108,55.15040789765535,-25.95979381382115,13.660238038087572,866.5219991048177,849.6526763916015,0.13936987091816883,13.600000381469727
259,2024-01-30,2330.TW,642.0,647.0,642.0,619.1367797851562,36161825.0,1,16.36055465257823,634.8026707093536,529.6954127867402,68.6858121348547,156.56586545747092,43.636574867036934,576.7680989583333,563.678769938151,4.059458545500749,13.3100004196167
259,2024-01-30,2454.TW,938.0,973.0,938.0,887.8244018554688,9478077.0,1,2.465278079030213,884.2018101352941,817.4523585658777,58.39297328550451,21.337409114701558,20.814764895534715,866.5075337727865,851.247124226888,4.059458545500749,13.3100004196167
260,2024-01-31,2330.TW,634.0,637.0,626.0,605.6354370117188,41277950.0,2,15.459525017839383,636.839740854681,532.4802786765689,62.63014800717639,99.62481878591625,27.934716406473843,578.1503885904948,564.8984883626302,3.3022463695978788,14.350000381469727
260,2024-01-31,2454.TW,976.0,977.0,958.0,890.5901489257812,9080284.0,2,4.727250431632456,890.3573445203938,814.7633036729655,58.76306684097019,42.61897194010744,21.772738221986682,866.4954467773438,852.7978525797527,3.3022463695978788,14.350000381469727
261,2024-02-01,2330.TW,625.0,628.0,619.0,605.6354370117188,44946369.0,3,14.577413195515533,638.5291312713285,535.419947097812,62.6301480071764,75.12953243291658,21.903518589630856,579.5326782226563,566.1022196451823,5.6344372198076,13.880000114440918
261,2024-02-01,2454.TW,951.0,951.0,922.0,857.4005126953125,16712977.0,3,3.7979728882640984,890.4892891422533,814.815752361653,52.919550343157276,-26.21985238480206,9.445319034249215,865.6464803059896,853.4062286376953,5.6344372198076,13.880000114440918
262,2024-02-02,2330.TW,633.0,635.0,628.0,612.3861083984375,26334815.0,4,14.258690673045635,640.327078802513,539.3118921447525,64.31364909475907,89.78179007628924,25.53505411818741,581.3971618652344,567.4024698893229,0.5011111471282357,13.850000381469727
262,2024-02-02,2454.TW,931.0,936.0,926.0,862.93212890625,7360212.0,4,3.467893223577903,891.4123591821,815.2755863745407,53.71314781020972,-28.39850992194898,9.445319034249207,865.191465250651,854.2415191650391,0.5011111471282357,13.850000381469727
263,2024-02-05,2330.TW,645.0,647.0,638.0,622.9944458007812,44017740.0,0,14.692736229937623,643.687477868923,542.0271339474832,66.74878474744813,110.88619552203855,31.207934694187205,583.4545227050781,568.879525756836,1.648075314756918,13.670000076293945
263,2024-02-05,2454.TW,929.0,940.0,928.0,863.8540649414062,5742677.0,0,3.2433084038168545,892.3932688536511,815.8619679627552,53.84727875702509,-20.53633219933538,10.522380572699282,864.3480509440104,855.4065226236979,1.648075314756918,13.670000076293945
264,2024-02-15,2330.TW,709.0,709.0,693.0,672.1781616210938,112945296.0,3,18.788849119976817,658.4245503653215,537.9947672616318,74.94783502738714,229.6890693313586,51.11349650159014,587.1834838867187,570.9524576822917,33.62375070632337,14.010000228881836
264,2024-02-15,2454.TW,983.0,983.0,951.0,896.121826171875,11678406.0,3,5.604457276285643,898.7912493343782,813.5205121402311,58.2298472112289,64.46741698495427,20.975014880801627,864.4305379231771,856.7800048828125,33.62375070632337,14.010000228881836
265,2024-02-16,2330.TW,697.0,699.0,683.0,658.6767578125,44232811.0,4,20.70690137655663,666.5571340061605,539.409607937199,70.04324055009002,178.38547996849712,44.15374722148931,590.3016723632812,572.7843760172526,2.4801056021238397,14.239999771118164
265,2024-02-16,2454.TW,976.0,977.0,963.0,894.2778930664062,4417821.0,4,7.243397401407833,904.1122245690881,812.44044266724,57.904800669220094,72.6360822568808,20.975014880801623,864.3018717447917,858.1377248128255,2.4801056021238397,14.239999771118164
266,2024-02-19,2330.TW,674.0,682.0,674.0,653.8548583984375,34408673.0,0,21.58901984261422,672.2419553370198,542.5971620946209,68.38976565614963,140.09192190941388,38.226573596575655,593.0662516276042,574.3920237223307,0.4432864382502168,14.239999771118164
266,2024-02-19,2454.TW,973.0,973.0,951.0,887.8244018554688,4193442.0,0,7.930113045524081,907.658270824526,812.8587213629739,56.7577104262627,65.11193148356668,16.896771350514896,862.7605712890625,859.3429789225261,0.4432864382502168,14.239999771118164
267,2024-02-20,2330.TW,675.0,688.0,675.0,662.5343017578125,30166461.0,1,22.726486830054114,678.1582865665874,546.6140095759907,69.72075154075537,138.99469875838489,39.929954109595215,596.0880004882813,576.1123504638672,1.2771383065134507,15.420000076293945
267,2024-02-20,2454.TW,960.0,985.0,960.0,905.3411865234375,7570527.0,1,9.775116806615188,914.1969465664288,811.4828874179461,59.03629508453354,120.71257939261805,19.69724302516405,862.2522359212239,861.0647135416667,1.2771383065134507,15.420000076293945
268,2024-02-21,2330.TW,678.0,683.0,678.0,656.7479858398438,30564485.0,2,22.897086911701763,681.6339579974627,552.3000263775372,67.75327504912944,123.85800478911958,39.92995410959522,598.9168721516927,577.7842081705729,0.5033850222832246,15.34000015258789
268,2024-02-21,2454.TW,972.0,986.0,972.0,904.4192504882812,5334177.0,2,11.035690476419632,919.7425910424905,811.376671652822,58.86740620882186,147.1546273974368,19.92985171279114,862.0125447591146,862.6064249674479,0.5033850222832246,15.34000015258789
269,2024-02-22,2330.TW,695.0,695.0,685.0,667.356201171875,33145643.0,3,23.61605187987493,684.7738121310043,559.9613074979019,69.39142640482835,134.28838219519113,43.27761148713891,602.0993509928386,579.6808369954427,3.5533994295244327,14.539999961853027
269,2024-02-22,2454.TW,988.0,1020.0,988.0,935.7650146484375,10182733.0,3,14.398073362442915,930.2565004397446,811.9259885739272,62.6277891073273,228.9448312023782,27.333285147038488,863.8356038411458,864.5508127848308,3.5533994295244327,14.539999961853027
270,2024-02-23,2330.TW,701.0,703.0,696.0,672.1781616210938,46448923.0,4,24.294872538512777,686.9046971673055,569.0173060065227,70.1055342154102,139.73118347669993,45.37698961500215,605.9247538248698,581.5299143473308,23.303888487358524,13.75
270,2024-02-23,2454.TW,1035.0,1100.0,1010.0,1014.129638671875,23431414.0,4,23.11964735407264,962.4881552562088,800.0691262379319,69.77420323487054,334.65507158943416,40.68310183945308,869.1090799967448,867.5917124430339,23.303888487358524,13.75
271,2024-02-26,2330.TW,700.0,700.0,695.0,673.142578125,28798079.0,0,24.62678095175113,688.0814945148653,578.4487789226347,70.2491441229952,126.86895267750182,44.68453464029346,609.7180114746094,583.522982788086,0.43805045248018737,13.739999771118164
271,2024-02-26,2454.TW,1090.0,1120.0,1060.0,1027.9586181640625,12036894.0,0,30.792484059875733,991.7193878255804,790.9360992349665,70.79375311014276,312.7300324985211,43.37353668416616,874.8558146158854,870.6235911051432,0.43805045248018737,13.739999771118164
272,2024-02-27,2330.TW,700.0,701.0,691.0,673.142578125,33006829.0,1,24.606176079447664,692.4587922494704,581.0150724966234,70.2491441229952,115.39628457346713,41.88797107700654,613.6398579915365,585.5000620524089,0.0168270260118236,13.430000305175781
272,2024-02-27,2454.TW,1125.0,1160.0,1105.0,1027.9586181640625,17137848.0,1,36.453054310083985,1015.5401171397999,785.0931165027781,70.79375311014276,294.50801354489914,48.23158845193863,880.8176656087239,873.8350982666016,0.0168270260118236,13.430000305175781
273,2024-02-29,2330.TW,691.0,698.0,688.0,665.4274291992188,54368302.0,3,23.694166922769682,694.6721807849726,584.9737603771368,67.47417974167766,99.28146117720674,39.79159990602608,617.0795043945312,587.3965230305989,3.2352036060804417,13.399999618530273
273,2024-02-29,2454.TW,1115.0,1145.0,1110.0,1051.0069580078125,9126357.0,3,42.31116860281088,1041.1301103741403,779.6013227313287,72.45116332900604,248.8982865686703,48.23158845193863,887.578525797526,877.2062093098958,3.2352036060804417,13.399999618530273
274,2024-03-01,2330.TW,697.0,697.0,688.0,664.463134765625,23390635.0,4,22.632687065478194,696.1850013363039,589.343709601196,67.13130926134102,91.50366685677194,39.79159990602609,620.3905721028646,589.388838704427,3.5063837300762892,13.109999656677246
274,2024-03-01,2454.TW,1165.0,1165.0,1095.0,1018.7393798828125,12066326.0,4,43.84462891363535,1054.1764460780805,784.4405522129351,66.9488260939637,199.66742812913606,50.50371152804313,893.0179524739583,880.249092610677,3.5063837300762892,13.109999656677246
275,2024-03-04,2330.TW,714.0,725.0,711.0,699.1810913085938,88861397.0,0,24.31264454024233,703.3854901721039,591.5942217419587,72.36207902958677,133.2242304895233,47.53412793629519,624.9231913248698,591.8478607177734,14.060486991221895,13.489999771118164
275,2024-03-04,2454.TW,1115.0,1155.0,1105.0,1060.2264404296875,12304302.0,0,47.85591314290366,1075.0879652894985,783.2584641538608,69.98108565875685,184.6061529904801,50.50371152804311,899.9632059733073,883.8187683105468,14.060486991221895,13.489999771118164
276,2024-03-05,2330.TW,735.0,738.0,728.0,704.0030517578125,64403889.0,1,25.73644117812546,711.3287527648994,592.1375863464287,72.979900350609,140.44095093257314,50.5861188974645,629.552256266276,594.4032389322916,0.15183673028304015,14.460000038146973
276,2024-03-05,2454.TW,1150.0,1160.0,1130.0,1064.8360595703125,8416339.0,1,50.82100957118064,1093.9008098753607,783.9906574097956,70.29433802205449,168.85283432832023,51.078166850382566,907.1850362141927,887.3754577636719,0.15183673028304015,14.460000038146973
277,2024-03-06,2330.TW,718.0,738.0,717.0,708.8248901367188,43687122.0,2,26.94330666314056,719.0398658756426,593.2023948665449,73.59060088955366,126.08019232231757,43.289953370733365,634.4063354492188,596.9910125732422,2.257515338998177,14.5
277,2024-03-06,2454.TW,1145.0,1200.0,1140.0,1097.1038818359375,9634661.0,2,55.13900530474098,1116.4358646592107,784.8727779189145,72.38137121421062,168.567494481251,55.36532265395749,915.2980733235677,891.5148508707682,2.257515338998177,14.5
278,2024-03-07,2330.TW,755.0,769.0,754.0,732.9345092773438,71817344.0,3,29.505084775271825,731.330166822463,591.7132230701151,76.35489108331484,165.28433551617888,50.309022837599215,639.9997823079427,599.9486338297526,6.037809434345295,14.4399995803833
278,2024-03-07,2454.TW,1220.0,1260.0,1215.0,1133.9813232421875,15008514.0,3,60.83547585861322,1143.679470294888,784.5497045097995,74.4995037695327,188.3253503336456,60.70828426761267,924.7632853190104,896.2389312744141,6.037809434345295,14.4399995803833
279,2024-03-08,2330.TW,795.0,796.0,772.0,756.0798950195312,87139744.0,4,33.02229116342312,746.9817053812086,589.755996034807,78.5813493110692,188.58144882721757,55.294490588472236,646.5576171875,603.3719594319662,5.566389478022376,14.739999771118164
279,2024-03-08,2454.TW,1260.0,1275.0,1195.0,1133.9813232421875,16121484.0,4,64.60524081261894,1167.3546083047395,785.4902586386199,74.49950376953271,162.9684987151414,54.33763779583343,935.0582377115885,901.1725769042969,5.566389478022376,14.739999771118164
280,2024-03-11,2330.TW,768.0,778.0,761.0,738.720947265625,64759810.0,0,34.016855423105994,753.8076531726731,596.2385992687332,73.23136404600795,154.3756226216822,48.994348455359315,652.5046712239583,606.5699279785156,3.1194872351763627,15.220000267028809
280,2024-03-11,2454.TW,1235.0,1245.0,1205.0,1129.37158203125,5703039.0,0,66.45478965940663,1186.4242997525198,790.2987105013865,73.74296033394386,139.34188083313788,54.33763779583343,945.6912333170573,906.089267985026,3.1194872351763627,15.220000267028809
281,2024-03-12,2330.TW,757.0,771.0,754.0,742.578369140625,58110339.0,1,34.71613052901398,759.0503754070658,604.6901702472312,73.64385272125556,141.62258465783668,45.11868337412474,658.3552876790365,609.8321868896485,0.5977429008461576,13.84000015258789
281,2024-03-12,2454.TW,1200.0,1225.0,1190.0,1120.1522216796875,5088394.0,1,66.4110993017365,1197.8356565046638,805.1625246476798,72.22549589673872,116.78345693787868,49.57856465670595,955.4637552897135,910.8822418212891,0.5977429008461576,13.84000015258789
282,2024-03-13,2330.TW,785.0,785.0,777.0,751.2578125,36754557.0,2,35.560747469141006,764.6488078393231,612.97890822513,74.55645469796166,155.5733476076423,47.92146006537414,663.2736592610677,613.3030619303386,0.673767193176363,13.75
282,2024-03-13,2454.TW,1245.0,1260.0,1210.0,1120.1522216796875,6917876.0,2,65.62004732002663,1206.1235886236907,822.5966018059969,72.22549589673874,117.69007574903104,53.07147528779053,964.5294576009114,915.6153391520182,0.673767193176363,13.75
283,2024-03-14,2330.TW,779.0,785.0,770.0,756.0798950195312,42010806.0,3,36.20190125591341,770.3348907711263,620.6013702152018,75.05291587490566,142.63417041987603,44.11461448281048,668.3527669270833,616.7903462727865,11.778154414949132,14.399999618530273
283,2024-03-14,2454.TW,1220.0,1230.0,1140.0,1060.2264404296875,12529434.0,3,59.47206624093599,1203.1797011389535,845.1777268395622,63.1817375896741,76.87365326615709,33.88259461235025,971.5361735026041,919.1700469970704,11.778154414949132,14.399999618530273
284,2024-03-15,2330.TW,771.0,777.0,753.0,726.1838989257812,73316437.0,4,33.90680665744685,773.393141487207,622.9436932295898,66.70517701746515,103.93255629761245,35.362621312746015,672.3710489908855,619.7154052734375,8.493056917952199,14.40999984741211
284,2024-03-15,2454.TW,1135.0,1150.0,1120.0,1046.3973388671875,8516381.0,4,52.874351410847225,1200.3793018505103,863.0056773975365,61.34789686857259,48.51396958885648,29.099222007993635,978.4199605305989,922.5242075602214,8.493056917952199,14.40999984741211
285,2024-03-18,2330.TW,754.0,765.0,754.0,740.2325439453125,43589856.0,0,32.84294289458205,777.2989433246449,627.1934700054331,68.41304282631472,96.6520378494147,35.362621312746015,676.8897644042969,622.8106506347656,3.0716727341469303,14.329999923706055
285,2024-03-18,2454.TW,1135.0,1180.0,1135.0,1078.6651611328125,5901035.0,0,49.67671619513624,1197.712846734733,884.1108593199546,63.87855842555605,61.36925131224458,32.82349910217444,985.6110616048177,926.4461029052734,3.0716727341469303,14.329999923706055
286,2024-03-19,2330.TW,758.0,765.0,755.0,738.2947998046875,30152375.0,1,31.48057496781564,779.5328634560915,633.4035440146117,67.9159538993538,88.05139300399672,35.362621312746015,680.8616984049479,625.889589436849,1.1816133663094484,13.819999694824219
286,2024-03-19,2454.TW,1150.0,1165.0,1135.0,1060.2264404296875,8740357.0,1,45.13443491687099,1188.881785591581,910.1821243205285,61.49838271123813,50.39963638420689,32.823499102174445,991.9724202473958,929.8211832682292,1.1816133663094484,13.819999694824219
287,2024-03-20,2330.TW,764.0,769.0,752.0,734.419189453125,41280325.0,2,29.745274199851792,781.0706898673894,639.054206372845,66.91005689958423,79.85663571611937,36.36919871995864,684.6401489257812,628.7753489176432,1.1995488779281953,13.039999961853027
287,2024-03-20,2454.TW,1145.0,1175.0,1120.0,1041.78759765625,6032629.0,2,39.59041016263723,1178.2475842357958,934.4609667895947,59.215844927127826,41.86395877515272,29.19234821866316,997.9342692057292,932.7242889404297,1.1995488779281953,13.039999961853027
288,2024-03-21,2330.TW,773.0,784.0,772.0,759.6104125976562,46026103.0,3,30.056286849171443,784.8419851203125,645.5691537957032,69.9070069034924,103.0522638317925,39.99422387480866,689.1297220865886,632.0327433268229,5.302141970268359,12.920000076293945
288,2024-03-21,2454.TW,1160.0,1160.0,1125.0,1051.0069580078125,6391070.0,3,35.531075808577725,1162.567263973039,964.800057804305,59.984051089182614,38.63900515888946,29.192348218663167,1004.1419677734375,935.3319834391276,5.302141970268359,12.920000076293945
289,2024-03-22,2330.TW,788.0,789.0,775.0,760.5792846679688,30660820.0,4,30.034724880869362,788.4900726692506,651.2433745963745,70.01505749199896,100.51957473860845,41.150309020860284,693.844472249349,635.3062856038412,0.8237137878581361,13.0600004196167
289,2024-03-22,2454.TW,1140.0,1145.0,1110.0,1037.1781005859375,5827756.0,4,30.842616383102495,1148.5837083029035,988.9249220681902,58.280640287240445,25.069270132651056,25.52012349902989,1009.1204243977865,937.8139790852864,0.8237137878581361,13.0600004196167
290,2024-03-25,2330.TW,783.0,788.0,779.0,755.73486328125,19877101.0,0,29.289105964588884,790.5858281136719,657.5032893179688,68.73844183258002,93.64208615095679,41.150309020860284,698.8477864583333,638.4990875244141,0.3470472304377834,13.1899995803833
290,2024-03-25,2454.TW,1120.0,1140.0,1115.0,1032.5682373046875,3241531.0,0,26.45010077230131,1147.243268601812,992.1092216325633,57.71544226295755,21.06391900336985,25.520123499029896,1013.85302734375,940.1742370605468,0.3470472304377834,13.1899995803833
291,2024-03-26,2330.TW,788.0,792.0,776.0,757.6726684570312,40990702.0,1,28.52573536366299,791.8723522962196,664.6697741686241,68.97254448525365,90.30644142917816,42.105241167599424,703.915694173177,641.7241861979167,0.14850356589608735,13.239999771118164
291,2024-03-26,2454.TW,1140.0,1170.0,1120.0,1041.78759765625,6534083.0,1,23.44269306216529,1146.6040427964954,994.1313453870985,58.54714244489304,29.949929322278788,29.791414774213276,1019.9992635091146,942.8228719075521,0.14850356589608735,13.239999771118164
292,2024-03-27,2330.TW,785.0,785.0,779.0,754.7658081054688,18794479.0,2,27.370687082912923,791.3688020854594,673.3356473774312,68.18024101195293,81.77723402052624,42.1052411675994,708.6616841634115,645.0294230143229,3.643115582780845,12.779999732971191
292,2024-03-27,2454.TW,1135.0,1175.0,1125.0,1074.055419921875,5980133.0,2,23.393380044403784,1146.2513253849118,999.0937429744635,61.30298612695799,39.6948505551062,30.478814596968284,1027.0367065429687,946.1140858968099,3.643115582780845,12.779999732971191
293,2024-03-28,2330.TW,774.0,776.0,768.0,745.0770263671875,27190918.0,3,25.380923794667638,786.4079820843607,686.2614270953269,65.58263986725196,60.61095106752038,35.6284722228254,712.731103515625,648.0928131103516,1.0241160063149737,13.010000228881836
293,2024-03-28,2454.TW,1160.0,1180.0,1135.0,1069.44580078125,6926740.0,3,22.72043435784076,1146.4891342970998,1000.6998183396187,60.706563108002285,40.56816478846239,31.1758952380883,1033.8897644042968,949.1189076741537,1.0241160063149737,13.010000228881836
294,2024-03-29,2330.TW,769.0,777.0,768.0,751.8593139648438,9802000.0,4,24.073788333877587,777.98981093651,703.4192161630993,66.50670398953864,61.50358616686534,35.903207971689625,715.3871419270833,651.285312906901,1.1553536357971905,13.010000228881836
294,2024-03-29,2454.TW,1160.0,1185.0,1160.0,1092.494140625,4051000.0,4,23.7728893843489,1145.8247489607813,1008.7396797501563,62.58920436968667,58.55210206180902,31.88245370606724,1040.435508219401,952.4330230712891,1.1553536357971905,13.010000228881836
295,2024-04-01,2330.TW,783.0,783.0,769.0,746.0458984375,21041261.0,0,22.311585941283965,774.8297049122657,711.2658029002343,64.96020249571072,58.87874060707025,37.557366303616845,718.2994466145833,654.3005594889323,1.7516513440966301,13.649999618530273
295,2024-04-01,2454.TW,1190.0,1200.0,1155.0,1069.44580078125,5359025.0,0,22.487932288057436,1145.9258095959099,1009.5605551501841,59.63349923090357,50.45125733128511,33.985699701676026,1046.2744384765624,955.288155110677,1.7516513440966301,13.649999618530273
296,2024-04-02,2330.TW,784.0,790.0,783.0,765.423828125,37974481.0,1,22.222497706130298,773.5932336294602,718.6443518197586,67.5612500647128,81.29122863792021,39.443496299369464,722.0184122721354,657.5423319498698,3.038766732080353,14.609999656677246
296,2024-04-02,2454.TW,1170.0,1185.0,1160.0,1074.055419921875,4164058.0,1,21.592645693441227,1146.1435840276881,1010.264716753562,60.02407816441995,44.114154254663596,33.98569970167603,1052.482139078776,957.6213551839193,3.038766732080353,14.609999656677246
297,2024-04-03,2330.TW,783.0,785.0,778.0,755.73486328125,30890544.0,2,21.126542517837947,769.8731909238801,727.0553918397917,65.06312106616498,65.79711889346775,36.39912777059942,725.12509765625,660.6065490722656,0.9998746645562104,14.329999923706055
297,2024-04-03,2454.TW,1150.0,1175.0,1140.0,1069.44580078125,4100953.0,2,20.27742138512599,1144.265027090825,1009.3774655849563,59.429223292586364,19.32256541142461,28.331768687009294,1057.9522928873698,960.1022644042969,0.9998746645562104,14.329999923706055
298,2024-04-08,2330.TW,789.0,792.0,783.0,758.6415405273438,32202226.0,0,20.25900153786722,770.3024214645453,729.1968644241266,65.45948008280435,74.86394656918617,38.34849619541609,728.5215494791667,663.7192108154297,0.5057922850722267,15.1899995803833
298,2024-04-08,2454.TW,1175.0,1180.0,1145.0,1060.2264404296875,4066781.0,0,18.280445715190353,1135.2747267124626,1010.9922776820689,58.235153393703364,11.027816737777483,29.105460688080477,1063.1458658854167,962.5792053222656,0.5057922850722267,15.1899995803833
299,2024-04-09,2330.TW,795.0,820.0,792.0,793.5216064453125,56857731.0,1,22.130887777108455,779.951731053197,723.291725978053,69.7234554579403,130.17653119870226,45.28755016301071,732.7270629882812,667.4132069905598,9.917965558550083,14.979999542236328
299,2024-04-09,2454.TW,1160.0,1175.0,1150.0,1069.44580078125,3322521.0,1,17.24298701925818,1125.0528021536109,1014.7606499948267,59.08556563771015,8.17997790041951,29.105460688080502,1067.6018920898437,965.7187479654948,9.917965558550083,14.979999542236328
300,2024-04-10,2330.TW,815.0,819.0,810.0,789.64599609375,27480849.0,2,23.036095967553365,786.4888873279682,721.8470745860942,68.74794571811627,141.10727223991802,45.28755016301071,736.6426574707032,671.2837056477864,3.527625293401727,15.800000190734863
300,2024-04-10,2454.TW,1170.0,1215.0,1165.0,1101.7135009765625,6393274.0,2,18.807723531898773,1118.5396710282025,1018.5079730147662,61.89483233192527,71.89373571133396,35.10337215964371,1070.5213541666667,969.8152170817058,3.527625293401727,15.800000190734863
301,2024-04-11,2330.TW,811.0,820.0,811.0,794.490478515625,25200651.0,3,23.869239489784604,793.2367518992298,720.2904209523326,69.30330603735216,143.82076435219992,45.52190127333047,740.687587483724,675.2027994791666,0.08539163077756645,14.90999984741211
301,2024-04-11,2454.TW,1205.0,1230.0,1185.0,1106.3231201171875,6271331.0,3,20.18704257114382,1115.1526920614929,1020.5120418252259,62.2776006774014,96.42653394031198,37.165612036324084,1073.1335042317708,973.9946594238281,0.08539163077756645,14.90999984741211
302,2024-04-12,2330.TW,823.0,826.0,817.0,792.552734375,31508936.0,4,24.09539525821583,798.5223519129669,719.1343131260957,68.79743382995461,150.75746041703843,46.93275472559717,744.6679260253907,679.1538920084636,1.11292046834265,17.309999465942383
302,2024-04-12,2454.TW,1190.0,1200.0,1165.0,1087.8843994140625,5214036.0,4,19.566758770160277,1107.8916823921616,1024.5462692679946,59.79225902444166,35.08387979809441,31.40598719086341,1075.1310302734375,977.9743479410807,1.11292046834265,17.309999465942383
303,2024-04-15,2330.TW,804.0,812.0,803.0,780.9259643554688,38913470.0,0,23.0704998016879,800.9402802358031,719.2009917368532,65.81548057831188,110.97278452590092,38.28815315298251,748.5178771972656,682.7986907958984,11.645357646339342,19.229999542236328
303,2024-04-15,2454.TW,1160.0,1160.0,1110.0,1023.3489379882812,9187015.0,0,13.709670450622298,1110.218887861458,1018.5313135545574,52.24347237559675,-100.86199298553461,17.38387771292298,1074.2090962727864,980.8938110351562,11.645357646339342,19.229999542236328
304,2024-04-16,2330.TW,802.0,803.0,785.0,763.4859619140625,49508969.0,1,20.61338208635175,799.5706570138777,724.3008212576067,61.667867473174745,58.5289015500487,28.252193889975185,751.8186381022135,686.104605102539,8.344984405483906,18.399999618530273
304,2024-04-16,2454.TW,1065.0,1090.0,1055.0,972.6424560546875,12016661.0,1,4.919586508368866,1121.9074769872584,999.4672361475072,47.38132917175643,-232.37774627530345,5.714298668308635,1072.6725321451822,982.8452423095703,8.344984405483906,18.399999618530273
305,2024-04-17,2330.TW,798.0,808.0,793.0,778.9882202148438,34472074.0,2,19.69002690781872,800.7873536616692,726.9596922367684,63.76748571639103,92.54469658032312,29.7178752070841,754.4788757324219,689.7010335286458,2.3033657734700057,18.209999084472656
305,2024-04-17,2454.TW,1065.0,1075.0,1045.0,968.0328369140625,7727084.0,2,-2.391013964799413,1128.3565786204936,981.954902092397,46.97023317408917,-231.25175524542863,3.7738803686394475,1069.5994120279947,984.781309000651,2.3033657734700057,18.209999084472656
306,2024-04-18,2330.TW,796.0,810.0,792.0,778.9882202148438,43598591.0,3,18.742212714860443,801.3419929916935,730.4743949477596,63.76748571639103,89.55716098078582,30.30699466481346,756.9783813476563,693.2653188069661,0.01845490033656182,18.0
306,2024-04-18,2454.TW,1045.0,1060.0,1020.0,968.0328369140625,7168984.0,3,-8.091444375798346,1133.379981799,967.7121385623279,46.97023317408917,-228.779060998913,0.9290776351697474,1066.3726379394532,986.7788370768229,0.01845490033656182,18.0
307,2024-04-19,2330.TW,769.0,770.0,746.0,726.6681518554688,130968654.0,4,13.612356111108738,802.538707687613,728.5025764920744,53.235737272361625,-126.31190259809615,8.639972643449518,757.5731567382812,695.98974609375,23.94224102901509,18.709999084472656
307,2024-04-19,2454.TW,1020.0,1030.0,970.0,915.482421875,15661098.0,4,-16.657439266239294,1146.7873368304665,941.6742659527365,42.47429989244067,-263.7594327858512,9.422033427178167,1060.3185892740885,987.8083312988281,23.94224102901509,18.709999084472656
308,2024-04-22,2330.TW,740.0,757.0,740.0,718.9170532226562,46540798.0,0,8.819789865567373,805.9452866961471,721.0266615460403,51.92152109704617,-161.55642049120846,6.255998029062266,757.105908203125,698.5528452555338,2.407444530433452,16.940000534057617
308,2024-04-22,2454.TW,984.0,989.0,966.0,890.5901489257812,9091869.0,0,-25.16456883989224,1159.526080365017,912.8938415099832,40.57134619670696,-258.20375766536114,10.060117955804888,1052.2055501302084,988.4844177246093,2.407444530433452,16.940000534057617
309,2024-04-23,2330.TW,761.0,761.0,752.0,730.543701171875,30423647.0,1,5.891901733314626,806.928383740674,717.0400061519042,53.695314320825105,-109.87306956396992,7.6535380001926905,756.2547017415365,701.4061594645183,0.9152924677157142,15.6899995803833
309,2024-04-23,2454.TW,989.0,989.0,970.0,896.121826171875,5846136.0,1,-31.101649735928504,1167.4638352659115,890.8504591676822,41.1771936227252,-216.94728711161457,10.060117955804893,1044.2769002278646,989.6675689697265,0.9152924677157142,15.6899995803833
310,2024-04-24,2330.TW,770.0,785.0,769.0,758.6415405273438,39457128.0,2,5.77225118807587,807.0073800072804,717.251677609907,57.6055500265031,-11.495505719637944,15.474876290440182,756.9187215169271,704.7116963704427,6.968552106077607,15.970000267028809
310,2024-04-24,2454.TW,995.0,1020.0,994.0,931.1553344726562,6229216.0,2,-32.60407826891844,1169.1382211479424,879.0347830024483,44.86004216411919,-153.65920152365425,3.984737711057866,1037.6696919759115,991.6804626464843,6.968552106077607,15.970000267028809
311,2024-04-25,2330.TW,770.0,774.0,765.0,742.17041015625,28534926.0,3,4.29879091722762,807.0838008297851,715.6250309573243,54.799297655793076,-59.40540731352554,13.812901956705815,756.9051228841146,707.6302052815755,3.455664722125673,15.369999885559082
311,2024-04-25,2454.TW,996.0,1005.0,976.0,904.4192504882812,6053259.0,3,-35.542431217728335,1171.458788543619,862.9773808899747,42.74712508522862,-155.60618490969546,7.066161522074211,1030.4785929361979,992.9711741129557,3.455664722125673,15.369999885559082
312,2024-04-26,2330.TW,788.0,789.0,782.0,757.6726684570312,32571247.0,4,4.33202879260034,807.159396946709,715.8401208755567,56.84610613604064,10.952230381782412,18.370524329905017,757.1189514160156,710.1963053385417,2.0600973567464136,15.029999732971191
312,2024-04-26,2454.TW,991.0,1005.0,987.0,926.545654296875,5747819.0,4,-35.674448395591526,1166.7243657450783,852.9608271260154,44.966281569748794,-125.72033588800558,7.066161522074194,1024.025040690104,994.2772491455078,2.0600973567464136,15.029999732971191
313,2024-04-29,2330.TW,790.0,795.0,787.0,770.2682495117188,26765837.0,0,5.313477710200914,807.8983159024924,717.6203242342262,58.42835828846613,43.527946560779874,20.118461229674033,757.5918965657552,712.9723317464193,0.8893676787958388,14.670000076293945
313,2024-04-29,2454.TW,1055.0,1055.0,1005.0,935.7650146484375,7963720.0,0,-34.63588668759496,1160.7375390623574,845.579575195455,45.87063209898901,-87.72265305761616,2.2585215192520454,1019.8763264973958,995.70625,0.8893676787958388,14.670000076293945
314,2024-04-30,2330.TW,797.0,802.0,790.0,765.423828125,39051972.0,1,5.635417148020906,808.2936951670305,718.5813963857039,57.58824755863704,47.12274493905403,22.13086056547175,758.8998942057292,715.6354715983073,1.7176323995746667,15.649999618530273
314,2024-04-30,2454.TW,1015.0,1030.0,992.0,914.5604858398438,5868406.0,1,-35.11901714393207,1150.6915433560216,837.8322054232754,44.14464685170572,-98.56846578656263,0.08205026014273863,1015.4817647298177,996.9508626302083,1.7176323995746667,15.649999618530273
315,2024-05-02,2330.TW,789.0,789.0,772.0,747.9837036132812,40527228.0,3,4.432192619509806,808.2405317981213,718.8283402721911,54.66124378309206,-29.1905856576205,14.460411871221227,759.1582661946615,718.0240152994792,3.6240811583930945,14.680000305175781
315,2024-05-02,2454.TW,990.0,1020.0,982.0,921.93603515625,5401225.0,3,-34.50895852872475,1142.2969418813227,831.4758303354743,44.89077878927085,-93.85373208794543,1.8693889754027644,1010.2574605305989,997.9342610677083,3.6240811583930945,14.680000305175781
316,2024-05-03,2330.TW,788.0,788.0,773.0,755.73486328125,29901556.0,4,4.057312149080758,807.8796912282025,718.220284357735,55.69654651392886,-20.959435599663827,14.460411871221227,759.7396016438802,720.300650024414,4.12405808110008,13.489999771118164
316,2024-05-03,2454.TW,1040.0,1050.0,1030.0,958.8134155273438,6598170.0,4,-30.695942563871085,1131.3870096755254,830.8615621018185,48.45240381388919,-52.40983467952991,3.4884207051738456,1006.8770263671875,999.4247233072916,4.12405808110008,13.489999771118164
317,2024-05-06,2330.TW,791.0,793.0,786.0,761.5482177734375,32599878.0,0,4.181108581597414,808.0458665289872,718.6354445061692,56.46779060110564,13.501779024039278,16.02814845999854,760.6439025878906,722.6420257568359,0.4809047997829232,13.489999771118164
317,2024-05-06,2454.TW,1060.0,1060.0,1035.0,954.2037353515625,4516638.0,0,-27.726449356830244,1120.1012935613717,830.6230716730033,48.050836036060076,-45.71352626459356,5.207591953847829,1003.9575642903645,1000.9459167480469,0.4809047997829232,13.489999771118164
318,2024-05-07,2330.TW,797.0,800.0,792.0,775.1126708984375,33890214.0,1,5.312516764241195,809.1111380305005,719.2172860417651,58.22323784924889,54.39188899684127,18.199417443656866,761.16064453125,725.1451833089193,1.0193384574352997,13.229999542236328
318,2024-05-07,2454.TW,1050.0,1055.0,1035.0,963.4231567382812,3178782.0,1,-24.34849998877712,1109.6786911538684,831.365345711366,48.92661458412068,-41.385386693347506,5.2075919538478175,1001.0381042480469,1002.5900360107422,1.0193384574352997,13.229999542236328
319,2024-05-08,2330.TW,794.0,802.0,792.0,777.0504760742188,21757193.0,2,6.292988924043925,806.5943953138038,720.0869157213525,58.47073057804917,56.923455593398224,18.819836364740656,761.7096842447917,727.7770782470703,6.888585925670657,13.0
319,2024-05-08,2454.TW,1080.0,1100.0,1060.0,1009.5199584960938,9985063.0,2,-17.74724493075894,1100.1408181084842,834.9106345282346,53.022918395949134,-2.9613771173252768,12.696689013583146,1000.1161661783855,1004.618295288086,6.888585925670657,13.0
320,2024-05-09,2330.TW,798.0,802.0,796.0,771.237060546875,21923999.0,3,6.525701896940518,804.0707507961445,720.7696666843242,57.41513259860037,50.65782158717831,18.81983636474066,762.2264241536458,730.5371053059896,0.3830842831481949,12.6899995803833
320,2024-05-09,2454.TW,1100.0,1125.0,1090.0,1009.5199584960938,7792270.0,3,-12.373073646776447,1081.565729402934,844.2663689857379,53.022918395949134,15.801706985886184,16.488552271675893,999.347890218099,1006.6004587809244,0.3830842831481949,12.6899995803833
321,2024-05-10,2330.TW,803.0,807.0,798.0,777.0504760742188,25101318.0,4,7.097408149708826,801.0463263318971,722.0500909044309,58.19586557324682,66.40473597154266,20.43434656674398,762.8723510742187,733.3940226236979,0.21687224718648565,12.550000190734863
321,2024-05-10,2454.TW,1105.0,1105.0,1080.0,1009.5199584960938,4456276.0,4,-8.021536901243508,1058.608253204359,857.5435290222035,53.02291839594913,7.616415955601662,14.431939819650754,998.2723022460938,1009.1357828776041,0.21687224718648565,12.550000190734863
322,2024-05-13,2330.TW,823.0,825.0,818.0,793.5216064453125,34812619.0,0,8.778380335737666,801.256924812669,721.9363796306905,60.3276833530354,136.9277541431048,25.92104953481335,764.1642110188802,736.4129475911458,1.6021997713794722,13.600000381469727
322,2024-05-13,2454.TW,1115.0,1120.0,1100.0,1027.9586181640625,4025166.0,0,-3.049909484372165,1041.968377815535,868.1908262860275,54.634138958792164,27.66962960966963,16.71363506056124,996.7357421875,1011.8862243652344,1.6021997713794722,13.600000381469727
323,2024-05-14,2330.TW,816.0,825.0,811.0,799.3348388671875,28691846.0,1,10.459076454327601,804.831846131908,720.2023457626232,61.05282745372633,125.43035342933267,22.522067080512425,765.9728047688802,739.3519541422526,3.229044225125349,13.420000076293945
323,2024-05-14,2454.TW,1115.0,1160.0,1110.0,1064.8360595703125,7534580.0,1,3.821787202059909,1052.4767897750432,861.8311264847223,57.64006918029347,58.7071090118774,22.42034480557017,996.5820841471354,1015.2359242757161,3.229044225125349,13.420000076293945
324,2024-05-15,2330.TW,838.0,844.0,837.0,812.8993530273438,39467772.0,2,12.73873891379867,812.9359938578898,717.0395371479697,62.698606853173125,189.3500914527147,27.98063470846141,768.0074727376302,741.6973073323568,1.2248791654104316,12.449999809265137
324,2024-05-15,2454.TW,1170.0,1175.0,1145.0,1064.8360595703125,5522444.0,2,9.162042016761575,1068.476394887597,855.0508817237311,57.64006918029347,77.42117058958105,24.42907288826124,995.6601481119792,1018.0478281656901,1.2248791654104316,12.449999809265137
325,2024-05-16,2330.TW,852.0,856.0,837.0,814.8370971679688,43927195.0,3,14.534206311622142,819.3861743869277,714.1742443142441,62.93009703834647,187.20700415452106,31.149882926981103,770.3005126953125,744.299979654948,2.493752014091222,12.420000076293945
325,2024-05-16,2454.TW,1180.0,1210.0,1175.0,1097.1038818359375,10020318.0,3,15.815662898250025,1090.9371292380345,845.4972518654811,60.114740616409335,109.7860273319905,28.874357294625895,996.5820841471354,1021.4282613118489,2.493752014091222,12.420000076293945
326,2024-05-17,2330.TW,848.0,848.0,834.0,809.0238037109375,26207289.0,4,15.311541047689502,823.9794226892832,712.584554361498,61.740965176810036,149.95026834951994,29.67409666883175,771.7538452148438,746.8861287434896,1.5859105935197546,11.989999771118164
326,2024-05-17,2454.TW,1180.0,1185.0,1165.0,1074.055419921875,6360397.0,4,19.00975451428758,1105.0482068982026,841.9884325060943,57.627116588597374,89.47366111761339,26.67203556504973,996.5820841471354,1024.5321116129558,1.5859105935197546,11.989999771118164
327,2024-05-20,2330.TW,834.0,838.0,822.0,809.0238037109375,28808661.0,0,15.746073492782443,827.3150767244308,717.4844655118973,61.740965176810036,113.95951484314854,23.904748437600094,773.5301432291667,749.3276204427083,1.2956505724287943,12.149999618530273
327,2024-05-20,2454.TW,1165.0,1195.0,1165.0,1097.1038818359375,6031212.0,0,23.134236308988875,1122.0958075328174,843.102977867573,59.36656118539232,98.86240468789825,27.945822163424882,997.5040201822917,1027.7281565348308,1.2956505724287943,12.149999618530273
328,2024-05-21,2330.TW,830.0,841.0,830.0,814.8370971679688,19705349.0,1,16.37081521706932,829.1168146620025,725.2747319688569,62.49929401469301,122.2600125547132,24.77036536390876,775.4033284505208,751.9624389648437,1.1619623403234716,11.859999656677246
328,2024-05-21,2454.TW,1180.0,1190.0,1165.0,1083.27490234375,3369008.0,1,24.998863438701164,1131.5892322338702,852.8780285083174,57.891504007112275,90.93739209484083,27.945822163424882,998.2723022460938,1030.7090840657552,1.1619623403234716,11.859999656677246
329,2024-05-22,2330.TW,845.0,865.0,843.0,837.1216430664062,36628342.0,2,18.451407805278336,836.1349113488238,728.9144294714886,65.23208845107811,169.85353248283528,31.243235018369873,776.8566630045573,754.7918629964192,2.7110951385879742,12.289999961853027
329,2024-05-22,2454.TW,1190.0,1190.0,1160.0,1092.494140625,4429872.0,2,26.91030411901079,1140.564270748127,863.540221439373,58.60089565648897,91.03415138380106,26.767533754898487,999.0405802408854,1033.3212361653646,2.7110951385879742,12.289999961853027
330,2024-05-23,2330.TW,875.0,877.0,867.0,847.7794799804688,37266618.0,3,20.72142707629689,846.7042296612151,727.2589051044099,66.44199598552206,191.7359365248523,34.17282206762795,778.7944458007812,757.7185516357422,0.6829175412246918,12.770000457763672
330,2024-05-23,2454.TW,1195.0,1210.0,1185.0,1110.9327392578125,6200782.0,3,29.57208683218323,1153.4594057975182,868.6228268684974,59.995283744820846,111.64302130927966,29.45578675044804,999.3478881835938,1034.9346211751301,0.6829175412246918,12.770000457763672
331,2024-05-24,2330.TW,858.0,872.0,858.0,840.0283203125,34136382.0,4,21.6454644567051,852.1709103832346,731.5780153980153,64.74682723294248,154.29504902242695,29.879283422006033,780.3123738606771,760.4999806722005,0.6393612985519758,11.930000305175781
331,2024-05-24,2454.TW,1190.0,1205.0,1190.0,1101.7135009765625,3253977.0,4,30.585087478679952,1159.5087160252222,882.3029416896217,58.96797887395891,109.30758581346021,29.45578675044803,999.1942342122396,1036.1638692220051,0.6393612985519758,11.930000305175781
332,2024-05-27,2330.TW,872.0,878.0,866.0,841.966064453125,26726954.0,0,22.277331287823245,858.079844185279,734.0984211955804,64.97790882345404,151.74855209870393,31.393363850287887,781.9594848632812,763.3137054443359,17.043097963142277,11.930000305175781
332,2024-05-27,2454.TW,1250.0,1310.0,1235.0,1184.687744140625,14370057.0,0,37.64922889306581,1183.0847926334288,884.5410740657901,64.60999559547777,175.92433956346488,41.51725192175694,1002.4210123697917,1038.7760213216145,17.043097963142277,11.930000305175781
333,2024-05-28,2330.TW,867.0,873.0,865.0,838.090576171875,25329216.0,1,22.209355166831074,862.9267691088323,736.0337289380427,64.10847637110493,127.99421847607204,30.906021413928414,783.8649719238281,766.1914245605469,1.385737712482961,12.920000076293945
333,2024-05-28,2454.TW,1300.0,1320.0,1285.0,1207.7362060546875,10026387.0,1,44.59338532318907,1208.1842399268933,886.6387459129502,65.9551876998072,180.71050760176354,42.48607754867305,1008.5672546386719,1041.3881754557292,1.385737712482961,12.920000076293945
334,2024-05-29,2330.TW,861.0,868.0,856.0,830.3394775390625,33436835.0,2,21.28467819914522,865.4748028056108,739.9772601826705,62.38150144608794,102.11742289020908,26.5364172294192,786.0934224446614,768.9560302734375,1.037291446742165,14.279999732971191
334,2024-05-29,2454.TW,1310.0,1315.0,1275.0,1189.2974853515625,7857214.0,2,48.05488189671132,1221.0730855102645,901.2236002807509,63.943717207925545,152.20272137563177,40.085399202513386,1015.7890889485677,1044.230810546875,1.037291446742165,14.279999732971191
335,2024-05-30,2330.TW,841.0,848.0,838.0,811.9305419921875,38065102.0,3,18.849136677151137,863.2061072404177,748.6406395857542,58.50908083824974,58.12958743317045,18.36215455166229,787.1914998372396,770.8351877848307,2.6598686828259606,14.470000267028809
335,2024-05-30,2454.TW,1255.0,1300.0,1250.0,1189.2974853515625,8407440.0,3,50.21924665492088,1230.0823868639832,918.9504439465637,63.943717207925545,128.02933506028336,34.23622520508502,1023.1645772298177,1046.3819946289063,2.6598686828259606,14.470000267028809
336,2024-05-31,2330.TW,838.0,846.0,821.0,795.4593505859375,77438401.0,4,15.412202703847129,860.4211254448074,755.3980701118331,55.32996267680479,31.59363397235755,11.335229252345815,787.740537516276,772.3594594319661,5.642044245443948,12.920000076293945
336,2024-05-31,2454.TW,1315.0,1315.0,1225.0,1138.5909423828125,14212589.0,4,47.29770853175819,1231.5138458244687,935.4967376716249,58.677307831683635,103.33642181269464,28.678084794595836,1028.8498474121093,1047.6112426757813,5.642044245443948,12.920000076293945
337,2024-06-03,2330.TW,839.0,853.0,837.0,819.681640625,28345488.0,0,14.476072981957259,858.7595824859372,762.8729553558596,58.74048543191163,59.92576442586543,13.522133738715848,790.840987141927,774.2070719401041,3.602853950022755,13.109999656677246
337,2024-06-03,2454.TW,1265.0,1270.0,1240.0,1170.8585205078125,6293578.0,0,47.0438007525529,1233.9772327634905,954.6988292482284,60.80251170878408,96.71498586344717,28.678084794595843,1037.3623840332032,1048.840486653646,3.602853950022755,13.109999656677246
338,2024-06-04,2330.TW,844.0,851.0,837.0,812.8993530273438,28223635.0,1,13.03663133471764,857.6063518416571,767.8048542130304,57.469540827183764,49.988339702101385,13.522133738715848,793.97373046875,775.5398193359375,1.7786638283954184,13.15999984741211
338,2024-06-04,2454.TW,1260.0,1270.0,1220.0,1143.20068359375,6985162.0,1,44.10243529419904,1230.0288894092982,976.6249252879676,58.15070377987263,79.9693817268666,24.27281590101448,1045.782735188802,1048.9941426595053,1.7786638283954184,13.15999984741211
339,2024-06-05,2330.TW,841.0,857.0,835.0,827.4328002929688,31975446.0,2,12.919661377754892,857.2649261609578,773.1845123156048,59.416061309961435,59.99228820945466,15.435363941630268,797.2033671061198,776.7290344238281,2.1042691298119593,12.630000114440918
339,2024-06-05,2454.TW,1240.0,1245.0,1220.0,1133.9813232421875,5828522.0,2,40.55990728261236,1228.8629485612705,990.2370026106046,57.28911801164619,67.37156510765612,24.272815901014486,1053.7113850911458,1048.9941426595053,2.1042691298119593,12.630000114440918
340,2024-06-06,2330.TW,893.0,899.0,885.0,866.1883544921875,62925136.0,3,15.772396801966579,862.5389890638492,777.4055788072446,63.96557589345505,153.26692364058803,27.11250633975738,800.788260904948,778.8534912109375,9.411506930873783,12.579999923706055
340,2024-06-06,2454.TW,1255.0,1300.0,1235.0,1189.2974853515625,9895619.0,3,41.734886504093765,1233.115137026843,1003.9625668305789,60.88618272546267,94.63387071399623,31.204040526419323,1062.316123453776,1049.9929077148438,9.411506930873783,12.579999923706055
341,2024-06-07,2330.TW,885.0,888.0,879.0,851.655029296875,41075399.0,4,16.668349932971978,863.4116213204213,783.993401872938,61.2997965524562,123.01324361776082,24.57043353321905,804.4377482096354,780.671435546875,1.45476571944962,12.220000267028809
341,2024-06-07,2454.TW,1290.0,1290.0,1270.0,1175.4683837890625,4931241.0,4,41.07666683498314,1231.8030375949152,1021.8695087918035,59.5882987215403,93.33107323680854,31.20404052641932,1071.351094563802,1050.91484375,1.45476571944962,12.220000267028809
342,2024-06-11,2330.TW,892.0,895.0,883.0,855.5307006835938,48228488.0,1,17.48952517548571,866.2724850550945,787.333447562093,61.7396740657346,127.67650568494295,26.348113684992143,807.6996826171875,782.4093170166016,0.23021570559446586,12.850000381469727
342,2024-06-11,2454.TW,1270.0,1280.0,1250.0,1170.8585205078125,5557895.0,1,39.72511911925653,1229.6514817110399,1038.311054910054,59.15347350612002,80.30510856714046,26.691516571783875,1079.4948567708334,1051.7599487304688,0.23021570559446586,12.850000381469727
343,2024-06-12,2330.TW,888.0,914.0,888.0,880.7217407226562,48106925.0,2,19.94312691930611,874.9327929009403,786.811829901794,64.45614725155325,157.52098163047984,30.91948398703566,811.3814656575521,784.4866811116536,3.096414538259561,12.039999961853027
343,2024-06-12,2454.TW,1270.0,1310.0,1265.0,1198.516845703125,7741796.0,2,40.419868427417896,1234.6597133365692,1046.6709018978056,60.9233078487995,96.59946798275324,30.405676857527435,1088.2532511393229,1054.0647888183594,3.096414538259561,12.039999961853027
344,2024-06-13,2330.TW,923.0,935.0,911.0,893.8521728515625,55857091.0,3,22.685634245464826,886.2948723563002,783.5450324288561,65.7667209126573,187.14192710663113,35.497014966558034,815.6624104817708,787.28115234375,9.940152431790663,11.9399995803833
344,2024-06-13,2454.TW,1340.0,1400.0,1325.0,1276.88134765625,13075007.0,3,46.75486170581121,1256.4216734262527,1046.1134706167159,65.32671850100937,154.61604745846805,39.86157844049694,1100.3306131998697,1057.9061889648438,9.940152431790663,11.9399995803833
345,2024-06-14,2330.TW,916.0,922.0,905.0,896.7700805664062,38408123.0,4,24.808564142123373,896.3678425416721,781.6653605833279,66.0544577560881,160.43314118501144,32.89423724635215,820.6219563802083,789.8901112874349,0.040411069373009506,12.65999984741211
345,2024-06-14,2454.TW,1395.0,1395.0,1365.0,1286.1007080078125,5947681.0,4,51.92080414050611,1278.578043032595,1042.8567836275615,65.7958076688303,156.5737768132866,39.86157844049692,1112.4694356282553,1061.3634480794271,0.040411069373009506,12.65999984741211
346,2024-06-17,2330.TW,913.0,925.0,913.0,895.7974853515625,26292426.0,0,26.111523683425276,904.176940805418,782.5336304836445,65.86357087583976,153.51099392286935,33.55442381693961,825.2907104492188,792.5151560465495,0.4688117361038155,12.75
346,2024-06-17,2454.TW,1375.0,1390.0,1365.0,1272.271728515625,4297102.0,0,54.273338406029325,1291.1118481279789,1050.1446093915522,64.44296109649493,140.61033770166534,39.86157844049692,1122.9180460611979,1064.8975362141928,0.4688117361038155,12.75
347,2024-06-18,2330.TW,944.0,950.0,940.0,917.1953735351562,37876013.0,1,28.541747752552396,915.665526062151,781.8622022093334,67.97020970926422,188.0980698652122,38.74913168277724,830.4789489746094,795.56142578125,1.8880198196139588,12.300000190734863
347,2024-06-18,2454.TW,1375.0,1405.0,1375.0,1295.3201904296875,7677930.0,1,57.336616192317024,1307.9672138514634,1053.1108745274428,65.660328131774,145.7522545974061,41.33235369122689,1134.288594563802,1069.1230794270834,1.8880198196139588,12.300000190734863
348,2024-06-19,2330.TW,953.0,984.0,953.0,954.155517578125,72228052.0,2,33.06889493546055,935.5270252293562,775.9325450831439,71.15135440022155,218.65616860683133,44.81859104329096,836.4470438639323,798.8038441975912,8.721364798460359,12.300000190734863
348,2024-06-19,2454.TW,1425.0,1485.0,1420.0,1369.074951171875,11552021.0,2,64.96678208188064,1339.2929186749714,1050.3651745867476,69.15605315144681,191.50399967580515,48.30736538844963,1147.810321044922,1074.4242126464844,8.721364798460359,12.300000190734863
349,2024-06-20,2330.TW,971.0,981.0,971.0,954.155517578125,48225374.0,3,36.23895161796145,952.0802293206525,771.0827284430193,71.15135440022155,202.3962820341068,44.81859104329096,842.3505452473959,802.0301147460938,0.21444376334660495,13.279999732971191
349,2024-06-20,2454.TW,1485.0,1500.0,1460.0,1382.9039306640625,6213796.0,3,71.307636546504,1368.1704785128145,1050.5285937528106,69.75328460588526,195.44653460310823,49.47255903372725,1160.256453450521,1080.1863098144531,0.21444376334660495,13.279999732971191
350,2024-06-21,2330.TW,961.0,978.0,960.0,943.4564819335938,88376132.0,4,37.45615043041005,963.65267300749,769.0779849514945,69.02757484248909,166.75267979070497,40.0149296540865,848.0911926269531,805.1588083902994,0.7286623235992457,13.199999809265137
350,2024-06-21,2454.TW,1470.0,1495.0,1445.0,1373.6846923828125,10724486.0,4,74.72748201576564,1390.2480438503244,1054.7262237278005,68.83409626795586,172.6495434128245,46.066567833948724,1172.3952779134115,1085.8715840657553,0.7286623235992457,13.199999809265137
351,2024-06-24,2330.TW,958.0,960.0,940.0,914.2774047851562,66391994.0,0,35.65526983652603,968.7897111000277,771.3658553062223,63.66609528641328,116.00358949032662,31.792514872389365,852.6654235839844,807.7688873291015,8.357255428587836,13.329999923706055
351,2024-06-24,2454.TW,1455.0,1465.0,1405.0,1299.9295654296875,9093868.0,0,70.67165301661885,1393.4008878915665,1071.394986131871,62.065332449733226,122.99642927406569,37.427859282145775,1182.0755981445313,1090.1739501953125,8.357255428587836,13.329999923706055
352,2024-06-25,2330.TW,925.0,945.0,923.0,919.1407470703125,57368432.0,1,34.22595456963131,974.0452177065363,773.8278169614325,64.1462521484119,92.41316563639538,25.321210907230313,856.8527282714844,810.5084696451823,1.5128499117104388,12.84000015258789
352,2024-06-25,2454.TW,1370.0,1400.0,1365.0,1276.88134765625,9382535.0,1,64.850029983892,1397.5375237007015,1076.4777106742986,60.153136416204234,79.63973988176481,29.504555624289097,1190.3730224609376,1093.5543823242188,1.5128499117104388,12.84000015258789
353,2024-06-26,2330.TW,951.0,960.0,951.0,933.730224609375,44967166.0,2,33.879914268829566,980.7363829075912,776.7006166041276,65.55871980798621,114.0057821318875,28.524695665831867,861.3325744628906,813.6526896158854,0.7408711352814824,12.550000190734863
353,2024-06-26,2454.TW,1395.0,1430.0,1395.0,1295.3201904296875,4993229.0,2,61.02080247312301,1403.3268863326348,1079.4467464798654,61.14388235676026,93.39595439870472,32.52292434633015,1198.0558268229167,1097.318955485026,0.7408711352814824,12.550000190734863
354,2024-06-27,2330.TW,951.0,961.0,949.0,933.730224609375,39729446.0,3,33.22270418394123,986.0618910569015,781.7141831618485,65.55871980798621,103.9035590470355,27.768712877363917,865.3602701822916,816.683871459961,0.24137878130942958,12.239999771118164
354,2024-06-27,2454.TW,1380.0,1410.0,1380.0,1286.1007080078125,4724876.0,3,56.58984440142444,1407.3965679667403,1085.0573871113847,60.367514423137415,74.26080260305174,29.651599173763465,1205.4313151041667,1100.5457316080729,0.24137878130942958,12.239999771118164
355,2024-06-28,2330.TW,956.0,971.0,955.0,939.5659790039062,39138210.0,4,32.79471994737878,989.4190531016159,791.1205648183061,66.1298884545686,105.77131031855234,29.901403730165647,869.517899576823,819.9092061360677,0.07590076504042392,12.4399995803833
355,2024-06-28,2454.TW,1400.0,1405.0,1375.0,1290.71044921875,6843642.0,4,52.84112618656195,1411.302795309043,1091.292456155801,60.626107084246094,66.8395154584504,28.69012286997294,1211.8848673502605,1104.2334757486979,0.07590076504042392,12.4399995803833
356,2024-07-01,2330.TW,968.0,977.0,965.0,941.5112915039062,19935737.0,0,32.240857284004846,988.4920674308386,806.6527445808803,66.32248158150756,106.04093024351637,31.162938950063555,873.9341491699219,822.8439971923829,0.1664606267089557,12.220000267028809
356,2024-07-01,2454.TW,1405.0,1440.0,1405.0,1304.5394287109375,5023006.0,0,50.405084625158224,1412.0229836612386,1107.1671164364177,61.40756203044491,81.92887260785243,32.32436885150632,1219.5676676432292,1108.0748758951822,0.1664606267089557,12.220000267028809
357,2024-07-02,2330.TW,967.0,971.0,959.0,933.730224609375,25427569.0,1,30.818790233832374,987.6990653249883,818.850605085168,64.79787445337533,89.62933193812697,28.765688170416276,878.0910298665365,825.8105865478516,0.423072063512024,12.029999732971191
357,2024-07-02,2454.TW,1410.0,1415.0,1390.0,1299.9295654296875,5090265.0,1,47.55434975404296,1413.5060293103677,1118.5911752794761,60.99013902426555,64.47097761045192,29.400571313489678,1226.328523763021,1111.9162719726562,0.423072063512024,12.029999732971191
358,2024-07-03,2330.TW,976.0,979.0,967.0,952.210205078125,24070411.0,2,30.82761032896542,985.7902323404267,834.6905232748077,66.67975059911095,99.74944488580792,30.51731235027244,882.6701334635417,829.0367309570313,2.1110240151274207,12.09000015258789
358,2024-07-03,2454.TW,1430.0,1430.0,1390.0,1295.3201904296875,6361645.0,2,44.41123867548822,1409.6814621615647,1137.627693111873,60.56429705625962,62.79762125440034,30.978243356826425,1233.3967000325522,1115.8345011393228,2.1110240151274207,12.09000015258789
359,2024-07-04,2330.TW,1000.0,1010.0,997.0,977.498779296875,41893299.0,3,32.50053102118807,988.3091599616195,847.1781935540056,69.02394864041513,132.33281347736954,36.75172242726378,887.3493713378906,832.103017171224,3.2205550879986853,12.09000015258789
359,2024-07-04,2454.TW,1380.0,1400.0,1375.0,1295.7020263671875,7642964.0,3,41.473036125475346,1401.0019630864763,1162.4792624994611,60.58787884051162,45.962933423469735,28.018783216318127,1240.1702962239583,1119.6054382324219,3.2205550879986853,12.09000015258789
360,2024-07-05,2330.TW,1005.0,1010.0,1000.0,977.498779296875,19998094.0,4,33.44084744932627,994.3107335426262,852.3076624534676,69.02394864041513,124.1454865012562,36.75172242726378,891.6733479817708,835.233896891276,1.1842769331234968,12.479999542236328
360,2024-07-05,2454.TW,1380.0,1385.0,1335.0,1272.143798828125,6406820.0,4,36.81910958174649,1397.1093191206917,1174.656537812902,58.36049477462419,18.251147926715515,20.507414332103714,1245.5439982096354,1122.4459431966145,1.1842769331234968,12.479999542236328
361,2024-07-08,2330.TW,1005.0,1050.0,1000.0,1006.6779174804688,40146763.0,0,36.1241508598124,1002.967013554972,859.1536712594811,71.49982111318378,144.78365269613238,43.724173128243585,897.2283345540365,838.7703542073567,5.896413918672061,12.369999885559082
361,2024-07-08,2454.TW,1340.0,1420.0,1335.0,1338.1068115234375,7726110.0,0,38.01528655500897,1394.5158283994904,1193.513871307541,62.36778059584503,47.65291755999655,24.516354476555083,1253.4237752278646,1126.3090047200521,5.896413918672061,12.369999885559082
362,2024-07-09,2330.TW,1030.0,1055.0,1025.0,1011.5411987304688,46373121.0,1,38.202736926605326,1010.113837137897,867.6078974812435,71.8872444823623,147.75434402289176,44.51511525506341,902.8808390299479,842.4201619466146,1.6124105835054585,12.510000228881836
362,2024-07-09,2454.TW,1450.0,1460.0,1415.0,1375.7999267578125,9654123.0,1,41.52609780284024,1392.99379317663,1215.5300471554012,64.3934098093128,97.52134694411814,28.763717665481614,1259.7941813151042,1131.107596842448,1.6124105835054585,12.510000228881836
363,2024-07-10,2330.TW,1020.0,1050.0,1015.0,1016.4042358398438,46206302.0,2,39.78383453265678,1019.3842355031067,871.9057486277528,72.27707756474871,133.64782803675465,40.43153844763337,908.8246276855468,846.3447998046875,1.4048083787939594,12.850000381469727
363,2024-07-10,2454.TW,1455.0,1460.0,1410.0,1352.24169921875,5443505.0,2,41.924212705543596,1387.810728346077,1236.0855973375167,62.22776051595421,83.39704814255839,27.833585267932236,1264.6110310872396,1136.5891428629557,1.4048083787939594,12.850000381469727
364,2024-07-11,2330.TW,1065.0,1080.0,1055.0,1050.446533203125,41724336.0,3,43.28483404748522,1036.7027270334438,870.2466931325719,74.80690731087242,167.12730017982364,45.23419410315429,916.1615295410156,851.1274759928385,6.760119070550017,12.920000076293945
364,2024-07-11,2454.TW,1435.0,1460.0,1415.0,1338.1068115234375,5250273.0,3,40.630787896292304,1389.8482488130721,1240.1706232572405,60.95533768281112,76.89874056138822,27.833585267932243,1269.5713419596354,1142.6802154541015,6.760119070550017,12.920000076293945
365,2024-07-12,2330.TW,1030.0,1045.0,1025.0,1011.5411987304688,68983062.0,4,42.43094847812358,1041.8035291399358,876.6230028424861,67.52219529286987,116.5485083343487,34.05355431819829,922.8152180989583,855.003358968099,7.218146987119081,12.460000038146973
365,2024-07-12,2454.TW,1365.0,1385.0,1350.0,1281.5670166015625,6871306.0,4,34.64409492779987,1390.0166753067174,1239.5488276229703,56.200127614598216,2.3546141293091982,16.16015939879069,1272.646993001302,1147.9057851155599,7.218146987119081,12.460000038146973
366,2024-07-15,2330.TW,1040.0,1045.0,1025.0,1011.5411987304688,38393309.0,0,41.27840624026919,1045.0626523404637,884.9382509798487,67.52219529286987,111.72453961199133,34.053554318198294,930.0179463704427,858.8792419433594,0.10055700775550092,13.119999885559082
366,2024-07-15,2454.TW,1370.0,1380.0,1350.0,1276.85546875,3536752.0,0,29.183011492214746,1389.7267250456125,1240.2971519075127,55.82470791369233,-6.1437784763803815,16.160159398790682,1277.255810546875,1153.0528289794922,0.10055700775550092,13.119999885559082
367,2024-07-16,2330.TW,1040.0,1070.0,1035.0,1026.130615234375,32125609.0,1,41.068836216730915,1051.6299419500695,889.264485540165,68.74366858017358,127.95330486013434,38.290154707150336,936.8995788574218,863.8702829996745,1.4220986079191078,13.1899995803833
367,2024-07-16,2454.TW,1355.0,1365.0,1325.0,1267.4320068359375,5001135.0,1,23.820085781820353,1390.8773360215073,1236.357722572243,55.06365487843805,-33.288818944331574,11.95231562827335,1280.4749267578125,1158.9186553955078,1.4220986079191078,13.1899995803833
368,2024-07-17,2330.TW,1035.0,1045.0,1020.0,1001.8146362304688,54022399.0,2,38.49688603596451,1054.7935044897254,890.8668348657434,64.5574602471811,92.60077723112822,32.987287596405956,943.1967549641927,868.5852427164714,2.5333532392659763,14.479999542236328
368,2024-07-17,2454.TW,1335.0,1345.0,1305.0,1248.5855712890625,5978911.0,2,17.843490030258636,1385.433470089529,1229.7526505159396,53.55317248573688,-69.06991595564186,8.693795517495278,1283.9877563476562,1164.8852457682292,2.5333532392659763,14.479999542236328
369,2024-07-18,2330.TW,988.0,1005.0,986.0,977.498779296875,81990095.0,3,34.10338792201878,1055.5045195252512,892.4901460020926,60.731642840881015,39.521816679702965,22.01624150991329,948.1989542643229,872.7011606852213,3.8188041820907133,15.930000305175781
369,2024-07-18,2454.TW,1270.0,1290.0,1250.0,1206.1807861328125,9831726.0,3,9.574909471355795,1380.6194750740608,1216.8943310782831,50.33903521534434,-152.60239949492313,0.3819245404070005,1286.394405110677,1170.0528951009114,3.8188041820907133,15.930000305175781
370,2024-07-19,2330.TW,988.0,995.0,970.0,943.4564819335938,92507621.0,4,27.55692108670621,1055.5045195252512,892.4901460020926,55.93116768034283,3.8530807706333055,17.305173229447117,950.7745585123698,875.7814097086589,5.136366932646501,16.520000457763672
370,2024-07-19,2454.TW,1260.0,1285.0,1260.0,1187.3341064453125,5871057.0,4,1.4841222268155434,1377.573926716352,1201.3048208422417,48.9872565900895,-160.19846109223093,0.3819245404070043,1286.3289591471355,1174.3225413004557,5.136366932646501,16.520000457763672
371,2024-07-22,2330.TW,964.0,965.0,938.0,913.3048095703125,83062356.0,0,19.70862225414396,1055.6069347692796,892.2904712365798,52.153948450272395,-53.091651411842456,8.627657263364254,952.8295511881511,878.6336496988932,4.4422801980624325,14.90999984741211
371,2024-07-22,2454.TW,1255.0,1260.0,1195.0,1154.3526611328125,7245311.0,0,-7.502725208812535,1388.7589548501196,1175.5621022787868,46.71620832342275,-213.15264301314005,8.470315558054521,1285.6251017252605,1178.4880981445312,4.4422801980624325,14.90999984741211
372,2024-07-23,2330.TW,963.0,979.0,956.0,952.210205078125,47213266.0,1,16.438634807554877,1053.855863461431,897.3484883452097,56.11036459280388,-17.927034125813247,11.587662261879911,956.0522013346355,881.8759419759115,6.222472412556139,14.720000267028809
372,2024-07-23,2454.TW,1255.0,1275.0,1240.0,1201.4691162109375,6430338.0,1,-10.69962378936907,1390.9432497121154,1165.8365842722594,50.13273618339107,-161.19457828665836,6.233852356464551,1286.6454549153646,1183.070155843099,6.222472412556139,14.720000267028809
373,2024-07-26,2330.TW,915.0,930.0,915.0,898.71533203125,82081735.0,4,9.421946681189297,1057.4347493008115,890.2681132480166,50.20522264016898,-108.42435321504972,1.6149273899661483,956.6519877115885,884.0167266845704,12.118846018338376,16.389999389648438
373,2024-07-26,2454.TW,1190.0,1255.0,1185.0,1173.1993408203125,10242503.0,4,-15.337522152425436,1393.8585848463067,1150.7091641771308,48.21391183286153,-200.26853307547754,13.035113854729408,1285.8015380859374,1187.0273946126301,12.118846018338376,16.389999389648438
374,2024-07-29,2330.TW,942.0,948.0,936.0,918.1680908203125,40809258.0,0,5.3689558681361405,1058.4987327094875,887.6479164604343,52.1014983277731,-74.51916606723962,5.452529239591968,957.4625183105469,886.5624643961588,2.306451237207017,16.600000381469727
374,2024-07-29,2454.TW,1265.0,1280.0,1230.0,1168.4876708984375,5100068.0,0,-19.17227633773382,1396.2598675732515,1136.5465777392483,47.89782575365679,-150.21582861530504,9.306976892887723,1282.1884155273438,1191.2595143636067,2.306451237207017,16.600000381469727
375,2024-07-30,2330.TW,930.0,949.0,926.0,914.2774047851562,41761392.0,1,1.8219829164366956,1060.025577738164,883.5922140098829,51.69418593507103,-85.29049303451333,3.1404095734569135,958.0460957845052,889.3340260823568,0.6295489064165184,17.690000534057617
375,2024-07-30,2454.TW,1230.0,1255.0,1210.0,1182.62255859375,4423237.0,1,-20.83065650907338,1395.5094521552862,1126.4882040947139,48.9367460888504,-143.93142506972043,11.716716975499923,1278.7391438802083,1195.6042897542318,0.6295489064165184,17.690000534057617
376,2024-07-31,2330.TW,929.0,940.0,928.0,908.4417114257812,39894991.0,2,-1.443273230131922,1061.9310522491473,878.379781491087,51.07464176524107,-95.34895397303272,3.1404095734569246,958.4675699869791,891.879140218099,2.06362751697201,16.360000610351562
376,2024-07-31,2454.TW,1230.0,1235.0,1200.0,1149.64111328125,7379704.0,2,-24.523569300617282,1394.8592536447782,1111.6485710622533,46.689521881329036,-147.81048124258766,12.913567961229845,1274.651456705729,1198.7847513834636,2.06362751697201,16.360000610351562
377,2024-08-01,2330.TW,969.0,969.0,948.0,933.730224609375,47382270.0,3,-1.9677574986372974,1061.9310522491473,878.379781491087,53.56918464452175,-48.86082875665605,9.311342041921852,959.0187316894531,894.7488403320312,9.650738525523055,18.59000015258789
377,2024-08-01,2454.TW,1215.0,1235.0,1180.0,1111.9478759765625,12041919.0,3,-30.14427410119606,1396.9074633323107,1090.802192429408,44.28522977685709,-147.93285188771944,15.289596270868419,1268.5390462239584,1201.4138203938803,9.650738525523055,18.59000015258789
378,2024-08-02,2330.TW,918.0,928.0,903.0,878.2899780273438,76144485.0,4,-6.7788374078706966,1066.829418509477,866.0893925256794,48.01684878900154,-131.3976223321133,0.8306529533449292,956.4898803710937,896.468462117513,17.031576835221756,23.389999389648438
378,2024-08-02,2454.TW,1130.0,1140.0,1090.0,1027.1383056640625,13774887.0,4,-40.96987151573694,1409.325616941049,1051.565850344107,39.54534432784834,-203.39757628837359,24.836135951346726,1257.1411580403646,1202.4757395426432,17.031576835221756,23.389999389648438
379,2024-08-05,2330.TW,852.0,857.0,813.0,792.697998046875,144057989.0,0,-17.29880055562103,1083.8898923984843,830.5488405116719,41.1972328814567,-250.22898095617782,16.801468039197662,951.1079630533854,896.7292541503906,33.10996054868286,38.56999969482422
379,2024-08-05,2454.TW,995.0,1020.0,981.0,933.8477783203125,22181134.0,0,-56.42655119824508,1431.9965595385006,992.709482941968,35.25188608291011,-251.5603039706526,34.1357744256938,1242.1726196289062,1201.2145365397134,33.10996054868286,38.56999969482422
380,2024-08-06,2330.TW,868.0,895.0,840.0,855.9193725585938,102930842.0,1,-20.300499065823487,1085.168760554698,817.11203168163,46.95393252864076,-161.29446737813447,9.125383410295708,948.1900594075521,898.1406260172527,19.525320146068733,27.709999084472656
380,2024-08-06,2454.TW,1090.0,1090.0,1035.0,1013.0032958984375,16439278.0,1,-61.57904753929802,1434.236719047669,964.5552731398309,40.88533092912207,-175.01039121258395,23.94774054622044,1230.1499064127604,1201.2725921630858,19.525320146068733,27.709999084472656
381,2024-08-07,2330.TW,901.0,920.0,893.0,894.8248291015625,59158704.0,2,-19.317343256249274,1079.152487036955,811.9429963614823,50.06595277842168,-95.1086673707487,4.453478146101875,947.5416402180989,900.1035319010417,8.590274288600298,27.850000381469727
381,2024-08-07,2454.TW,1090.0,1150.0,1080.0,1083.6781005859375,10529284.0,2,-59.27627196204048,1417.4063606841723,955.9427604095777,45.28256267360277,-120.32728489721408,16.12687253254471,1222.941524251302,1202.5085611979166,8.590274288600298,27.850000381469727
382,2024-08-08,2330.TW,901.0,905.0,887.0,871.4815063476562,38236391.0,3,-20.18906922904523,1072.267500779055,804.8220133811014,48.30691979514835,-112.79546426539457,5.4583848903825185,945.9529988606771,901.4028635660808,2.4936330617434197,23.790000915527344
382,2024-08-08,2454.TW,1120.0,1140.0,1100.0,1050.696533203125,8053732.0,3,-59.42759821595678,1390.6171660981986,950.2216156400827,43.712839601016846,-114.79837192197623,16.1268725325447,1215.402030436198,1202.8875264485678,2.4936330617434197,23.790000915527344
383,2024-08-09,2330.TW,927.0,934.0,922.0,908.4417114257812,49494621.0,4,-17.693578127664523,1062.2730213760392,804.0202403427108,51.11985015495837,-59.49609360897721,0.18968001246961386,945.110048421224,903.2213114420573,5.551975309827119,20.3700008392334
383,2024-08-09,2454.TW,1150.0,1155.0,1120.0,1060.119873046875,6961644.0,4,-58.117201667063,1363.6357996225602,947.9907994985338,44.283701582446355,-97.36016375085788,14.199057404696575,1207.5620198567708,1202.8089233398437,5.551975309827119,20.3700008392334
384,2024-08-12,2330.TW,942.0,948.0,931.0,914.2774047851562,38331663.0,0,-15.071259667684899,1043.2001231178576,809.4762257590955,51.55047338627665,-43.892695966571374,2.2492325309551418,944.46162109375,904.9109456380208,3.99024018870484,20.709999084472656
384,2024-08-12,2454.TW,1145.0,1175.0,1140.0,1107.236328125,4578908.0,0,-52.669655798682925,1334.348511664764,954.1910391164861,47.06079328502543,-73.33323199382825,11.642680400862453,1201.599873860677,1203.5155944824219,3.99024018870484,20.709999084472656
385,2024-08-13,2330.TW,945.0,945.0,937.0,915.2501220703125,25764381.0,1,-12.76738872993701,1031.3264941830755,811.720747027862,51.62396074893344,-40.16929708701695,2.2492325309551395,943.6510925292969,906.5844960530599,0.5587830730721735,18.1200008392334
385,2024-08-13,2454.TW,1180.0,1185.0,1150.0,1093.101318359375,3784683.0,1,-48.92899066033033,1314.676153157925,955.016827799106,46.343911715564396,-67.7211764954057,10.364811590362912,1195.0129028320312,1203.448885091146,0.5587830730721735,18.1200008392334
386,2024-08-14,2330.TW,951.0,955.0,945.0,922.05859375,36780856.0,2,-10.27373838853623,1018.3733094120846,815.725671300806,52.14948887400461,-26.928234752011804,4.034917959075453,943.0026692708333,908.4684092203776,0.6848009370663866,16.190000534057617
386,2024-08-14,2454.TW,1175.0,1190.0,1170.0,1116.6595458984375,4435983.0,2,-43.56138596864366,1293.847528753247,959.825859918628,47.71706150955788,-53.25590685167061,9.715256040828757,1188.7502400716146,1204.158953857422,0.6848009370663866,16.190000534057617
387,2024-08-15,2330.TW,945.0,950.0,941.0,917.1953735351562,19476402.0,3,-8.590893284765002,998.9904759326784,824.2149806102904,51.73420886557759,-32.23221294802178,3.254411247997297,942.4515075683594,910.2712687174479,1.4718867901609887,15.229999542236328
387,2024-08-15,2454.TW,1170.0,1180.0,1155.0,1088.3896484375,3064248.0,3,-41.11472014191372,1271.8485260562775,963.9206267757536,46.24781389316553,-61.15284571718231,11.334765723146388,1181.6989095052083,1204.0137166341146,1.4718867901609887,15.229999542236328
388,2024-08-16,2330.TW,963.0,969.0,958.0,942.48388671875,44062316.0,4,-5.157205689845455,986.6556058070246,830.6167757847722,53.71681665354,-3.064518801512379,6.694133144895971,942.1272969563802,912.398715209961,6.794739517831372,14.800000190734863
388,2024-08-16,2454.TW,1185.0,1240.0,1185.0,1159.0643310546875,6964050.0,4,-33.0914064775277,1256.1711691152618,970.6458596933321,50.212463678203655,-21.21586727354298,3.641905932739167,1177.1570475260417,1205.276873779297,6.794739517831372,14.800000190734863
389,2024-08-19,2330.TW,969.0,975.0,964.0,946.3744506835938,21348863.0,0,-2.097864657429909,980.4170796235617,833.7428691069072,54.017426480198374,6.133267604890608,7.7654225941631045,941.0898193359375,914.219595336914,0.7060386096531246,14.649999618530273
389,2024-08-19,2454.TW,1240.0,1265.0,1230.0,1182.62255859375,5847224.0,0,-24.54893566638816,1252.1303596297662,972.3308464249211,51.447340735798754,4.545405012236354,0.6444094075472263,1173.3877319335938,1206.779014078776,0.7060386096531246,14.649999618530273
390,2024-08-20,2330.TW,977.0,977.0,968.0,946.3744506835938,24039959.0,1,0.32296224440494825,980.8786172409982,833.5731283644704,54.017426480198374,10.869938919715866,8.12915132404769,940.0523417154948,915.8628448486328,0.07845050002426805,15.880000114440918
390,2024-08-20,2454.TW,1270.0,1270.0,1240.0,1177.910888671875,4293705.0,1,-17.952216413065116,1250.6540616834077,972.8648225939361,51.184677939365706,10.107682009408512,0.04575632695036014,1170.2466349283854,1207.8953165690104,0.07845050002426805,15.880000114440918
391,2024-08-21,2330.TW,961.0,964.0,956.0,931.784912109375,29758188.0,2,1.0521031815810602,982.5832735975309,833.716482261844,52.64523558006851,-5.6758976719049805,5.545708057406246,937.555908203125,917.3921213785808,1.2997486583332214,16.270000457763672
391,2024-08-21,2454.TW,1220.0,1240.0,1210.0,1149.64111328125,4500318.0,2,-14.83440174247039,1250.129991008421,972.9177384837665,49.61251472752692,-9.290910164213136,3.604659046159042,1163.964444986979,1208.694110107422,1.2997486583332214,16.270000457763672
392,2024-08-22,2330.TW,958.0,964.0,948.0,924.9764404296875,24349754.0,3,1.0682517227944572,978.7842513378857,834.7921280566454,52.007445872178536,-9.615071720772283,3.8347829808511404,934.6704162597656,918.7756276448567,0.6560998648670314,17.549999237060547
392,2024-08-22,2454.TW,1230.0,1240.0,1215.0,1159.0643310546875,3022975.0,3,-11.470906759451736,1243.438511766708,975.3687392098547,50.14060093086064,0.7044943076811846,3.604659046159051,1156.7399251302083,1208.2670532226562,0.6560998648670314,17.549999237060547
393,2024-08-23,2330.TW,944.0,952.0,939.0,923.0311889648438,27592153.0,4,0.913553149936547,980.2468582593513,835.7611068285394,51.82188729608773,-18.687109805457954,1.9121683832804899,931.5579813639323,920.1913045247396,0.08372469919799717,15.859999656677246
393,2024-08-23,2454.TW,1205.0,1225.0,1190.0,1154.3526611328125,4222716.0,4,-9.080827017128286,1240.8627373994314,976.0598456083814,49.87025328130072,-6.9431170063489525,6.571269977926246,1150.143623860677,1207.3773274739583,0.08372469919799717,15.859999656677246
394,2024-08-26,2330.TW,957.0,961.0,945.0,924.0037841796875,25057581.0,0,0.8595256453211277,980.7583005068668,835.8332339169613,51.9106323599119,-2.3067392135206886,3.755687757294082,927.3432230631511,921.7523763020833,0.2620704739535369,16.149999618530273
394,2024-08-26,2454.TW,1245.0,1245.0,1210.0,1144.929443359375,3699292.0,0,-7.856481890201849,1237.8426540458738,976.7241062080324,49.32007377707278,11.166589744523609,3.9243838902202364,1143.7043782552084,1206.6378601074218,0.2620704739535369,16.149999618530273
395,2024-08-27,2330.TW,945.0,946.0,940.0,916.2227172851562,18693037.0,1,0.18668935074163073,980.894584634608,835.89148103922,51.131142982483894,-16.251932925372554,2.6469486461870164,924.1659403483073,923.4905792236328,0.3045765927530782,15.430000305175781
395,2024-08-27,2454.TW,1200.0,1215.0,1190.0,1140.2177734375,3877314.0,1,-7.183564284352542,1231.8919962133832,978.4342855248979,49.04023091924662,-3.383200747653381,6.33104014815742,1138.9927368164062,1205.8198649088542,0.3045765927530782,15.430000305175781
396,2024-08-28,2330.TW,945.0,964.0,943.0,937.6207275390625,31059233.0,2,1.3643746746647594,983.5225752629158,836.1813920222405,53.13320106390776,23.33629489087309,6.372962733367999,921.7019246419271,925.8599355061849,2.8955449298555864,17.110000610351562
396,2024-08-28,2454.TW,1205.0,1220.0,1185.0,1130.79443359375,4610835.0,2,-7.326205073181654,1229.832469484579,978.6091442849522,48.471210789247685,-0.9948048101877265,6.331040148157431,1134.1240356445312,1205.689923095703,2.8955449298555864,17.110000610351562
397,2024-08-29,2330.TW,942.0,947.0,937.0,917.1953735351562,43530708.0,3,0.6421412081999733,981.9347397834078,836.1157423943266,51.06731222418992,-3.751177806331829,4.987375082793378,918.0707499186198,927.4851643880208,9.766029554241431,15.649999618530273
397,2024-08-29,2454.TW,1175.0,1255.0,1175.0,1177.910888671875,5404585.0,3,-3.595893547392052,1237.3770509705823,977.6608640684805,51.38866268324307,36.25706906211704,1.5663433896169792,1131.139998372396,1205.807462565104,9.766029554241431,15.649999618530273
398,2024-08-30,2330.TW,944.0,952.0,941.0,918.1680908203125,63834981.0,4,0.14656660954960898,982.5577978365972,839.480495620434,51.160863398606594,15.003819999475276,6.042433530247181,915.2825317382812,929.239643351237,0.2534505640230122,15.0
398,2024-08-30,2454.TW,1260.0,1260.0,1225.0,1168.4876708984375,5810148.0,4,-1.3840156382027544,1241.3742665819439,987.7985849805561,50.79366781881524,62.46875287579438,0.8981783537635162,1128.470068359375,1206.2289123535156,0.2534505640230122,15.0
399,2024-09-02,2330.TW,950.0,955.0,943.0,922.05859375,18646835.0,0,0.06697914790913728,962.4309199232002,872.5434331041436,51.54416324065291,30.870216277016464,6.685592620220201,913.4345255533855,930.8167399088542,0.6704637747423584,15.0
399,2024-09-02,2454.TW,1240.0,1250.0,1215.0,1154.3526611328125,3182122.0,0,-0.7628697289651427,1220.5806602642679,1030.6426795794823,49.8971847616507,49.61460925535131,2.228931623890705,1126.7424641927084,1206.5684346516928,0.6704637747423584,15.0
400,2024-09-03,2330.TW,948.0,952.0,939.0,914.2774047851562,19547575.0,1,-0.616860622912327,954.8759368925621,885.934219357438,50.72055976105757,19.133788899932398,5.687724397598784,912.4618896484375,931.6182240804036,0.30292482004226734,20.719999313354492
400,2024-09-03,2454.TW,1225.0,1225.0,1200.0,1149.64111328125,3422128.0,1,-0.6433732500124734,1211.6555241918293,1053.231597390202,49.595353477213834,31.80248798095096,4.224582081789473,1125.4860310872396,1205.9074951171874,0.30292482004226734,20.719999313354492
401,2024-09-04,2330.TW,894.0,905.0,888.0,864.673095703125,79709021.0,2,-5.102641673570815,960.0656673809385,877.7293155292177,45.88540934593877,-129.13325088005035,5.918836154831868,910.8408325195312,931.8351918538411,10.619913692667318,21.31999969482422
401,2024-09-04,2454.TW,1135.0,1170.0,1130.0,1069.5430908203125,9683111.0,2,-6.932004600992741,1213.0062789416877,1050.4673416637809,44.82659423274572,-61.94044551102407,12.815569590092274,1122.6590454101563,1204.1420735677084,10.619913692667318,21.31999969482422
402,2024-09-05,2330.TW,907.0,915.0,900.0,877.3173217773438,30512026.0,3,-7.550336523025749,959.00285012729,879.3757143258349,47.21235859523208,-84.50575665691798,3.6108286209039586,908.3444030761718,932.1983022054036,3.2105463243824426,19.899999618530273
402,2024-09-05,2454.TW,1120.0,1130.0,1105.0,1045.98486328125,9051905.0,3,-13.659286578797037,1213.7808667324143,1049.221586880867,43.55244292988237,-94.8222319976444,15.612192810221574,1117.4762369791667,1202.0608459472655,3.2105463243824426,19.899999618530273
403,2024-09-06,2330.TW,909.0,918.0,903.0,892.8795776367188,24458336.0,4,-8.140568926004335,959.6904609622952,877.1318901119234,48.810532742555324,-60.59929429284275,2.9148648354933653,908.1498779296875,932.400932820638,1.3741461732744513,22.3799991607666
403,2024-09-06,2454.TW,1110.0,1150.0,1105.0,1078.9664306640625,5102862.0,4,-16.14327948723667,1211.6555400239317,1053.2315693510682,45.784279689299446,-65.11731341520351,12.622453962595987,1114.3351399739583,1200.068339029948,1.3741461732744513,22.3799991607666
404,2024-09-09,2330.TW,892.0,900.0,891.0,874.3994750976562,35885268.0,0,-9.98442791805246,962.1495236393108,870.6850344661578,47.060277414462114,-97.58980630076975,5.5403588596198,906.6909240722656,932.0767211914062,2.334853741622065,19.450000762939453
404,2024-09-09,2454.TW,1100.0,1115.0,1090.0,1041.2733154296875,7139369.0,0,-20.912316975653766,1217.716648944091,1040.5741591613778,43.7396863676825,-96.5789318690283,14.341100730263356,1110.0946614583333,1196.1415384928384,2.334853741622065,19.450000762939453
405,2024-09-10,2330.TW,907.0,911.0,901.0,879.2625732421875,33498628.0,1,-10.9273246790043,963.2814860744875,865.9543171481687,47.57205657462491,-67.91128624060963,2.901508687461085,905.5237630208334,931.7849294026693,0.8121790906315605,19.079999923706055
405,2024-09-10,2454.TW,1115.0,1130.0,1100.0,1064.8314208984375,5579319.0,1,-22.531146287012916,1219.567303930812,1035.8965144285633,45.31850597174863,-69.55542568571562,12.060945978272864,1106.1682902018229,1192.4537170410156,0.8121790906315605,19.079999923706055
406,2024-09-11,2330.TW,906.0,906.0,900.0,876.3446655273438,18029342.0,2,-11.774301107954102,963.7411429649459,860.9232674354447,47.28830618329515,-70.07774147056966,3.129290591020201,904.4538614908854,931.4607157389323,0.6987943166135766,17.690000534057617
406,2024-09-11,2454.TW,1125.0,1135.0,1110.0,1045.98486328125,4019795.0,2,-25.04612374785893,1223.0020748861348,1025.3942752115213,44.28989779777449,-66.51959520001677,11.295627745615256,1102.7130818684896,1188.6822692871094,0.6987943166135766,17.690000534057617
407,2024-09-12,2330.TW,936.0,944.0,928.0,918.3546142578125,39454846.0,3,-8.95248557825687,963.8247992363121,860.9555352363442,51.58894477444843,24.167290333980198,5.578068765153636,903.9413411458333,931.4800364176432,5.154055460442305,17.06999969482422
407,2024-09-12,2454.TW,1150.0,1155.0,1135.0,1088.3896484375,4341122.0,3,-23.348403868560354,1223.0020748861348,1025.3942752115213,47.08537648313491,-25.777573781670256,8.236862010264069,1101.9278076171875,1185.2334269205728,5.154055460442305,17.06999969482422
408,2024-09-13,2330.TW,955.0,955.0,939.0,925.1935424804688,25347586.0,4,-6.09408328989764,961.3877190755519,861.6635809732762,52.24509474626275,46.644590461414936,7.906512264816845,905.5047932942708,930.9973368326823,2.602068756007031,16.559999465942383
408,2024-09-13,2454.TW,1160.0,1165.0,1125.0,1060.119873046875,3453407.0,4,-24.00734155703958,1220.580409728357,1017.9214945685183,45.510436605330625,-40.56844505548896,8.236862010264066,1103.0271931966147,1180.0841756184896,2.602068756007031,16.559999465942383
409,2024-09-16,2330.TW,952.0,952.0,943.0,925.1935424804688,13626239.0,0,-3.7851460749162698,958.0603105249272,862.8728987035884,52.245094746262744,44.20889159699512,7.906512264816831,909.9213114420573,930.5146372477213,0.05265144302009428,17.139999389648438
409,2024-09-16,2454.TW,1120.0,1130.0,1100.0,1064.8314208984375,3682733.0,0,-23.874165369745697,1212.8582001802388,1013.8645903471051,45.82287070432949,-77.09985261003798,11.490827337603903,1107.3933146158854,1174.7829671223958,0.05265144302009428,17.139999389648438
410,2024-09-18,2330.TW,945.0,948.0,933.0,919.3316040039062,28424324.0,2,-2.4006331373784633,953.8644414698971,864.3644830906497,51.603534072642375,18.409350597414,5.378389208252872,912.0350524902344,930.1125559488933,0.9675181991143382,18.229999542236328
410,2024-09-18,2454.TW,1115.0,1120.0,1095.0,1041.2733154296875,7064375.0,2,-25.377033860173697,1206.1284282735862,1006.930604929539,44.5029911165988,-100.79425975641745,12.135458894808757,1108.3356486002604,1169.2427775065105,0.9675181991143382,18.229999542236328
411,2024-09-19,2330.TW,940.0,960.0,936.0,937.8941650390625,32739630.0,3,0.19223096335315404,954.8989400409685,863.9409098125473,53.475068628233124,56.901857885670644,8.052593255651956,913.4706970214844,930.5061686197917,0.7687941947256632,16.329999923706055
411,2024-09-19,2454.TW,1105.0,1130.0,1080.0,1055.4080810546875,7749361.0,3,-25.13773831010826,1201.744710248643,1001.8910197318254,45.47775020690349,-94.27346829728415,14.077571188458837,1107.3933146158854,1165.1674194335938,0.7687941947256632,16.329999923706055
412,2024-09-20,2330.TW,981.0,982.0,971.0,950.5947265625,60133709.0,4,3.234636736868765,959.3568025954714,862.0448758713255,54.71458102875836,146.62742991151865,12.730293743109536,916.1078043619792,931.0304016113281,0.38231477388370505,16.149999618530273
412,2024-09-20,2454.TW,1145.0,1155.0,1125.0,1060.119873046875,8871960.0,4,-24.28791664261621,1194.6379197739682,999.1033644057194,45.80599640761532,-58.33877495333265,9.889733706432402,1107.7074259440103,1161.5547281901042,0.38231477388370505,16.149999618530273
413,2024-09-23,2330.TW,971.0,977.0,971.0,954.5025634765625,14497067.0,0,5.893162304854627,964.5131197837479,860.0356961342209,55.09537753000478,136.72648801487884,12.730293743109545,917.6431660970052,931.3766072591146,0.5085545327745394,15.890000343322754
413,2024-09-23,2454.TW,1125.0,1150.0,1120.0,1078.9664306640625,4490555.0,0,-21.841887473351335,1187.2845974551144,998.9180636776981,47.123221844354624,-54.26609898683269,10.568985763168632,1108.33564453125,1157.9488321940105,0.5085545327745394,15.890000343322754
414,2024-09-24,2330.TW,976.0,987.0,971.0,964.2723999023438,26785975.0,1,8.688254333055852,971.3147560114485,857.2609214787858,56.05115361025869,149.75692752868062,14.837775175252075,919.3096659342448,931.8856435139974,3.2195856978950532,15.390000343322754
414,2024-09-24,2454.TW,1135.0,1195.0,1135.0,1126.082763671875,6847737.0,1,-15.918004579733179,1184.5183390336333,999.7996541304293,50.25045789298169,-0.3662818981491673,3.3179782603059436,1108.9638590494792,1155.2818664550782,3.2195856978950532,15.390000343322754
415,2024-09-25,2330.TW,1000.0,1005.0,998.0,981.8578491210938,39405222.0,2,12.181957662252671,982.122948483902,853.0162421899262,57.72656727912015,205.13386439119833,18.502491289046898,921.5299235026042,932.5905080159505,0.8614583199487919,15.40999984741211
415,2024-09-25,2454.TW,1220.0,1230.0,1205.0,1154.3526611328125,10887978.0,2,-8.84023551144196,1186.97328838026,998.7581935533337,52.01204424020969,63.51340783329077,1.8603357680866077,1111.0055704752604,1153.0092366536458,0.8614583199487919,15.40999984741211
416,2024-09-26,2330.TW,1010.0,1015.0,1005.0,991.6276245117188,38321585.0,3,15.559719188798567,992.4256193924662,848.1142609786275,58.63289256780235,207.96484625688424,20.469374127490585,923.8488911946614,933.4257802327473,2.1095082961442757,15.369999885559082
416,2024-09-26,2454.TW,1235.0,1280.0,1230.0,1196.75732421875,9413246.0,3,0.18847674562948669,1199.9900712023734,992.3376997937205,54.511410806659846,111.88609577850416,8.62817452203617,1113.6754964192708,1151.2128682454427,2.1095082961442757,15.369999885559082
417,2024-09-27,2330.TW,1020.0,1025.0,1000.0,976.9730834960938,35783779.0,4,16.859771595087636,999.7031287234113,846.8145226437762,56.74509337474968,173.78416636181544,22.406608427439174,925.8414815266927,934.146494547526,0.7603944783534394,16.959999084472656
417,2024-09-27,2454.TW,1280.0,1305.0,1250.0,1187.3341064453125,8955853.0,4,6.508396591942528,1202.0958515660343,991.1742412074034,53.86646231980525,117.96283359545507,11.77512387592655,1116.9736450195312,1149.3362772623698,0.7603944783534394,16.959999084472656
418,2024-09-30,2330.TW,978.0,990.0,957.0,934.9631958007812,61603217.0,0,14.334980910986133,1000.6762984423239,847.5208634229106,51.7992484885504,55.00670153900499,10.440129774417223,925.5907918294271,933.8590443929037,8.016126945802796,16.729999542236328
418,2024-09-30,2454.TW,1235.0,1235.0,1175.0,1107.236328125,8477410.0,0,4.996164621571097,1193.6686571694788,993.4763013266149,48.79051075235472,17.814607397572736,0.9815785673591948,1115.246044921875,1146.2015462239583,8.016126945802796,16.729999542236328
419,2024-10-01,2330.TW,967.0,977.0,967.0,949.6177368164062,26760355.0,1,13.362530160745791,1002.886979162226,848.066097009649,53.26905673966692,65.84113560977298,10.440129774417224,925.6989013671875,933.3943603515625,1.130535916666409,19.260000228881836
419,2024-10-01,2454.TW,1195.0,1230.0,1190.0,1140.2177734375,6000269.0,1,6.385429631290663,1191.341461149768,994.3900085767945,50.766708311926514,40.248377475965725,0.9815785673592056,1113.8325520833334,1143.6101420084635,1.130535916666409,19.260000228881836
420,2024-10-04,2330.TW,986.0,986.0,967.0,954.5025634765625,40934818.0,4,12.83803178332505,1005.7585464017764,849.2170456392394,53.755317103454026,78.17058457357604,12.35918935751729,925.9698384602865,933.0110900878906,0.38258196217081525,19.209999084472656
420,2024-10-04,2454.TW,1200.0,1240.0,1200.0,1159.0643310546875,6956378.0,4,8.904545792056979,1193.0389221927344,993.6348693111719,51.86477454001769,61.02666559203033,2.327367958342234,1113.2043334960938,1141.7254842122395,0.38258196217081525,19.209999084472656
421,2024-10-07,2330.TW,993.0,1010.0,989.0,981.8578491210938,39667071.0,0,14.462985678262044,1009.3301024584042,857.3639649244084,56.38449848159941,135.674085506329,17.250575772813313,927.6389363606771,932.597422281901,1.7210401651028566,22.639999389648438
421,2024-10-07,2454.TW,1250.0,1295.0,1230.0,1177.910888671875,8959497.0,0,12.280165092124435,1204.602029877707,992.9085414113555,52.95032385267269,106.55721388650569,9.338227311668382,1114.146659342448,1139.0555521647136,1.7210401651028566,22.639999389648438
422,2024-10-08,2330.TW,1000.0,1010.0,997.0,986.7427978515625,30845902.0,1,15.960959874409355,1013.5625863239628,864.0740286662716,56.8378177185574,131.76607144355694,17.250575772813313,929.6978149414062,932.184115600586,1.4445457452975676,21.420000076293945
422,2024-10-08,2454.TW,1240.0,1250.0,1225.0,1154.3526611328125,4347108.0,1,12.905647360091052,1209.74077040234,998.6065806718786,51.44993036631031,71.7169272628864,8.6051004086968,1113.9896036783855,1135.364764404297,1.4445457452975676,21.420000076293945
423,2024-10-09,2330.TW,1030.0,1035.0,1020.0,996.5125122070312,46975717.0,2,17.73204553365713,1019.6975859515386,868.302322495727,57.74641606673938,158.5006317104871,22.09735324747094,932.1471923828125,931.8525868733724,0.2849289177444272,20.860000610351562
423,2024-10-09,2454.TW,1260.0,1275.0,1240.0,1173.1993408203125,5544071.0,2,14.752063501118073,1218.0651340216182,999.7055080682258,52.562366430003834,94.82304628078371,11.668584159780252,1114.6178263346353,1132.3807250976563,0.2849289177444272,20.860000610351562
424,2024-10-11,2330.TW,1025.0,1050.0,1020.0,1020.9367065429688,43058754.0,4,20.865942444098096,1027.0263653136622,875.6272662781349,59.9279965613323,165.1582452499216,24.83014367396677,935.3782897949219,931.3607564290364,2.5794340111633614,20.459999084472656
424,2024-10-11,2454.TW,1265.0,1310.0,1265.0,1225.02734375,9881759.0,4,20.16499873419275,1234.01348713433,1002.1325577875447,55.46529697516615,136.75640626535164,15.758110527731636,1117.2877563476563,1130.4960673014323,2.5794340111633614,20.459999084472656
425,2024-10-14,2330.TW,1045.0,1055.0,1035.0,1020.9367065429688,36858874.0,0,23.083486263456848,1032.2071239649385,884.6139209569366,59.927996561332286,159.27537697198733,25.728560665257376,938.8687561035156,931.5173482259114,0.1756515845141399,19.700000762939453
425,2024-10-14,2454.TW,1310.0,1310.0,1285.0,1215.6041259765625,3998990.0,0,23.42439217152173,1246.4782100446516,1004.7451053850357,54.83416113499765,130.4739385405967,15.758110527731633,1119.800634765625,1129.3966857910157,0.1756515845141399,19.700000762939453
426,2024-10-15,2330.TW,1050.0,1075.0,1050.0,1045.3612060546875,42850176.0,1,26.506211595644686,1039.793176809885,893.9295221647244,62.02618212044959,174.28076314635405,29.228618020863976,942.4601053873698,932.0810150146484,1.3526585825935467,20.639999389648438
426,2024-10-15,2454.TW,1310.0,1310.0,1290.0,1225.02734375,5915032.0,1,26.46281303829005,1257.1084487741257,1012.0191147024368,55.35963664235551,125.45374547655761,15.758110527731638,1122.9417317708333,1128.5328837076822,1.3526585825935467,20.639999389648438
427,2024-10-16,2330.TW,1040.0,1070.0,1035.0,1020.9367065429688,52652149.0,2,26.937375794051945,1044.9873263043376,898.9935818987874,58.839107923917275,135.32783680872055,24.67033823221847,945.9181498209635,931.9944498697917,1.6635891069719655,19.579999923706055
427,2024-10-16,2454.TW,1260.0,1295.0,1260.0,1201.4691162109375,6461649.0,2,26.662482881920823,1264.2182671234527,1016.2172431304533,53.74257162347376,94.13344465074434,10.88664057509832,1123.7270060221354,1127.4335021972656,1.6635891069719655,19.579999923706055
428,2024-10-17,2330.TW,1050.0,1055.0,1030.0,1011.1671142578125,54173771.0,3,26.188863165565976,1047.7930787436485,904.785186637211,57.6141523889342,109.61820603134792,23.172182645168014,949.0181172688802,932.1503245035807,0.4994269579412891,19.110000610351562
428,2024-10-17,2454.TW,1295.0,1295.0,1265.0,1201.4691162109375,4139436.0,3,26.51507341032743,1268.136305494786,1026.4341290755265,53.74257162347376,92.883824885784,10.886640575098324,1124.8263875325522,1126.6482279459635,0.4994269579412891,19.110000610351562
429,2024-10-18,2330.TW,1095.0,1100.0,1075.0,1060.015869140625,85011961.0,4,29.200739835716377,1059.500294070338,906.560203976537,61.73474065433703,165.76407884497564,30.90289314841893,953.6166931152344,933.5256093343099,5.381172366828188,18.030000686645508
429,2024-10-18,2454.TW,1300.0,1330.0,1295.0,1229.739013671875,8327410.0,4,28.352564095731623,1275.191482252836,1035.8697115948203,55.41501347129889,119.73838819268201,15.335057844382098,1127.339265950521,1127.0408650716147,5.381172366828188,18.030000686645508
430,2024-10-21,2330.TW,1090.0,1095.0,1080.0,1060.015869140625,36491060.0,0,31.22770030565505,1067.735952958246,912.392971602301,61.73474065433704,148.95190119684926,30.902893148418926,958.4746419270833,935.4682657877604,0.9094270628481892,18.3700008392334
430,2024-10-21,2454.TW,1310.0,1345.0,1310.0,1253.2972412109375,6320618.0,0,31.3483762131018,1280.6282547759822,1051.6353316497991,56.76264238842273,127.33823680283021,17.168241823688373,1130.7944702148438,1128.1402506510417,0.9094270628481892,18.3700008392334
431,2024-10-22,2330.TW,1065.0,1075.0,1060.0,1050.2459716796875,41197877.0,1,31.680538479741358,1073.7171525977294,917.6469526268801,60.47637424757669,115.94910329467434,24.924131377007676,964.6604044596354,937.7506184895833,0.5100112317383485,18.200000762939453
431,2024-10-22,2454.TW,1310.0,1315.0,1295.0,1234.45068359375,5200879.0,1,31.834846908666123,1280.789329562497,1069.3785171171905,55.37739641552953,98.40716105034886,14.601304555084734,1136.2913899739583,1129.4752176920572,0.5100112317383485,18.200000762939453
432,2024-10-23,2330.TW,1060.0,1070.0,1055.0,1035.5914306640625,31423466.0,2,30.505271230502785,1076.8784645573423,922.9853110774234,58.62222264703117,97.54264640416734,23.465747815431506,969.9362080891927,939.1403055826823,0.7021039775561354,19.239999771118164
432,2024-10-23,2454.TW,1280.0,1325.0,1275.0,1225.02734375,5399321.0,2,31.101475222114914,1276.2272544584894,1090.4313392915105,54.68708486588134,86.67724519425595,11.239846348220789,1142.25947265625,1129.8678548177083,0.7021039775561354,19.239999771118164
433,2024-10-24,2330.TW,1070.0,1075.0,1055.0,1035.5914306640625,38236996.0,3,29.236839383030997,1079.3837954770995,928.5888668764163,58.62222264703117,94.13760832530286,24.379000779648898,974.6932698567708,941.4215738932292,1.3442067564372744,19.079999923706055
433,2024-10-24,2454.TW,1300.0,1305.0,1270.0,1196.75732421875,4473596.0,3,27.91730524614627,1268.1426746944812,1110.2950084109875,52.65024216593287,64.89217533631907,10.402356094080803,1146.1858357747396,1130.2604878743489,1.3442067564372744,19.079999923706055
434,2024-10-25,2330.TW,1065.0,1070.0,1060.0,1040.4761962890625,22009575.0,4,28.299538305860438,1082.4418673076025,933.1511746845849,59.06985432027459,91.79410749606475,24.37900077964891,980.229160563151,943.4600423177084,2.476038469500596,20.329999923706055
434,2024-10-25,2454.TW,1270.0,1325.0,1270.0,1239.1622314453125,6810511.0,4,28.487166892778077,1270.9011253079682,1118.8445045748442,55.237278149172774,81.84203800375113,13.109279867508228,1152.7821329752603,1131.4383972167968,2.476038469500596,20.329999923706055
435,2024-10-28,2330.TW,1075.0,1080.0,1050.0,1025.8216552734375,40142324.0,0,26.073660534114538,1084.0105085547268,935.978914052695,57.151054603445615,79.44981301121473,24.37900077964889,985.1144632975261,945.3191131591797,2.3380378136494775,19.799999237060547
435,2024-10-28,2454.TW,1330.0,1340.0,1315.0,1258.0087890625,5375094.0,0,30.112428711963048,1278.5459594792671,1121.5652831965142,56.334174417165364,103.56242985978137,15.099379508333064,1159.2213785807292,1132.6948343912761,2.3380378136494775,19.799999237060547
436,2024-10-29,2330.TW,1035.0,1040.0,1020.0,1016.0520629882812,45415773.0,1,23.253262775279836,1084.7602208160788,937.6716456389992,55.898796983523546,33.27598136106299,15.244662548411583,989.7713765462239,947.1126190185547,1.2200406606902452,19.34000015258789
436,2024-10-29,2454.TW,1315.0,1315.0,1285.0,1225.02734375,5336390.0,1,28.411621921871756,1280.7238496427965,1122.21439498611,53.941239442179004,68.68448205687628,9.891982542382953,1165.1894612630208,1133.9512715657552,1.2200406606902452,19.34000015258789
437,2024-10-30,2330.TW,1040.0,1055.0,1030.0,1006.2821655273438,38201984.0,2,19.99918994426298,1084.5005151386881,940.8622595195149,54.65978871224255,37.72256997654948,18.346355892326176,992.702294921875,948.3218180338541,0.36060450373088254,20.350000381469727
437,2024-10-30,2454.TW,1290.0,1315.0,1285.0,1215.6041259765625,5429739.0,2,26.003592142330945,1282.084259402731,1123.6809871793,53.27241193720072,61.786786143566765,9.891982542382955,1169.4299438476562,1135.6788757324218,0.36060450373088254,20.350000381469727
438,2024-11-01,2330.TW,996.0,1030.0,996.0,1001.3973999023438,54480255.0,4,16.83212377387349,1078.1861460296466,953.8200490387127,54.04025334690411,-3.387000373542999,8.993518414422711,995.2424235026042,950.3736083984375,0.1686726893519109,21.8799991607666
438,2024-11-01,2454.TW,1220.0,1300.0,1220.0,1215.6041259765625,7755216.0,4,23.820621891781002,1273.549872652075,1143.0521537151126,53.27241193720072,28.21875779680301,0.5414767401690193,1174.6127522786458,1138.8199727376302,0.1686726893519109,21.8799991607666
439,2024-11-04,2330.TW,1030.0,1045.0,1025.0,1016.0520629882812,26747978.0,0,15.3280180030863,1073.106604962449,965.5430227230978,55.60202202900392,28.778970366647016,12.16168559023441,998.2710408528645,954.0961761474609,0.47312537982361685,21.979999542236328
439,2024-11-04,2454.TW,1285.0,1305.0,1280.0,1220.315673828125,3429980.0,0,22.214707456953192,1269.2656460572186,1155.3461703490314,53.580379996627755,53.95848003367709,0.21243179599363254,1179.7955607096353,1143.5944376627604,0.47312537982361685,21.979999542236328
440,2024-11-05,2330.TW,1030.0,1055.0,1030.0,1025.8216552734375,32385622.0,1,14.75424998315907,1067.1988980882127,978.5826387770217,56.61865903521262,40.98159286369393,14.221120787735547,1001.8207092285156,956.927880859375,0.4293179525055137,20.489999771118164
440,2024-11-05,2454.TW,1285.0,1300.0,1280.0,1215.6041259765625,3613551.0,1,20.32750335652804,1266.2824846238284,1163.983311274609,53.21754397505308,46.970454232745084,0.2124317959936293,1185.6065877278645,1146.9711181640625,0.4293179525055137,20.489999771118164
441,2024-11-06,2330.TW,1050.0,1080.0,1040.0,1035.5914306640625,55349259.0,2,14.91593233508172,1065.7310752389358,985.4238197805954,57.622510245366584,68.52169719345731,19.125020572332517,1005.0772847493489,959.2739908854167,0.1447642801955994,16.270000457763672
441,2024-11-06,2454.TW,1290.0,1320.0,1290.0,1229.739013671875,3781856.0,2,19.744841574265138,1266.1106527426302,1169.3379556558073,54.18050110918517,67.12119762638406,3.315814592802707,1191.417618815104,1149.4054667154949,0.1447642801955994,16.270000457763672
442,2024-11-07,2330.TW,1050.0,1075.0,1050.0,1040.4761962890625,43975446.0,3,15.262292320661118,1064.473942907875,992.0542919554064,58.12371699271534,72.2856602536922,19.12502057233253,1008.0733337402344,962.0905690511067,0.04240845663234619,15.199999809265137
442,2024-11-07,2454.TW,1330.0,1330.0,1300.0,1229.739013671875,4276840.0,3,19.06332773831241,1259.7864463204223,1183.2007973319214,54.18050110918519,77.53904497144674,4.846468767657253,1197.0715901692708,1152.3895080566406,0.04240845663234619,15.199999809265137
443,2024-11-08,2330.TW,1085.0,1090.0,1080.0,1064.900634765625,37099479.0,4,17.3081159790529,1068.1835383901703,995.1835087289705,60.537877996051435,120.97889819201188,21.988649744173046,1011.7532694498698,964.6982177734375,4.487296964723604,14.9399995803833
443,2024-11-08,2454.TW,1310.0,1320.0,1280.0,1206.1807861328125,4130119.0,4,16.432843445053322,1254.9740705660088,1191.3113176175848,52.261809641760195,39.59755490352754,1.5211638229414985,1201.3120686848958,1154.823856608073,4.487296964723604,14.9399995803833
444,2024-11-11,2330.TW,1080.0,1090.0,1070.0,1060.015869140625,34690205.0,0,18.32405787261837,1071.8586147944197,995.4163485844866,59.824337864164924,104.73906867049233,19.080771408700922,1014.9447184244792,967.1271921793619,0.7113539823330334,14.970000267028809
444,2024-11-11,2454.TW,1300.0,1310.0,1280.0,1220.315673828125,2805531.0,0,15.312223220102396,1254.7494976284115,1191.064723562995,53.288545024536575,38.719849231557724,1.5211638229414948,1204.4531656901042,1156.7085123697916,0.7113539823330334,14.970000267028809
445,2024-11-12,2330.TW,1060.0,1065.0,1050.0,1025.8216552734375,51099848.0,1,16.183459014950927,1071.8225296674843,995.9409285844689,55.119660017705954,36.53466329958258,13.483912482853357,1016.4101786295573,968.9700510660807,2.9516174021188126,14.710000038146973
445,2024-11-12,2454.TW,1280.0,1295.0,1265.0,1192.0458984375,4165815.0,1,12.004607363465993,1256.3323173745823,1187.1260810629176,51.01830460462962,-16.405488403140083,0.9989788111092576,1205.7096069335937,1158.3575887044271,2.9516174021188126,14.710000038146973
446,2024-11-13,2330.TW,1045.0,1050.0,1035.0,1011.1671142578125,42331232.0,2,13.152901549549938,1071.005973830617,993.3380752416487,53.26263608585642,-3.9075998634686173,9.491214022735102,1017.0614949544271,970.4551930745442,0.718794242159005,14.020000457763672
446,2024-11-13,2454.TW,1265.0,1275.0,1255.0,1182.62255859375,4020882.0,2,8.524646378697298,1258.3145376289588,1180.9033822929161,50.27965908786162,-53.02996379490718,2.6653358719932254,1205.2384480794271,1159.456972249349,0.718794242159005,14.020000457763672
447,2024-11-14,2330.TW,1030.0,1040.0,1025.0,1011.1671142578125,44627940.0,3,10.628642549027063,1071.349414708866,992.0176751348839,53.26263608585642,-24.599940189030825,6.897443625194642,1018.2012959798177,972.0213887532552,0.6457101435795181,14.3100004196167
447,2024-11-14,2454.TW,1260.0,1265.0,1230.0,1163.7760009765625,4261333.0,3,4.197605154744224,1263.2234195365877,1172.2251888618498,48.81736469551486,-95.73302400712217,6.725598522656423,1204.4531778971354,1160.7134114583334,0.6457101435795181,14.3100004196167
448,2024-11-15,2330.TW,1040.0,1045.0,1030.0,1011.1671142578125,34791611.0,4,8.529822619283664,1071.349414708866,992.0176751348839,53.26263608585642,-24.07785901647933,8.02442831273448,1020.7414265950521,973.1661092122396,2.111412272471557,16.139999389648438
448,2024-11-15,2454.TW,1240.0,1275.0,1230.0,1196.75732421875,4250152.0,4,3.39062593416088,1263.3892436002839,1171.588185598935,51.37736645748636,-69.97000985523353,4.91465052278563,1207.4372111002604,1161.3416280110678,2.111412272471557,16.139999389648438
449,2024-11-18,2330.TW,1030.0,1035.0,1020.0,1001.3973999023438,31815076.0,0,6.0088916417632845,1068.2662022326217,989.2390406873001,51.97038669952659,-64.96800558132662,5.385126932469579,1022.4674153645833,974.0831583658854,1.0011640679288114,15.579999923706055
449,2024-11-18,2454.TW,1260.0,1265.0,1230.0,1168.4876708984375,3884093.0,0,0.46460860548313576,1264.8371409965796,1164.0151539252954,49.195545711524744,-117.3928927488304,4.914650522785623,1208.379541015625,1161.106046549479,1.0011640679288114,15.579999923706055
450,2024-11-19,2330.TW,1030.0,1045.0,1025.0,1016.0520629882812,24349599.0,1,5.134358824159676,1063.5567277479206,989.5521345567671,53.712995808805616,-42.75369306606224,7.717560755242331,1024.5190653483073,975.2444519042969,1.9035046810070688,16.350000381469727
450,2024-11-19,2454.TW,1255.0,1290.0,1245.0,1210.8924560546875,4308916.0,1,1.5495681056731883,1259.28326228686,1165.32855411939,52.33642660767466,-40.64885368801894,0.3587006893354503,1210.1071451822916,1161.6557393391927,1.9035046810070688,16.350000381469727
451,2024-11-20,2330.TW,1025.0,1025.0,1025.0,1001.3973999023438,40203197.0,2,3.2216393753164994,1060.9782908551383,987.2457142718148,51.76991182516524,-91.35298080193944,7.717560755242313,1025.1703837076823,976.4046600341796,0.7309717600961603,17.15999984741211
451,2024-11-20,2454.TW,1275.0,1275.0,1275.0,1201.4691162109375,4926471.0,2,1.6302292865980235,1256.6666613430625,1164.6469983249062,51.60303128718008,-37.328519827769426,0.35870068933545457,1210.8924194335937,1162.5195393880208,0.7309717600961603,17.15999984741211
452,2024-11-21,2330.TW,1020.0,1025.0,1010.0,986.7427978515625,41429227.0,3,0.5173280837068432,1061.6727444912215,981.6663973544817,49.90243433244095,-132.2378891515226,3.6172229201482407,1025.1703837076823,977.4340993245443,0.7435293558530357,16.8700008392334
452,2024-11-21,2454.TW,1265.0,1270.0,1255.0,1192.0458984375,2583520.0,3,0.9231375770584691,1255.2127086338585,1162.8028065028604,50.86567646765639,-85.99518414554093,3.930323785046442,1212.1488606770833,1163.0692321777344,0.7435293558530357,16.8700008392334
453,2024-11-22,2330.TW,1035.0,1050.0,1035.0,1016.0520629882812,25187973.0,4,0.7307312355604836,1060.2156933943902,981.1695116837348,53.38170707196741,-33.316215544819336,9.553278593674836,1025.8217020670572,978.9844472249349,2.071643125417025,15.239999771118164
453,2024-11-22,2454.TW,1280.0,1310.0,1270.0,1234.45068359375,6124283.0,4,3.7413461637918317,1258.0584102462442,1163.7264408279746,53.93015746932822,31.570241047538772,3.245175455333997,1214.1905721028645,1164.40419921875,2.071643125417025,15.239999771118164
454,2024-11-25,2330.TW,1045.0,1050.0,1030.0,1006.2821655273438,49566674.0,0,0.11023497604855947,1057.855603917899,980.1101980840541,52.13319000349601,-52.5464490417385,8.174869397073339,1025.3332173665365,980.3557535807291,0.9223986699985897,14.600000381469727
454,2024-11-25,2454.TW,1325.0,1330.0,1280.0,1206.1807861328125,7448148.0,0,3.6515594053594214,1254.515912341515,1163.9707942014538,51.70609827380602,32.86240447800967,6.581260451198981,1213.562353515625,1165.4250549316407,0.9223986699985897,14.600000381469727
455,2024-11-26,2330.TW,1015.0,1020.0,1010.0,986.7427978515625,27312402.0,1,-1.9358610529881162,1058.3083941688074,975.7495220909582,49.726957068427076,-132.62955052297028,2.8215848942667363,1024.1934204101562,981.5310882568359,1.7570241212488344,14.100000381469727
455,2024-11-26,2454.TW,1280.0,1290.0,1270.0,1206.1807861328125,3208553.0,1,3.5396004418541906,1245.6732060865309,1167.6307001634693,51.706098273806035,-30.39130302531102,4.713756716427661,1213.2482421875,1166.5244384765624,1.7570241212488344,14.100000381469727
456,2024-11-27,2330.TW,1010.0,1020.0,1000.0,976.9730834960938,31276090.0,2,-4.296217080698284,1060.0805565915568,970.06946171899,48.56747637333524,-145.09377035274488,0.2553594608871911,1021.9138163248698,982.1869608561198,0.967289150040049,14.100000381469727
456,2024-11-27,2454.TW,1270.0,1285.0,1250.0,1177.910888671875,2932917.0,2,1.1563974628297728,1244.322495776879,1164.2697649653087,49.52061639748916,-91.81727736187776,1.0504593677126857,1211.6776936848958,1167.3097127278645,0.967289150040049,14.100000381469727
457,2024-11-28,2330.TW,1005.0,1005.0,992.0,981.8578491210938,33689956.0,3,-5.706871216873651,1061.1320512404902,966.5755354294317,49.180374396411125,-151.87789175468723,1.773502105258538,1020.6111877441406,983.2646687825521,0.014324365881959237,14.100000381469727
457,2024-11-28,2454.TW,1260.0,1265.0,1240.0,1182.62255859375,4205695.0,3,-0.34810296814043795,1243.4224468419811,1161.8716571619252,49.88582409018639,-115.4284452403223,0.7455625180003315,1211.0494750976563,1167.3882405598958,0.014324365881959237,14.100000381469727
458,2024-11-29,2330.TW,995.0,1010.0,994.0,973.065185546875,40094983.0,4,-7.448458062055465,1062.8789635546752,961.9954016796999,48.112769094504706,-141.31511978504946,0.45907273083597283,1019.341123453776,984.1796203613281,0.43797577508035856,13.510000228881836
458,2024-11-29,2454.TW,1235.0,1270.0,1225.0,1182.62255859375,4141261.0,4,-1.5228756366425387,1242.2321222212954,1159.7638250443297,49.88582409018639,-117.76167053166564,3.409489458196755,1210.4212565104167,1167.6238220214843,0.43797577508035856,13.510000228881836
459,2024-12-02,2330.TW,1020.0,1040.0,1015.0,1011.1671142578125,31168404.0,0,-5.688596370518326,1062.6083162547732,961.777554106555,52.71426264302706,-41.939062930071124,6.996425707958393,1017.712831624349,985.6647623697917,3.5190208113280295,13.34000015258789
459,2024-12-02,2454.TW,1275.0,1315.0,1270.0,1234.45068359375,4380160.0,0,1.7085104565439906,1244.776589732619,1158.6328585095685,53.81885803502341,46.400925791620075,4.541674363043912,1210.5783121744792,1168.9587890625,3.5190208113280295,13.34000015258789
460,2024-12-03,2330.TW,1060.0,1065.0,1055.0,1030.7066650390625,43414538.0,1,-2.686249440234178,1063.1768692932694,961.6975020446213,54.838941553188846,62.102452508714414,12.588804610704344,1016.7358581542969,987.6052500406901,0.97988999288169,13.300000190734863
460,2024-12-03,2454.TW,1325.0,1330.0,1295.0,1239.1622314453125,5954597.0,1,4.596602974047983,1248.7525918187866,1157.0126669702759,54.15720288899999,102.60472985973868,7.007266981968799,1210.1071451822916,1170.4508076985678,0.97988999288169,13.300000190734863
461,2024-12-04,2330.TW,1065.0,1070.0,1055.0,1045.3612060546875,33466290.0,2,0.8656524173914022,1064.7798185238285,961.0715303531246,56.3602805370622,87.58736400602345,13.662911740638572,1016.5730326334635,990.6167185465495,0.4428124914807152,13.449999809265137
461,2024-12-04,2454.TW,1315.0,1325.0,1305.0,1243.8739013671875,4729113.0,2,7.18283029094232,1251.5878017136154,1155.5909458449785,54.50204578655098,111.19428960168263,7.0072669819687805,1210.4212524414063,1173.3563212076822,0.4428124914807152,13.449999809265137
462,2024-12-05,2330.TW,1070.0,1080.0,1070.0,1050.2459716796875,31425359.0,3,4.0282844364156745,1066.5298247615601,960.2985016544555,56.86137881331077,119.48644300291652,15.803474485715038,1017.0615173339844,993.4988627115886,0.00857970454743502,13.539999961853027
462,2024-12-05,2454.TW,1325.0,1335.0,1310.0,1248.5855712890625,5251677.0,3,9.503080857308987,1255.3489752192702,1153.7144281010421,54.85336252614705,126.87542955748637,8.68987023173918,1211.2065266927084,1176.732999674479,0.00857970454743502,13.539999961853027
463,2024-12-06,2330.TW,1075.0,1080.0,1060.0,1040.4761962890625,30765288.0,4,5.680868358206226,1061.2958801115938,963.0900024567658,55.541830627764696,94.21712885572695,12.9076177940147,1017.2243428548177,995.9588063557943,0.4685876422558041,12.770000457763672
463,2024-12-06,2454.TW,1325.0,1340.0,1300.0,1229.739013671875,4223587.0,4,9.709214672238659,1257.7648817060576,1153.6543443681612,53.15499570530148,92.77480018907664,6.692810187308433,1212.3059163411458,1179.2458760579427,0.4685876422558041,12.770000457763672
464,2024-12-09,2330.TW,1070.0,1075.0,1065.0,1050.2459716796875,22247131.0,0,7.690243902357338,1058.9639684386295,964.4449243836361,56.584099897937215,103.57590604476144,12.907617794014698,1017.5500020345052,998.8895812988281,0.2710593807981109,14.1899995803833
464,2024-12-09,2454.TW,1320.0,1325.0,1300.0,1248.5855712890625,4075270.0,0,11.263498301007758,1262.2905442643614,1151.955671555951,54.60885584130955,93.7889029864196,6.692810187308419,1212.620027669271,1182.7010803222656,0.2710593807981109,14.1899995803833
465,2024-12-10,2330.TW,1070.0,1075.0,1060.0,1040.4761962890625,28506584.0,1,8.397547572142457,1061.0532347718356,963.8211121519926,55.24430256374689,84.35105844210243,11.416806411354937,1018.038486735026,1001.576475016276,2.1484406230882898,14.180000305175781
465,2024-12-10,2454.TW,1315.0,1360.0,1310.0,1272.143798828125,5824301.0,1,14.232171736338842,1272.9187414294113,1149.3372644299636,56.3602171803664,163.90958974374942,12.700770059996366,1213.0911946614583,1186.1562866210938,2.1484406230882898,14.180000305175781
466,2024-12-11,2330.TW,1045.0,1060.0,1045.0,1020.9367065429688,25264194.0,2,7.297298586420993,1061.6840984934497,964.1672076588941,52.66434093400068,25.16296527668633,7.0309603014025335,1018.2013081868489,1003.9863423665364,1.6511219975724005,13.579999923706055
466,2024-12-11,2454.TW,1320.0,1355.0,1305.0,1272.143798828125,6205868.0,2,16.39586549067144,1281.5316445872354,1149.676485295577,56.36021718036639,142.59008027155897,11.638460791929942,1214.6617431640625,1189.9256022135417,1.6511219975724005,13.579999923706055
467,2024-12-12,2330.TW,1060.0,1065.0,1055.0,1039.5703125,22791260.0,3,7.838561553309432,1064.5225361117373,964.1690898648253,54.74911857505364,59.67588838328316,8.276012647773475,1019.3109130859375,1006.0066040039062,0.7022473309501482,13.920000076293945
467,2024-12-12,2454.TW,1370.0,1400.0,1370.0,1300.4136962890625,7666196.0,3,20.15936819547187,1293.8408731938644,1151.0310262201983,58.4204330362343,245.14533019597238,18.767329011045536,1217.4887288411458,1193.459336344401,0.7022473309501482,13.920000076293945
468,2024-12-13,2330.TW,1060.0,1070.0,1055.0,1044.473876953125,20423659.0,4,8.564467178290897,1067.9244815716775,964.0978206744161,55.28523669531015,66.04020223309674,9.52938487171332,1020.7467956542969,1007.9946095784505,0.8455114719827088,13.8100004196167
468,2024-12-13,2454.TW,1385.0,1410.0,1365.0,1328.683349609375,6323798.0,4,25.13337407583367,1313.608649434481,1144.4558525186437,60.35650538309076,240.6240939947574,20.246498087624236,1221.258036295573,1197.9353942871094,0.8455114719827088,13.8100004196167
469,2024-12-16,2330.TW,1085.0,1085.0,1075.0,1064.0885009765625,39722392.0,0,10.600295243285245,1074.7809507014456,963.51046165207,57.37496373041865,116.82402893191814,13.209926287350909,1022.3480102539063,1010.3095255533855,3.2909971138524026,14.6899995803833
469,2024-12-16,2454.TW,1435.0,1440.0,1385.0,1305.125244140625,7194809.0,0,26.86468794384291,1321.9100784375105,1149.818180839833,58.027251870663754,221.94475694408135,24.512366062388807,1224.0850219726562,1201.940291341146,3.2909971138524026,14.6899995803833
470,2024-12-17,2330.TW,1090.0,1095.0,1075.0,1054.281005859375,37880707.0,1,11.292151863282697,1078.8306276748735,963.2836789657515,56.020744822350466,107.39161367386475,15.57851232375815,1023.2966552734375,1012.5586822509765,3.6640205742691796,15.869999885559082
470,2024-12-17,2454.TW,1390.0,1445.0,1390.0,1342.8184814453125,8783456.0,1,30.921848076202878,1339.9164671796948,1145.0043946367114,60.54733764138044,217.35638626288048,25.202158958794364,1228.3255004882812,1206.966044108073,3.6640205742691796,15.869999885559082
471,2024-12-18,2330.TW,1075.0,1090.0,1070.0,1064.0885009765625,41863190.0,2,12.487883562221214,1084.2322392093627,964.151177538684,57.06898514352468,101.52814176765668,13.969713189332495,1024.2465576171876,1014.6619211832682,0.3879354565556429,27.6200008392334
471,2024-12-18,2454.TW,1430.0,1430.0,1405.0,1338.1068115234375,5995195.0,2,33.37228934766108,1353.5676844487896,1145.0169468988668,60.08087289496788,185.16247137433803,25.202158958794353,1231.9377604166666,1211.6776896158854,0.3879354565556429,27.6200008392334
472,2024-12-19,2330.TW,1065.0,1070.0,1055.0,1049.377685546875,42702851.0,3,12.108885986517407,1085.6489756873023,968.9979298302758,55.03361709878348,51.68901627068538,9.250259669503187,1024.5432739257812,1016.3083038330078,0.9251459390917026,24.09000015258789
472,2024-12-19,2454.TW,1400.0,1430.0,1395.0,1338.1068115234375,6353336.0,3,34.91183975296099,1364.3891189860094,1148.8016036702404,60.080872894967875,158.3715547783745,22.80045545688249,1235.5500203450522,1216.3108052571615,0.9251459390917026,24.09000015258789
473,2024-12-20,2330.TW,1060.0,1060.0,1035.0,1015.0520629882812,52030520.0,4,8.935731260291732,1085.6413589505391,968.9055465670389,50.67136889811415,-8.178266935178524,3.347382671101994,1022.8816548665365,1017.3174621582032,2.895288030303038,18.360000610351562
473,2024-12-20,2454.TW,1420.0,1425.0,1390.0,1309.8369140625,5544646.0,4,33.46503597387118,1370.1517580865998,1150.5775876165253,57.24891417605629,125.23598958469252,21.59399535699442,1239.005224609375,1220.1586466471354,2.895288030303038,18.360000610351562
474,2024-12-23,2330.TW,1065.0,1080.0,1060.0,1059.184814453125,30728473.0,0,9.868371050213,1089.0707095164948,970.7664608936615,55.375912533703485,86.18502258490506,8.463704390695352,1022.8539530436198,1018.8993357340495,4.68488206110027,16.780000686645508
474,2024-12-23,2454.TW,1405.0,1425.0,1400.0,1328.683349609375,4295456.0,0,33.453551678051326,1377.2136619179132,1155.7659401328679,58.59487683869416,124.95303541473174,21.593995356994416,1242.61748046875,1223.5353230794271,4.68488206110027,16.780000686645508
475,2024-12-24,2330.TW,1095.0,1095.0,1080.0,1059.184814453125,26461906.0,1,10.486611671373794,1090.3878437615715,976.6935283087412,55.375912533703485,114.11368935844654,12.074824953530797,1023.9660583496094,1020.1881184895833,0.04807492291128362,14.270000457763672
475,2024-12-24,2454.TW,1430.0,1430.0,1405.0,1323.971923828125,3196077.0,1,32.68747672096379,1382.122793700534,1162.6359221197783,58.12164911613237,115.04075482167478,22.40976319091742,1247.0150146484375,1226.3623107910157,0.04807492291128362,14.270000457763672
476,2024-12-25,2330.TW,1090.0,1090.0,1080.0,1064.0885009765625,15481622.0,2,11.242659952826898,1089.612111497269,986.1808023210903,55.876291052389846,105.17183151136025,12.074824953530799,1025.7301045735678,1021.3957997639974,0.006935820223254921,14.270000457763672
476,2024-12-25,2454.TW,1420.0,1430.0,1410.0,1328.683349609375,2381315.0,2,32.09060891980175,1382.839958685486,1176.9960032285765,58.468633563974905,108.35570931743293,22.409763190917413,1251.8837076822917,1228.5610778808593,0.006935820223254921,14.270000457763672
477,2024-12-26,2330.TW,1085.0,1090.0,1085.0,1064.0885009765625,14374900.0,3,11.706883991539826,1087.687700578965,996.3282784249411,55.87629105238984,102.17176658888778,12.074824953530799,1027.4941507975261,1022.8477233886719,0.1453062802157293,14.729999542236328
477,2024-12-26,2454.TW,1420.0,1430.0,1415.0,1338.1068115234375,2351336.0,3,32.009001662237324,1382.8676075751368,1192.5167796318942,59.168629910929106,104.96234157643943,22.409763190917413,1257.694734700521,1231.073956298828,0.1453062802157293,14.729999542236328
478,2024-12-27,2330.TW,1080.0,1095.0,1080.0,1068.9920654296875,24948385.0,4,12.328348035321596,1080.6039063419146,1013.0047606502728,56.39947776117903,99.57196370002173,12.074824953530795,1029.421649169922,1025.081537882487,0.036855766235027405,15.949999809265137
478,2024-12-27,2454.TW,1420.0,1440.0,1420.0,1347.530029296875,2283253.0,4,32.33199908439428,1380.8008279910573,1211.0743062862866,59.868340865635695,105.6220486413372,24.156924307672885,1262.7204915364584,1235.0788513183593,0.036855766235027405,15.949999809265137
479,2024-12-30,2330.TW,1090.0,1095.0,1085.0,1068.9920654296875,23954634.0,0,12.674756069221075,1080.4117713546382,1018.9793907547368,56.39947776117903,98.46521919129447,12.07482495353079,1031.6748046875,1027.0711100260417,0.13608969885877226,17.399999618530273
479,2024-12-30,2454.TW,1430.0,1435.0,1420.0,1338.1068115234375,2765852.0,0,31.4648942328256,1382.77278270182,1219.4679643684924,58.8255104684596,92.11571333936217,24.156924307672885,1268.374462890625,1238.377001953125,0.13608969885877226,17.399999618530273
480,2024-12-31,2330.TW,1080.0,1085.0,1075.0,1054.281005859375,28397820.0,1,11.628184892801528,1080.3047168670273,1021.4438793243788,54.33118299806876,63.09410418178568,8.688283391204541,1032.9491027832032,1028.7340840657553,0.736827903568844,17.350000381469727
480,2024-12-31,2454.TW,1410.0,1425.0,1400.0,1333.3951416015625,3224086.0,1,30.05110457776823,1383.1933147481286,1228.470723337809,58.300236758747715,72.85621161672398,18.4483030425629,1272.4578857421875,1241.2825154622396,0.736827903568844,17.350000381469727
