,date,tic,open,high,low,close,volume,day,macd,boll_ub,boll_lb,rsi_30,cci_30,dx_30,close_30_sma,close_60_sma,turbulence,vix
0,2023-01-03,2330.TW,446.0,453.5,443.0,427.85711669921875,14885824.0,1,0.0,430.8793112161408,421.5291360494842,50.0,0.0,0.0,427.85711669921875,427.85711669921875,0.0,22.899999618530273
0,2023-01-03,2454.TW,623.0,645.0,621.0,522.3978271484375,4451795.0,1,0.0,430.8793112161408,421.5291360494842,50.0,0.0,0.0,522.3978271484375,522.3978271484375,0.0,22.899999618530273
1,2023-01-04,2330.TW,449.5,455.0,448.5,424.55133056640625,19188422.0,2,-0.0741682786207889,430.8793112161408,421.5291360494842,0.0,0.0,100.0,426.2042236328125,426.2042236328125,0.0,22.010000228881836
1,2023-01-04,2454.TW,639.0,644.0,635.0,515.9085083007812,2734185.0,2,-0.14559369209484885,528.3304504495281,509.97588499969055,0.0,0.0,0.0,519.1531677246094,519.1531677246094,0.0,22.010000228881836
2,2023-01-05,2330.TW,459.0,459.5,455.0,433.05181884765625,23549581.0,3,0.16909452457002772,437.0569149723515,419.916595769836,72.67808667390985,0.0,100.0,428.48675537109375,428.48675537109375,0.0,22.459999084472656
2,2023-01-05,2454.TW,638.0,641.0,625.0,511.8525695800781,5231120.0,3,-0.3112896791950561,527.3580670745544,506.08120294497695,0.0,0.0,100.0,516.7196350097656,516.7196350097656,0.0,22.459999084472656
3,2023-01-06,2330.TW,455.0,459.5,455.0,433.05181884765625,20886011.0,4,0.2755911388106824,437.9829536121369,421.27308886833185,72.67808667390985,0.0,100.0,429.6280212402344,429.6280212402344,0.0,21.1299991607666
3,2023-01-06,2454.TW,634.0,660.0,634.0,535.3767700195312,6890898.0,4,0.4703097543065269,541.9639943525453,500.8038431718687,70.20294948178605,0.0,32.55813953488372,521.383918762207,521.383918762207,0.0,21.1299991607666
4,2023-01-09,2330.TW,468.0,481.0,467.5,454.302978515625,46666263.0,0,1.1732904699974824,457.78878468330424,411.3372407073208,90.72076397950146,0.0,100.0,434.5630126953125,434.5630126953125,0.0,21.969999313354492
4,2023-01-09,2454.TW,671.0,675.0,665.0,547.5443725585938,6953372.0,0,1.3692948992359106,556.0294436587002,497.2025753842684,78.33945793695983,0.0,56.24349635796047,526.6160095214843,526.6160095214843,0.0,21.969999313354492
5,2023-01-10,2330.TW,486.0,487.0,483.0,459.0254821777344,32646014.0,1,1.8928125719873492,467.458328160092,409.82185372467364,91.9437848162471,0.0,100.0,438.6400909423828,438.6400909423828,0.0,20.579999923706055
5,2023-01-10,2454.TW,684.0,696.0,681.0,562.9567260742188,8579851.0,1,2.543009956850483,572.3282097782946,493.0173814489189,84.04743800397092,0.0,70.99586147845115,532.6727956136068,532.6727956136068,0.0,20.579999923706055
6,2023-01-11,2330.TW,487.0,488.0,482.0,457.6086730957031,21051115.0,2,2.2574622288973387,471.3111922003717,411.38858458534264,88.33056064018668,0.0,100.0,441.34988839285717,441.34988839285717,0.0,21.09000015258789
6,2023-01-11,2454.TW,700.0,707.0,694.0,573.5020141601562,6807896.0,2,3.729641716666606,586.0770205788613,490.93406166165215,86.55517031506105,0.0,75.47613565913512,538.5055411202567,538.5055411202567,0.0,21.09000015258789
7,2023-01-12,2330.TW,487.5,488.0,484.0,459.4977111816406,20963689.0,3,2.555516315300167,474.18160397893246,413.0551285039777,88.93056004261689,0.0,100.0,443.6183662414551,443.6183662414551,0.0,18.829999923706055
7,2023-01-12,2454.TW,710.0,720.0,708.0,579.9913940429688,6154916.0,3,4.773980722689089,596.6090525208704,490.7734929503211,87.77824330291455,0.0,79.37178754457244,543.6912727355957,543.6912727355957,0.0,18.829999923706055
8,2023-01-13,2330.TW,507.0,509.0,499.0,472.24847412109375,77606949.0,4,3.3556416573005663,481.1746424768795,412.42433620150587,91.85484105380597,0.0,100.0,446.7994893391927,446.7994893391927,0.0,18.350000381469727
8,2023-01-13,2454.TW,722.0,726.0,691.0,562.9567260742188,6607197.0,4,4.579375808752843,596.9710413909025,494.69271593331626,70.38980549542086,0.0,47.64423594950526,545.8318786621094,545.8318786621094,0.0,18.350000381469727
9,2023-01-16,2330.TW,506.0,508.0,503.0,476.9709167480469,34373918.0,0,4.11765825246755,487.42623980752415,412.2070243526321,92.60348352264863,0.0,100.0,449.81663208007814,449.81663208007814,0.0,18.350000381469727
9,2023-01-16,2454.TW,707.0,712.0,701.0,571.0684814453125,4831796.0,0,4.792534782112625,599.1432252749796,497.56785260587975,73.02238592133507,0.0,47.64423594950527,548.3555389404297,548.3555389404297,0.0,18.350000381469727
10,2023-01-17,2330.TW,504.0,504.0,499.5,475.0819091796875,27770329.0,1,4.5099188038159355,490.90981382552053,413.3171370800192,89.21050463857011,0.0,86.07442364416991,452.1134754527699,452.1134754527699,0.0,19.360000610351562
10,2023-01-17,2454.TW,706.0,709.0,693.0,562.1455688476562,4423459.0,1,4.403982206832552,598.5029512118884,500.7154048339213,66.31340205673413,0.0,35.568112306332615,549.6091780229049,549.6091780229049,0.0,19.360000610351562
11,2023-01-30,2330.TW,542.0,543.0,534.0,512.8617553710938,124428936.0,0,6.811431278717748,508.150741204164,406.2009230210964,93.86284005979387,0.0,92.27475788966227,457.1758321126302,457.1758321126302,0.0,19.940000534057617
11,2023-01-30,2454.TW,734.0,739.0,709.0,599.4596557617188,14092868.0,0,6.108898262094385,608.5505216606181,498.9762473416605,75.89435838531126,0.0,51.08779453077412,553.7633845011393,553.7633845011393,0.0,19.940000534057617
12,2023-01-31,2330.TW,537.0,538.0,521.0,493.0273132324219,72530854.0,1,7.307527499715263,512.6345902465658,407.23268645866256,76.05269171005818,0.0,66.68324954259819,459.9336383526142,459.9336383526142,0.0,19.399999618530273
12,2023-01-31,2454.TW,734.0,752.0,716.0,582.4249877929688,10849696.0,1,6.330015926970191,610.779252717471,501.1569937143198,66.90745032509601,0.0,55.85445488481706,555.9681232158954,555.9681232158954,0.0,19.399999618530273
13,2023-02-01,2330.TW,532.0,533.0,522.0,500.58343505859375,33710990.0,2,8.021876489593524,517.935842362956,407.73854815741225,77.71884074917038,0.0,66.6832495425982,462.83719526018416,462.83719526018416,0.0,17.8700008392334
13,2023-02-01,2454.TW,724.0,728.0,718.0,587.2920532226562,5742796.0,2,6.695388226788509,613.4640538068711,502.9470397687428,68.02649598500793,0.0,55.85445488481706,558.205546787807,558.205546787807,0.0,17.8700008392334
14,2023-02-02,2330.TW,538.0,542.0,537.0,510.0282897949219,43077053.0,3,9.018724325215715,524.4031296812948,407.56340677703855,79.55792531885851,0.0,69.67371313891087,465.98326822916664,465.98326822916664,0.0,18.729999542236328
14,2023-02-02,2454.TW,747.0,753.0,737.0,605.9490356445312,11004915.0,3,7.992642476186802,620.0676257461216,502.7092663437223,71.80705096669554,0.0,63.22914619000712,561.3884460449219,561.3884460449219,0.0,18.729999542236328
15,2023-02-03,2330.TW,540.0,542.0,536.0,511.917236328125,31635865.0,4,9.776334739969684,529.787196475857,407.9210859948462,79.90115330713017,0.0,67.9410525298373,468.85414123535156,468.85414123535156,0.0,18.329999923706055
15,2023-02-03,2454.TW,742.0,753.0,741.0,609.1937866210938,6331833.0,4,9.07332524683784,625.8989101004488,502.8536495614165,72.39430662621747,0.0,63.22914619000712,564.3762798309326,564.3762798309326,0.0,18.329999923706055
16,2023-02-06,2330.TW,532.0,533.0,526.0,496.8052673339844,30870136.0,0,9.297597349388809,531.0343644668778,409.96228578013506,70.15287649712467,0.0,51.89508476319607,470.49832512350645,470.49832512350645,0.0,19.43000030517578
16,2023-02-06,2454.TW,745.0,749.0,730.0,592.9702758789062,7504061.0,0,8.780912592274149,627.2207663603323,504.8957928365886,65.35320926730225,0.0,51.32579831697105,566.0582795984604,566.0582795984604,0.0,19.43000030517578
17,2023-02-07,2330.TW,524.0,528.0,522.0,493.971923828125,23481767.0,1,8.638180659291095,531.5643857484196,412.0404421324398,68.53119871621927,0.0,46.118162864520876,471.8024139404297,471.8024139404297,0.0,18.65999984741211
17,2023-02-07,2454.TW,739.0,739.0,716.0,581.6138305664062,7083578.0,1,7.733153065334136,626.7102018564652,507.1347518924498,61.05323878671574,0.0,38.069346611468774,566.9224768744575,566.9224768744575,0.0,18.65999984741211
18,2023-02-08,2330.TW,538.0,540.0,534.0,510.0282897949219,35096191.0,2,9.056341441559198,534.4830893082125,413.14551497838295,72.28678145734531,0.0,51.80650499663712,473.8143021432977,473.8143021432977,0.0,19.6299991607666
18,2023-02-08,2454.TW,726.0,747.0,725.0,603.515625,7726469.0,2,8.238854020619215,629.3289394145651,508.36792466335436,65.57247368391945,0.0,41.11849413423012,568.8484320389597,568.8484320389597,0.0,19.6299991607666
19,2023-02-09,2330.TW,540.0,540.0,536.0,510.0282897949219,18861972.0,3,9.269352520741336,536.8562939537288,414.393709098029,72.28678145734531,0.0,51.806504996637116,475.62500152587893,475.62500152587893,0.0,20.709999084472656
19,2023-02-09,2454.TW,740.0,749.0,736.0,607.5714111328125,3943535.0,3,8.79357506794247,632.1463359782572,509.4228260090474,66.32110839887083,0.0,41.85881488097156,570.7845809936523,570.7845809936523,0.0,20.709999084472656
20,2023-02-10,2330.TW,544.0,546.0,541.0,514.7507934570312,28495684.0,4,9.635270970334773,539.2292735983557,420.7100971291834,73.2901047130209,0.0,54.38332149548854,477.4881344749814,477.4881344749814,0.0,20.530000686645508
20,2023-02-10,2454.TW,749.0,749.0,739.0,600.2708129882812,3178891.0,4,8.633770583254773,632.915419459499,516.44104111179,63.74013358324557,0.0,41.85881488097154,572.1886872791108,572.1886872791108,0.0,20.530000686645508
21,2023-02-13,2330.TW,544.0,544.0,538.0,510.97283935546875,22768977.0,0,9.550350026717695,538.9613281549292,429.6201934515162,71.15811083865394,0.0,50.2286089908094,479.01016651500356,479.01016651500356,0.0,20.34000015258789
21,2023-02-13,2454.TW,735.0,737.0,726.0,592.9702758789062,4083761.0,0,7.91748081750336,630.2262769290172,526.8363604000843,61.273392628611134,0.0,30.449892929308632,573.1333049427379,573.1333049427379,0.0,20.34000015258789
22,2023-02-14,2330.TW,544.0,546.0,543.0,514.7507934570312,21883297.0,1,9.627935464600853,538.984186529218,437.7672325381648,72.00069090813095,0.0,51.13552246451831,480.5641068168308,480.5641068168308,0.0,18.90999984741211
22,2023-02-14,2454.TW,737.0,742.0,731.0,593.7814331054688,3253855.0,1,7.323209642419897,624.0362401219298,541.2192835597108,61.44489335718095,0.0,32.60642867787653,574.0310496454654,574.0310496454654,0.0,18.90999984741211
23,2023-02-15,2330.TW,526.0,532.0,522.0,495.8608093261719,61796793.0,2,8.275925813337608,534.9571792237388,448.07513889149567,62.54906596258406,0.0,26.16452510399443,481.2014694213867,481.2014694213867,0.0,18.229999542236328
23,2023-02-15,2454.TW,730.0,730.0,708.0,575.935546875,6560069.0,2,5.54836549973129,619.8230409252649,549.4883604419226,55.81895989070531,0.0,15.556097668703003,574.1104036966959,574.1104036966959,0.0,18.229999542236328
24,2023-02-16,2330.TW,528.0,531.0,524.0,498.6943054199219,29975138.0,3,7.32418778595229,533.5563920578297,453.9150587478344,63.296700246769156,0.0,26.16452510399443,481.90118286132815,481.90118286132815,0.0,20.170000076293945
24,2023-02-16,2454.TW,716.0,718.0,706.0,576.746826171875,5055383.0,3,4.159332127365474,616.9538863092199,555.2777604192958,56.00838356097335,0.0,14.234825837652847,574.2158605957031,574.2158605957031,0.0,20.170000076293945
25,2023-02-17,2330.TW,524.0,524.0,516.0,489.2493591308594,28121975.0,4,5.8342829669641105,531.6703311884368,458.8235073125398,59.220120233715534,0.0,18.202677558868494,482.1838050255409,482.1838050255409,0.0,20.020000457763672
25,2023-02-17,2454.TW,708.0,723.0,707.0,586.4808349609375,3496855.0,4,3.712784062887067,616.1411986795964,558.442858937591,58.2311577574434,0.0,16.69812605766692,574.6875903789813,574.6875903789813,0.0,20.020000457763672
26,2023-02-20,2330.TW,514.0,519.0,511.0,488.3049011230469,20065156.0,0,4.5383171653115255,528.8543442293226,464.70911707438836,58.828191758796436,0.0,13.568857850052499,482.41051228841144,482.41051228841144,0.0,20.020000457763672
26,2023-02-20,2454.TW,725.0,732.0,719.0,588.9143676757812,2557688.0,0,3.493969449084716,616.1748083328281,559.950484635922,58.76993367066024,0.0,20.92705185579321,575.2145080566406,575.2145080566406,0.0,20.020000457763672
27,2023-02-21,2330.TW,515.0,517.0,513.0,487.36041259765625,13504100.0,1,3.407382192522448,525.4972921870612,470.85243925825125,58.428157657400305,0.0,13.568857850052506,482.58729444231307,482.58729444231307,0.0,22.8700008392334
27,2023-02-21,2454.TW,728.0,734.0,724.0,588.103271484375,2680312.0,1,3.224632230423367,616.322980913603,560.6134997992876,58.509712797129765,0.0,21.839220041940195,575.6748210362026,575.6748210362026,0.0,22.8700008392334
28,2023-02-22,2330.TW,506.0,509.0,505.0,478.8599548339844,24575245.0,2,1.8725954006557117,524.641313913578,472.3695656030236,54.949255514299736,0.0,6.425166956430075,482.45876549030174,482.45876549030174,0.0,22.290000915527344
28,2023-02-22,2454.TW,718.0,722.0,713.0,578.3690795898438,4226425.0,2,2.2752817972989305,614.8872492604419,563.5904668040112,55.46094070985882,0.0,14.334893431615559,575.7677265035695,575.7677265035695,0.0,22.290000915527344
29,2023-02-23,2330.TW,512.0,521.0,510.0,489.2493591308594,25376835.0,3,1.407294234819176,523.653119286034,474.5856044688488,58.10332440090183,15.499954982958123,14.746451569373525,482.68511861165365,482.68511861165365,0.0,21.139999389648438
29,2023-02-23,2454.TW,724.0,745.0,722.0,604.3267822265625,7415265.0,3,3.3930608457213793,615.8940540373878,565.9094921051903,61.058506463214535,68.76631534210476,24.405860028498015,576.7196950276692,576.7196950276692,0.0,21.139999389648438
30,2023-02-24,2330.TW,524.0,525.0,511.0,482.63787841796875,41692491.0,4,0.5440297612081508,522.6671749046648,476.32714577404613,55.543366934241625,8.810001245693295,17.28291462356758,484.5111440022786,482.68359473443803,0.0,21.670000076293945
30,2023-02-24,2454.TW,751.0,752.0,723.0,586.4808349609375,8014012.0,4,2.9215636197816366,613.2941537658478,570.9429189880584,56.04870669005299,57.49343641884182,27.103999275546553,578.8557952880859,577.0345705093875,0.0,21.670000076293945
31,2023-03-01,2330.TW,504.0,522.0,504.0,493.0273132324219,39560848.0,2,0.6279988433701646,520.9535620434675,476.05731442137613,58.51464325138485,2.937205560169894,11.288750258731541,486.7936767578125,483.0068359375,0.0,20.579999923706055
31,2023-03-01,2454.TW,737.0,795.0,731.0,641.640869140625,15610514.0,2,6.579711639089851,624.7994755463927,563.655718545404,65.18297941278941,170.3768555943561,40.58105028456232,583.0468739827473,579.0535173416138,0.0,20.579999923706055
32,2023-03-02,2330.TW,519.0,520.0,515.0,490.1938781738281,16558784.0,3,0.4765561801576723,520.9924976665734,475.73503529241106,57.431707236632846,3.6501641826706375,11.288750258731556,488.6984120686849,483.2246250961766,0.0,19.59000015258789
32,2023-03-02,2454.TW,790.0,790.0,773.0,628.662109375,9407400.0,3,8.401871167789068,630.1911655864353,562.8877406635647,62.044374503589026,199.68351945351247,40.58105028456232,586.9405253092448,580.5568080092921,0.0,19.59000015258789
33,2023-03-03,2330.TW,524.0,525.0,516.0,487.36041259765625,23253895.0,4,0.1416671319225884,520.825567994346,474.5796627185446,56.35280593921625,-0.22816722346691953,14.62414648963413,490.5086985270182,483.34626590504365,0.0,18.489999771118164
33,2023-03-03,2454.TW,778.0,789.0,771.0,628.662109375,6400777.0,4,9.7295809143003,634.8523192180431,562.3635926471912,62.044374503589026,191.8847485871087,39.299169169076045,590.0500366210938,581.9716698141659,0.0,18.489999771118164
34,2023-03-06,2330.TW,520.0,524.0,517.0,492.0827941894531,21922085.0,0,0.23157904216145653,519.2985912960924,474.3120898562514,57.7221399010727,0.3932001316253913,14.624146489634123,491.7680257161458,483.59588099888396,0.0,18.610000610351562
34,2023-03-06,2454.TW,785.0,795.0,777.0,635.9625854492188,7426468.0,0,11.202176333988064,639.940628282129,560.2766385635741,63.11351365167472,201.8460561921788,40.969647528861664,592.9973103841146,583.5142674037388,0.0,18.610000610351562
35,2023-03-07,2330.TW,521.0,526.0,519.0,494.9163513183594,24861078.0,1,0.5123279133750316,517.2995544733432,474.61103817802405,58.52971737736949,6.238413056777052,15.976456411720715,492.9643880208333,483.91033850775824,0.0,19.59000015258789
35,2023-03-07,2454.TW,789.0,790.0,783.0,639.2073364257812,5137242.0,1,12.469095114336824,644.9862876537535,558.2323341724183,63.58513154221204,187.25868877102872,40.96964752886166,595.5389973958333,585.0612970987955,0.0,19.59000015258789
36,2023-03-08,2330.TW,521.0,523.0,518.0,492.0827941894531,24512408.0,2,0.5120613769707916,517.12822719588,474.31011814103414,57.3955614525677,-14.322622038289145,15.034001322900107,494.113525390625,484.1312156883446,0.0,19.110000610351562
36,2023-03-08,2454.TW,782.0,784.0,765.0,622.9837646484375,8327224.0,2,12.091464504086503,647.297656646593,558.922314056532,59.64095852644971,124.37343548532495,29.52584340324681,597.188389078776,586.0862286541912,0.0,19.110000610351562
37,2023-03-09,2330.TW,525.0,526.0,522.0,493.0273132324219,21557577.0,3,0.577598313879264,517.1013846940159,474.24249958332786,57.67834942760373,-6.1593704818684545,17.12408501426005,495.23117879231773,484.3653235184519,0.0,22.610000610351562
37,2023-03-09,2454.TW,769.0,775.0,767.0,622.172607421875,5235081.0,3,11.59546435569598,648.89241165001,561.3834367386619,59.450221203787954,104.13669182595551,29.52584340324682,598.5944295247396,587.0358702007093,0.0,22.610000610351562
38,2023-03-10,2330.TW,515.0,516.0,511.0,484.5268859863281,24045605.0,4,-0.024842324423559603,515.2567617794448,473.53698211703954,54.32150526176841,-78.65763963982417,7.12828939621016,495.6404591878255,484.3694661458333,0.0,24.799999237060547
38,2023-03-10,2454.TW,759.0,761.0,753.0,613.2496948242188,5780275.0,4,10.39484126092998,649.5194623696206,561.7297930014732,57.36263223357958,54.665083135205016,21.327853831931836,600.2708618164063,587.70801955003,0.0,24.799999237060547
39,2023-03-13,2330.TW,513.0,518.0,509.0,487.36041259765625,21466947.0,0,-0.27963750210267335,512.9791954164959,473.5477607602619,55.22019615637509,-76.09240604276084,7.12828939621015,495.9867757161458,484.4442398071289,0.0,26.520000457763672
39,2023-03-13,2454.TW,756.0,764.0,743.0,619.7391357421875,4934528.0,0,9.831515265510234,650.5764585214496,561.8895693105816,58.460073146613375,49.318784133706735,15.907141636218448,601.8932169596354,588.5087974548339,0.0,26.520000457763672
40,2023-03-14,2330.TW,511.0,514.0,510.0,481.693359375,20474770.0,1,-0.9101916141657966,509.1658928830466,474.0553198855081,53.06035428900518,-102.30119345537767,7.128289396210145,496.2071573893229,484.37714516244284,0.0,23.729999542236328
40,2023-03-14,2454.TW,749.0,768.0,749.0,617.3055419921875,4970598.0,1,9.091253649110172,651.6000678151173,562.5694329173047,57.88211128594008,53.48700464295814,17.433591264887554,603.7318827311198,589.2111570776963,0.0,23.729999542236328
41,2023-03-15,2330.TW,515.0,516.0,510.0,482.63787841796875,23208597.0,2,-1.3207943081296776,505.6133516748091,474.77436499999556,53.374782543388264,-90.57137291693931,8.696717547048914,495.19969482421874,484.3357340494792,0.0,26.139999389648438
41,2023-03-15,2454.TW,766.0,773.0,757.0,614.8720703125,5204405.0,2,8.220432823920191,652.3090847125104,564.0505954632708,57.29615291795353,62.043724455377756,19.32717237369689,604.2456298828125,589.8221312023345,0.0,26.139999389648438
42,2023-03-16,2330.TW,505.0,510.0,504.0,479.5514831542969,21965994.0,3,-1.8650302969919608,499.4614295992329,477.4063560452984,52.19294537198359,-119.69785653102322,3.2834862505158067,494.75050048828126,484.224472400754,0.0,22.989999771118164
42,2023-03-16,2454.TW,751.0,765.0,748.0,613.2496948242188,5857200.0,3,7.319376788041836,652.8014694890124,565.5050368586438,56.898893179946086,35.46527313216365,14.440038085880532,605.2731201171875,590.3669582633084,0.0,22.989999771118164
43,2023-03-17,2330.TW,516.0,518.0,513.0,491.8963623046875,33118483.0,4,-1.3158228403927978,498.83532249275254,477.6360184496302,56.205319698298595,-44.488394540410596,9.500051282752189,494.4609313964844,484.3988335349343,0.0,25.510000228881836
43,2023-03-17,2454.TW,770.0,777.0,766.0,627.0396728515625,6673769.0,4,7.595660705745786,653.0936046671459,570.3233142781667,59.37558335664929,84.28715826380197,19.01494037511399,606.5980407714844,591.2004290494052,0.0,25.510000228881836
44,2023-03-20,2330.TW,517.0,518.0,510.0,486.1986999511719,11837312.0,0,-1.312045549926438,497.0212333902592,478.2005470052486,54.03982793701319,-62.907022982634,6.836123221922796,493.66661173502604,484.43883056640624,0.0,24.149999618530273
44,2023-03-20,2454.TW,773.0,780.0,768.0,624.6061401367188,5239975.0,0,7.53652587728709,652.3938658704116,575.8089844713853,58.759192835166715,80.8903779356409,20.11956551793581,607.2199442545573,591.9427781846788,0.0,24.149999618530273
45,2023-03-21,2330.TW,515.0,517.0,512.0,490.9468078613281,18284799.0,1,-0.9254739504596046,497.19849193592916,478.19303333262553,55.517293757078214,-44.855630215490066,6.836123221922809,492.96759745279945,484.5803083336872,0.0,21.3799991607666
45,2023-03-21,2454.TW,776.0,779.0,763.0,625.4173583984375,5224780.0,1,7.46692764224963,652.3346211727822,579.7618815127647,58.90630447871842,69.56825611607138,17.35961869681724,607.7607299804688,592.6704864501953,0.0,21.3799991607666
46,2023-03-22,2330.TW,524.0,533.0,524.0,506.140380859375,42385987.0,2,0.569719827917595,501.1771023069857,475.9979709352018,59.795600949152075,74.42678703681003,18.194951134173138,493.2787679036458,485.03903328104224,0.0,22.260000228881836
46,2023-03-22,2454.TW,777.0,785.0,776.0,633.5291137695312,5008621.0,2,7.957977309499711,652.9932725215141,583.5647047734077,60.3686796842413,93.93763351244863,19.651382587997862,609.1126912434896,593.5398189463514,0.0,22.260000228881836
47,2023-03-23,2330.TW,528.0,539.0,528.0,510.88848876953125,26728246.0,3,2.1042139234955926,505.7968647431621,473.73101611621297,61.00798540259294,105.78384959653727,21.88940654755517,493.8426534016927,485.57756360371906,0.0,22.610000610351562
47,2023-03-23,2454.TW,780.0,794.0,778.0,643.26318359375,4688952.0,3,9.010128264479931,654.3951441284432,587.678824377416,62.045364052324636,110.36830619680569,22.966300885828474,611.1676696777344,594.5757223765055,0.0,22.610000610351562
48,2023-03-24,2330.TW,536.0,539.0,535.0,511.8381652832031,21926240.0,4,3.356090519782981,509.389479214471,473.4362226898259,61.24976491600077,125.99032802268538,21.88940654755516,493.9029825846354,486.11349425023917,0.0,21.739999771118164
48,2023-03-24,2454.TW,790.0,794.0,785.0,640.8297729492188,4299481.0,4,9.541151476348432,651.9251235976328,596.394914244164,61.37387257530808,108.17405218928847,22.966300885828467,612.411474609375,595.5196825922752,0.0,21.739999771118164
49,2023-03-27,2330.TW,533.0,536.0,531.0,504.24127197265625,16111177.0,0,3.7041760098855434,510.98939169665135,473.33550149182526,58.26025634803214,91.53260483751242,18.084716629644074,493.7100819905599,486.4760498046875,0.0,20.600000381469727
49,2023-03-27,2454.TW,789.0,790.0,779.0,632.7179565429688,3000386.0,0,9.213677560662177,651.9428615498033,599.2162937236343,59.16572877698876,83.09432730643289,19.45039480898278,613.2496927897135,596.263648071289,0.0,20.600000381469727
50,2023-03-28,2330.TW,525.0,530.0,524.0,498.5435791015625,17234120.0,1,3.4882809455713186,511.4310850207126,474.4843782361233,56.13450936102207,50.22807251662083,11.768816380294787,493.1698415120443,486.7126680261949,0.0,19.969999313354492
50,2023-03-28,2454.TW,775.0,780.0,766.0,621.3614501953125,3940649.0,1,7.962537411480639,646.405735958664,608.241480838211,56.235482373904034,42.775633314384656,12.256283160844267,613.952714029948,596.7557618384268,0.0,19.969999313354492
51,2023-03-29,2330.TW,533.0,533.0,525.0,503.291748046875,17280749.0,2,3.651662826481356,512.5139896928729,474.4279170454083,57.472220290581014,83.61484068234873,13.812585784535145,492.91380513509114,487.031496488131,0.0,19.1200008392334
51,2023-03-29,2454.TW,774.0,775.0,765.0,627.0396728515625,2913723.0,2,7.3368562619155,644.4470045705139,608.7400925974548,57.32858734866021,39.56542275812367,11.720851895669124,615.0883605957031,597.3381447425255,0.0,19.1200008392334
52,2023-03-30,2330.TW,536.0,537.0,531.0,508.0396423339844,19201564.0,3,4.1107156644162615,514.4058843560563,474.3205987982405,58.7727543762642,139.57167717725923,16.481022754026306,492.6901000976562,487.42787659843015,0.0,19.020000457763672
52,2023-03-30,2454.TW,780.0,783.0,775.0,631.0955200195312,2970689.0,3,7.081408999674068,644.6609601992418,608.7694780331801,58.10184992657468,61.35481432869966,15.073214583478883,616.3321634928385,597.9750763515257,0.0,19.020000457763672
53,2023-03-31,2330.TW,538.0,538.0,532.0,506.140380859375,23558838.0,4,4.274032267709742,515.719661864626,474.8848181158428,58.038290206056196,129.9776618120953,17.1444570685873,493.0327524820963,487.7744044551143,0.0,18.700000762939453
53,2023-03-31,2454.TW,778.0,789.0,778.0,638.3961181640625,4356288.0,4,7.374338181100143,645.8829044495251,608.520934661803,59.469491042682485,77.6264097064055,17.5038023992363,618.4141825358073,598.7236141628689,0.0,18.700000762939453
54,2023-04-06,2330.TW,530.0,531.0,526.0,503.291748046875,25423363.0,3,4.12896885276399,516.5219441856455,475.2034311805655,56.93435409888576,79.1950868468592,11.640089270141656,493.1860005696615,488.0565379749645,0.0,18.399999618530273
54,2023-04-06,2454.TW,774.0,777.0,751.0,610.816162109375,8692104.0,3,5.3491108535935155,645.5070642418681,606.3821325354758,52.74146213043811,-11.870737990681286,3.6892691879525965,619.5498270670573,598.9434786709872,0.0,18.399999618530273
55,2023-04-07,2330.TW,535.0,535.0,529.0,504.24127197265625,8557482.0,4,4.042988602188473,517.3165520772342,475.34131535440645,57.214971020338865,94.26236499867186,14.413554275869409,493.68573099772135,488.34555108206615,0.0,18.399999618530273
55,2023-04-07,2454.TW,749.0,752.0,743.0,607.5714111328125,4322843.0,4,3.4460012016279506,644.5169973773238,604.2086068707231,52.02512442130246,-71.16248593519052,0.08271187094453161,620.2528462727864,599.0975488935198,0.0,18.399999618530273
56,2023-04-10,2330.TW,533.0,533.0,528.0,502.342041015625,7435151.0,0,3.779722485941363,517.893940551168,475.7898515630898,56.453819107808734,73.986421572154,13.49226303212379,494.1536356608073,488.59110353704085,0.0,18.969999313354492
56,2023-04-10,2454.TW,748.0,750.0,739.0,601.8931274414062,5720960.0,0,1.4681395322932076,645.8338291833448,600.7827113439988,50.77662470446196,-95.4869346955905,1.686042254006948,620.6854715983073,599.146594131202,0.0,18.969999313354492
57,2023-04-11,2330.TW,522.0,527.0,522.0,497.5940246582031,22675697.0,1,3.1556386410125015,518.046999003648,476.09346425318796,54.576136717112945,24.14305625503051,8.089955401885227,494.4947560628255,488.7463263149919,0.0,19.100000381469727
57,2023-04-11,2454.TW,743.0,759.0,743.0,613.2496948242188,4506545.0,1,0.7982586563880432,645.8314777322895,599.8927715352887,53.105010882677675,-65.23389370595636,2.3315732217732363,621.5236857096354,599.3897510397023,0.0,19.100000381469727
58,2023-04-12,2330.TW,523.0,524.0,517.0,493.7955627441406,23816473.0,2,2.33072705737726,517.7389809376426,477.32834999497453,53.11410268637567,-14.448344270798456,3.8293133648502335,494.99260965983075,488.83190659345206,0.0,19.09000015258789
58,2023-04-12,2454.TW,756.0,760.0,752.0,614.8720703125,3537841.0,2,0.3925250414376933,645.7807410565377,600.1057457598685,53.43055677411539,-58.82389418412938,2.773117369063622,622.7404520670573,599.6521632307666,0.0,19.09000015258789
59,2023-04-13,2330.TW,515.0,517.0,510.0,484.29949951171875,25536889.0,3,0.9073445035448344,517.9534163022915,476.807823321732,49.67272931947015,-83.74621179186519,1.7779383008370346,494.82761433919273,488.7563664754232,0.0,17.799999237060547
59,2023-04-13,2454.TW,759.0,760.0,749.0,608.3826293945312,5072055.0,3,-0.44272111470422715,646.0960080017308,598.6548281799098,51.938603535827845,-84.01206455764783,1.3511386915711767,622.8756469726562,599.7976710001627,0.0,17.799999237060547
60,2023-04-14,2330.TW,516.0,520.0,513.0,489.9971923828125,18072504.0,4,0.23259422626148307,517.3453004407672,478.2463224840374,51.61844966217119,-49.44741724157805,0.6019383788312499,495.0729248046875,489.79203440348306,0.0,17.06999969482422
60,2023-04-14,2454.TW,754.0,758.0,746.0,606.7603759765625,4358117.0,4,-1.220295821772197,646.4939930129177,597.2023265671604,51.566241273874645,-106.75356270009424,0.07905008353728138,623.5516316731771,601.2037134806316,0.0,17.06999969482422
61,2023-04-17,2330.TW,519.0,520.0,514.0,493.7955627441406,14634287.0,0,0.001968331416435376,516.6804453339614,480.02694602346054,52.874915578454775,-36.31645523913618,0.601938378831251,495.09853312174477,490.94610493977865,0.0,16.950000762939453
61,2023-04-17,2454.TW,705.0,710.0,694.0,575.1243286132812,14011693.0,0,-4.319331880744812,652.1120480918983,587.609497318258,45.05052684982246,-306.79098742942324,20.25646639664723,621.334413655599,602.1906438191731,0.0,16.950000762939453
62,2023-04-18,2330.TW,518.0,520.0,514.0,489.04754638671875,15168888.0,1,-0.5547251733842131,515.5236212568404,482.1333764238236,51.15695278640749,-50.43044986116519,0.6019383788312554,495.06032206217446,491.8793670654297,0.0,16.829999923706055
62,2023-04-18,2454.TW,702.0,703.0,685.0,558.089599609375,13970100.0,1,-8.046818425057722,659.5552858140701,574.6502500746018,42.088198652189725,-300.7003369407944,23.03901055870593,618.9819966634115,602.9612609863282,0.0,16.829999923706055
63,2023-04-19,2330.TW,517.0,518.0,509.0,484.29949951171875,21123233.0,2,-1.3607180480474312,516.1247202347705,480.77259116659667,49.49339696905475,-82.4387186559342,3.5589058128182067,494.9582916259766,492.7334950764974,0.0,16.459999084472656
63,2023-04-19,2454.TW,682.0,685.0,675.0,547.5443725585938,10748670.0,2,-11.710678491198905,665.4109989580854,560.8450069012895,40.38751178205043,-296.60429045432807,26.006708423148662,616.2780721028646,603.1640543619792,0.0,16.459999084472656
64,2023-04-20,2330.TW,512.0,516.0,510.0,487.1483459472656,17221961.0,3,-1.7507781994224274,516.0382435333275,480.95403246764903,50.49265950536616,-72.95890494659709,3.5589058128182063,494.79381001790364,493.28091786702475,0.0,17.170000076293945
64,2023-04-20,2454.TW,661.0,684.0,661.0,545.9220581054688,9881462.0,3,-14.575994146453127,669.1227262036658,549.2648714525841,40.12944651960324,-267.6335745904969,29.920445669790052,613.2767211914063,603.1370157877604,0.0,17.170000076293945
65,2023-04-21,2330.TW,520.0,520.0,510.0,485.2491149902344,25016683.0,4,-2.187015472058647,516.441153687963,479.98135302590407,49.81297723258784,-62.84657529809319,0.017406245474095333,494.47156880696616,493.71797841389974,0.0,16.770000457763672
65,2023-04-21,2454.TW,676.0,679.0,665.0,539.4326171875,5084036.0,4,-17.16914047561795,671.8482179949746,537.9409055401817,39.09571649510042,-228.74227962591598,29.92044566979005,609.9508972167969,602.7449473063151,0.0,16.770000457763672
66,2023-04-24,2330.TW,505.0,510.0,504.0,481.45074462890625,16886512.0,0,-2.8052082769130493,516.2593172219059,477.6942258689143,48.463289288103205,-110.00475207448426,5.055696337999176,494.11716715494794,494.11534627278644,0.0,16.889999389648438
66,2023-04-24,2454.TW,663.0,681.0,663.0,548.35546875,4674121.0,0,-18.296848197194095,670.6843835708488,530.5873754623543,41.24841491017803,-184.74360127124797,29.920445669790034,607.4632873535156,602.3258382161458,0.0,16.889999389648438
67,2023-04-25,2330.TW,504.0,505.0,498.0,472.9041748046875,36898412.0,1,-3.93591796792424,516.0032002967184,474.1519113976175,45.588139151581444,-148.01630936395915,9.759853461215243,493.44639587402344,494.33878733317056,0.0,18.760000228881836
67,2023-04-25,2454.TW,678.0,678.0,650.0,527.2649536132812,8340199.0,1,-20.645734537169005,669.1053108721323,520.5666251630239,37.96708857404163,-181.96738606853495,33.53438954108341,604.2996988932292,601.4470642089843,0.0,18.760000228881836
68,2023-04-26,2330.TW,498.0,498.5,491.0,466.7317810058594,31269245.0,2,-5.266983600702588,515.7673792532925,469.87709401330915,43.653279130195784,-182.23046097178664,14.851518875676135,492.8532257080078,494.24684244791666,0.0,18.84000015258789
68,2023-04-26,2454.TW,641.0,652.0,638.0,526.4537353515625,7111965.0,2,-22.31487811063471,666.0413234160749,512.1930088593158,37.84729025098127,-177.7409626776807,36.65379497633168,601.4065002441406,600.8386810302734,0.0,18.84000015258789
69,2023-04-27,2330.TW,491.0,495.0,489.0,468.6309814453125,29537148.0,3,-6.098858614587812,515.7172833247296,466.36616088913763,44.40434660871563,-174.73059858021026,16.248238477478264,492.228911336263,494.1078435262044,0.0,17.030000686645508
69,2023-04-27,2454.TW,654.0,667.0,653.0,536.9990844726562,4627385.0,3,-22.530413619958267,661.7425759251535,506.9198691432059,40.37718481514364,-132.16090873232253,28.83496379599051,598.6484985351562,600.2708577473958,0.0,17.030000686645508
70,2023-04-28,2330.TW,498.5,502.0,498.0,476.7026672363281,24824100.0,4,-6.0396705914481,515.1548353063176,464.7445177210261,47.48210365478078,-115.1080122388407,9.731150885753733,492.06255493164065,494.1348561604818,0.0,15.779999732971191
70,2023-04-28,2454.TW,668.0,674.0,663.0,539.4326171875,6381645.0,4,-22.24898800770518,658.0652161134683,502.40434565410993,40.9509769019617,-107.88940290850941,25.37197842922391,596.052734375,599.8923085530599,0.0,15.779999732971191
71,2023-05-02,2330.TW,500.0,502.0,496.5,475.7530517578125,15325791.0,1,-5.999908607747329,513.7177503422176,463.42773305621984,47.16433285624133,-114.2352084695454,10.839196469149096,491.8330607096354,493.51637776692706,0.0,17.780000686645508
71,2023-05-02,2454.TW,654.0,673.0,654.0,544.2996215820312,6341076.0,1,-21.387973896356016,652.2303925860164,499.96516405460864,42.1037408514352,-100.20028899109417,27.94789226962509,593.7003194173177,598.9729746500651,0.0,17.780000686645508
72,2023-05-03,2330.TW,496.0,498.0,495.0,471.0050354003906,11369311.0,2,-6.277826249471445,511.27760725973866,462.16441544533944,45.58633506754652,-130.16269902259637,11.95718385600697,491.5481791178385,493.1493398030599,0.0,18.34000015258789
72,2023-05-03,2454.TW,674.0,680.0,668.0,551.6002807617188,6487920.0,2,-19.8891269079096,644.36709413664,499.8789385782037,43.80605909167832,-78.20235827752619,24.490532949112083,591.6453389485677,598.4592295328777,0.0,18.34000015258789
73,2023-05-04,2330.TW,497.0,499.5,496.0,472.9041748046875,13140291.0,3,-6.272955723524092,508.55807539064614,461.56032670896326,46.32934983610408,-111.50488538994368,10.523540991543777,490.91510620117185,492.6880187988281,0.0,20.09000015258789
73,2023-05-04,2454.TW,674.0,674.0,666.0,541.8660888671875,5568985.0,3,-19.26218510351123,633.5475327399001,501.045497045256,42.09871832990139,-80.52519262489186,25.088824959918636,588.8062194824219,597.7021301269531,0.0,20.09000015258789
74,2023-05-05,2330.TW,500.0,502.0,498.5,474.8034973144531,7488897.0,4,-6.046545288595098,505.9016431358066,461.3679338905606,47.077001047799726,-92.17453637150673,8.136104979218294,490.53526611328124,492.10093892415364,0.0,17.190000534057617
74,2023-05-05,2454.TW,675.0,678.0,672.0,547.5443725585938,3164748.0,4,-18.099737628732782,627.6188690774195,500.6469817526585,43.429229599037754,-67.48474186332913,23.071286640933867,586.2374938964844,596.7287190755209,0.0,17.190000534057617
75,2023-05-08,2330.TW,509.0,509.0,502.0,478.6018981933594,11243634.0,0,-5.4980334948867835,502.4732196331846,462.23242001525284,48.559494394713,-61.564593039279,1.7685621233852544,490.12376912434894,491.5456832885742,0.0,16.979999542236328
75,2023-05-08,2454.TW,681.0,684.0,674.0,547.5443725585938,2957572.0,0,-16.982666546131213,621.5734981644108,500.68964880824535,43.42922959903775,-59.24787394632656,20.06632445752616,583.6417277018229,595.7012288411458,0.0,16.979999542236328
76,2023-05-09,2330.TW,507.0,510.0,505.0,484.29949951171875,16197743.0,1,-4.552238889115927,499.2855418580056,463.6158436400413,50.702331712412374,-40.39306872161335,0.8905974033800227,489.39573974609374,491.3372538248698,0.0,17.709999084472656
76,2023-05-09,2454.TW,681.0,681.0,674.0,549.1666870117188,2163899.0,1,-15.784790538012203,615.9783841501539,501.01211877953347,43.82391071460608,-56.07824640487493,20.066324457526157,580.8296468098958,594.9711690266927,0.0,17.709999084472656
77,2023-05-10,2330.TW,508.0,508.0,500.0,477.6522521972656,18859212.0,2,-4.288404685506009,496.6421382364406,464.2650700155125,48.275265200797115,-61.77984170240592,5.1242191244664985,488.2878651936849,491.0652592976888,0.0,16.940000534057617
77,2023-05-10,2454.TW,677.0,677.0,666.0,541.8660888671875,3766277.0,2,-15.247408336297099,606.672770226502,503.17937210748227,42.445334203203025,-62.1146503555014,22.757391106824286,577.4497436523437,594.308706665039,0.0,16.940000534057617
78,2023-05-11,2330.TW,506.0,506.0,498.5,473.8537902832031,13382927.0,3,-4.33518221836124,494.6083227087638,464.30470829709554,46.94680370617917,-71.72998633347866,6.365521255736002,487.02171936035154,490.4623509724935,0.0,16.93000030517578
78,2023-05-11,2454.TW,666.0,674.0,664.0,541.8660888671875,3130043.0,3,-14.65257484508561,594.8761602138752,507.6753839755779,42.445334203203025,-61.38365101475465,23.42412099921748,574.1509541829427,593.2812143961588,0.0,16.93000030517578
79,2023-05-12,2330.TW,496.0,500.0,495.0,471.0050354003906,18465362.0,4,-4.549214535764634,494.2130890933153,463.3704955014112,45.96544819673804,-90.82632120492376,9.232039799348584,485.9138448079427,489.8119633992513,0.0,17.030000686645508
79,2023-05-12,2454.TW,673.0,676.0,661.0,545.9220581054688,5100737.0,4,-13.696599089849315,582.4950565878831,513.8104304726638,43.501994963476385,-56.779725048299916,24.43621583257731,571.2577575683594,592.2537251790365,0.0,17.030000686645508
80,2023-05-15,2330.TW,497.0,499.5,494.5,470.5301818847656,13315766.0,0,-4.702852458134828,492.71014109421304,462.9267424507088,45.80035960781206,-87.4739326584537,9.640844928876337,484.9800649007162,489.0749532063802,0.0,17.1200008392334
80,2023-05-15,2454.TW,676.0,682.0,673.0,551.6002807617188,3589435.0,0,-12.339362606375971,566.0524649448824,524.7370125941801,44.965292786130966,-40.2765495479233,21.124044204816187,568.9323852539062,591.442549641927,0.0,17.1200008392334
81,2023-05-16,2330.TW,503.0,508.0,500.0,479.5514831542969,21140315.0,1,-4.051179569513749,490.01044529933023,464.2020302866072,49.37385480129154,-37.40435129241165,1.5940280414933297,484.1887227376302,488.55126393636067,0.0,17.989999771118164
81,2023-05-16,2454.TW,688.0,688.0,680.0,551.6002807617188,3763602.0,1,-11.135366372961585,559.8054002036238,528.6316725502825,44.96529278613096,-29.338945826688057,17.87823550247028,566.4177388509114,590.7530497233073,0.0,17.989999771118164
82,2023-05-17,2330.TW,508.0,521.0,506.0,492.84600830078125,41406763.0,2,-2.4355664938014456,491.02578558593206,463.56653619141167,53.997699587010906,36.76286467793202,8.975546556820616,483.68226826985676,488.1861841837565,0.0,16.8700008392334
82,2023-05-17,2454.TW,680.0,689.0,677.0,555.6561279296875,7787494.0,2,-9.742115211106807,559.2600457311295,528.933679854808,46.033702706579405,-24.48148861804681,19.000940853906307,563.9030924479167,590.1176279703776,0.0,16.8700008392334
83,2023-05-18,2330.TW,533.0,536.0,526.0,503.291748046875,43096277.0,3,-0.30996184900971,496.0403665076612,460.4511801231982,57.17675152878218,141.40543277572306,19.030538831542327,483.5873138427734,488.3100331624349,0.0,16.049999237060547
83,2023-05-18,2454.TW,690.0,694.0,685.0,558.9008178710938,4371571.0,3,-8.281048971501377,561.1631913689166,528.1661787482708,46.88703208814302,-7.271917564074762,16.260553755821434,561.2532491048177,589.8337158203125,0.0,16.049999237060547
84,2023-05-19,2330.TW,535.0,535.0,529.0,505.1908264160156,32099068.0,4,1.510192206082479,500.3466032562765,457.9491914214579,57.72618668139678,147.9996109388141,19.03053883154232,483.65061645507814,488.4183085123698,0.0,16.809999465942383
84,2023-05-19,2454.TW,691.0,698.0,690.0,566.201416015625,4968629.0,4,-6.460363970079129,564.7885321859491,526.5687737222542,48.772443858027664,12.675532560049433,14.086309680747897,559.7660909016927,589.657958984375,0.0,16.809999465942383
85,2023-05-22,2330.TW,532.0,533.0,529.0,504.24127197265625,17208135.0,0,2.843348025269904,503.9787767404034,456.2162336355732,57.34561428711857,141.854742376905,19.030538831542312,483.65061645507814,488.66817372639974,0.0,17.209999084472656
85,2023-05-22,2454.TW,702.0,709.0,701.0,571.8795776367188,4440987.0,0,-4.507890475040881,569.4463380384261,525.1556639146988,50.194941838226995,45.58611100799232,8.323244666992299,558.5763631184896,589.414604695638,0.0,17.209999084472656
86,2023-05-23,2330.TW,530.0,531.0,525.0,503.291748046875,19588873.0,1,3.7797602339856553,507.2311700123532,455.14794070542024,56.957175884619126,127.10730392984664,15.27143883826943,483.68227335611977,488.91795450846354,0.0,18.530000686645508
86,2023-05-23,2454.TW,710.0,722.0,708.0,580.8026123046875,5240558.0,1,-2.215824742092309,575.6700489779423,522.1766673306515,52.34611049347656,81.71315784073506,2.0225274444706054,557.8733459472656,589.2794087727865,0.0,18.530000686645508
87,2023-05-24,2330.TW,527.0,528.0,524.0,498.5435791015625,19086681.0,2,4.091956154961338,509.3079999749189,455.635051172542,55.02895525315371,106.47723388293853,14.337587450715075,483.71392517089845,489.104340616862,0.0,20.030000686645508
87,2023-05-24,2454.TW,713.0,713.0,701.0,576.746826171875,5640355.0,2,-0.7180102871142253,578.8535107712523,523.9413927932007,51.304178273533054,71.09055273110765,5.097381234269402,556.6565836588542,589.0901346842448,0.0,20.030000686645508
88,2023-05-25,2330.TW,542.0,545.0,537.0,515.6365356445312,63827245.0,3,5.652109651249873,514.4874717302552,455.346054881073,60.0638331019378,193.34561948353758,25.02009306032185,484.44195760091145,489.71728363037107,0.0,19.139999389648438
88,2023-05-25,2454.TW,708.0,718.0,706.0,574.313232421875,4666860.0,3,0.26971800858211736,580.4229533344676,527.1578999370167,50.678038716539184,94.30009754191634,2.7154499325748453,555.3046223958333,589.0225372314453,0.0,19.139999389648438
89,2023-05-26,2330.TW,568.0,568.0,563.0,537.4774780273438,95808471.0,4,8.550725529012993,525.1055518275598,451.6126244419715,65.21210580786942,281.4305344958508,36.16210364838698,486.2145568847656,490.5210856119792,0.0,17.950000762939453
89,2023-05-26,2454.TW,708.0,737.0,708.0,592.1590576171875,10749900.0,4,2.4627965656834476,587.0087741940678,526.0880763918698,54.857460504454146,159.00080224218453,5.687174391697365,554.7638366699218,588.8197418212891,0.0,17.950000762939453
90,2023-05-29,2330.TW,574.0,574.0,564.0,539.3767700195312,54657853.0,0,10.875620856194871,534.2515212346649,448.7340653131866,65.6109097772608,248.2490653143397,38.62342321061541,487.8605428059896,491.46673380533855,0.0,17.950000762939453
90,2023-05-29,2454.TW,755.0,758.0,738.0,598.6486206054688,10036727.0,0,4.670180578863892,594.1847283207584,524.833722606976,56.25201656607012,243.2606557512547,13.754075051843056,554.4934448242187,589.022538248698,0.0,17.950000762939453
91,2023-05-30,2330.TW,566.0,568.0,563.0,537.4774780273438,40136130.0,1,12.421754939883101,541.2826116738421,447.8754175009626,64.84193769453319,199.81422783599842,37.708002735396335,489.316606648763,492.2075698852539,0.0,17.459999084472656
91,2023-05-30,2454.TW,759.0,773.0,757.0,618.9279174804688,16298604.0,1,7.96282395754281,606.1165558404396,520.3647246771386,60.22420262974036,268.9030548534927,18.880964488950138,555.953564453125,588.643989054362,0.0,17.459999084472656
92,2023-05-31,2330.TW,560.0,562.0,551.0,529.8807373046875,81176782.0,2,12.885957730371388,545.3778112492928,449.6677881159415,61.842891704596425,144.29189263446185,27.2745050841338,490.67771301269534,492.8690175374349,0.0,17.940000534057617
92,2023-05-31,2454.TW,757.0,767.0,748.0,615.6831665039062,12027736.0,2,10.193097582622613,614.876015070447,518.0135540213498,59.33250833308704,208.08001473321414,14.650708793405013,557.873350016276,588.4276733398438,0.0,17.940000534057617
93,2023-06-01,2330.TW,550.0,554.0,550.0,523.2333984375,24477529.0,3,12.572864944045818,547.7363131556166,452.342208572899,59.357765459231985,112.26887201559522,26.448606348916105,491.9755096435547,493.46690063476564,0.0,15.649999618530273
93,2023-06-01,2454.TW,755.0,761.0,748.0,606.7603759765625,6202943.0,3,11.11296172989978,619.8517527629378,519.5272450397965,56.934434638114396,165.91188142602252,14.650708793405013,559.847216796875,588.0626444498698,0.0,15.649999618530273
94,2023-06-02,2330.TW,559.0,564.0,557.0,533.678955078125,30206141.0,4,13.017018174339853,551.3843409892869,454.58172651559596,61.84984554344345,127.94838794011858,31.07542759763506,493.5265299479167,494.16016998291013,0.0,14.600000381469727
94,2023-06-02,2454.TW,754.0,762.0,750.0,609.1937866210938,6399171.0,4,11.900988760051973,624.7483716367468,520.7955675722375,57.419962126188175,150.13154817289526,15.010312810028651,561.9562744140625,587.6164978027343,0.0,14.600000381469727
95,2023-06-05,2330.TW,560.0,560.0,555.0,527.0317993164062,16827391.0,0,12.686690086504996,553.5149099259663,457.29414769122116,59.450103524168306,104.26849323208981,29.391395118506537,494.9192860921224,494.6954274495443,0.0,14.729999542236328
95,2023-06-05,2454.TW,757.0,767.0,757.0,615.6831665039062,5242068.0,0,12.90012171284252,630.0894387950076,522.268379808508,58.70435811904062,147.0752504180312,16.82299290456549,564.497959391276,587.2244283040365,0.0,14.729999542236328
96,2023-06-06,2330.TW,554.0,562.0,553.0,531.77978515625,20228086.0,1,12.661852911542667,556.1888609841172,459.36822519752343,60.580254764571805,100.10097278765448,29.39139511850654,496.5969207763672,495.35704396565757,0.0,13.960000038146973
96,2023-06-06,2454.TW,760.0,764.0,752.0,614.0609130859375,4171308.0,1,13.406548403747706,634.2918122966223,524.5554289143151,58.24996959112073,125.092945677183,14.301088853425927,566.6881408691406,587.0757141113281,0.0,13.960000038146973
97,2023-06-07,2330.TW,561.0,568.0,560.0,539.3767700195312,27604813.0,2,13.103816364666727,559.0579403917233,462.671597572144,62.318572901428446,110.61988058068444,32.188447723921016,498.8126739501953,496.12953491210936,0.0,13.9399995803833
97,2023-06-07,2454.TW,759.0,769.0,756.0,622.9837646484375,5292636.0,2,14.36196937196496,638.6498182560277,528.3091905330347,60.011151206489586,125.93230668782944,16.173093520825123,569.8787679036458,587.0892333984375,0.0,13.9399995803833
98,2023-06-08,2330.TW,562.0,568.0,555.0,530.830322265625,23080195.0,3,12.619282618746638,559.363886232997,468.06330492911246,59.2765265089815,91.46631307792605,27.823337957696236,500.9492919921875,496.90125885009763,0.0,13.649999618530273
98,2023-06-08,2454.TW,770.0,775.0,763.0,622.9837646484375,7246478.0,3,14.94683280266679,641.7431427951669,533.3276335720207,60.011151206489586,124.33896442063624,18.38618717921442,573.096435546875,587.2514678955079,0.0,13.649999618530273
99,2023-06-09,2330.TW,561.0,566.0,561.0,536.5279541015625,19091713.0,4,12.550164932471489,558.9936739689161,474.9858090633105,60.60283722366627,94.04904407644979,27.823337957696225,503.2125244140625,497.72071787516273,0.0,13.829999923706055
99,2023-06-09,2454.TW,768.0,770.0,761.0,619.7391357421875,4570550.0,4,14.975989121208613,643.5224574950096,538.9300266358498,59.04194567007225,107.57046002071723,17.318156845030337,575.8544372558594,587.2514678955079,0.0,13.829999923706055
100,2023-06-12,2330.TW,574.0,574.0,571.0,545.0743408203125,26392389.0,0,13.034478778746461,558.3662496660509,483.0676492597304,62.49808220822041,109.90826828215634,31.685925636133085,505.4915802001953,498.77706756591795,0.0,15.010000228881836
100,2023-06-12,2454.TW,769.0,769.0,763.0,622.172607421875,3852674.0,0,15.022202085782396,645.2871518963184,544.2225649005566,59.54881924614854,101.02279836658788,17.31815684503035,578.6124369303385,587.3325856526693,0.0,15.010000228881836
101,2023-06-13,2330.TW,593.0,594.0,589.0,563.1168212890625,56174363.0,1,14.704140555617187,561.8503151705548,487.94011756870293,66.06345536514765,146.08997010138327,39.99129711776162,508.40370585123696,500.1183832804362,0.0,14.609999656677246
101,2023-06-13,2454.TW,770.0,782.0,768.0,631.90673828125,7182494.0,1,15.663436176011032,647.5978557204695,549.9425068283587,61.51940894692726,110.09438091622911,22.200404054174975,581.5326741536459,587.6164967854818,0.0,14.609999656677246
102,2023-06-14,2330.TW,590.0,591.0,587.0,560.26806640625,23583314.0,2,15.617521771891688,565.2123022942086,491.3203362555961,65.05326617956774,128.7414229999384,38.25251497504082,511.37914021809894,501.4636596679687,0.0,13.880000114440918
102,2023-06-14,2454.TW,781.0,782.0,776.0,632.7179565429688,5287535.0,2,16.052005806540592,649.2378787050018,556.0086667051544,61.68034390957975,106.73583467636203,22.200404054174967,584.2365966796875,587.9409678141276,0.0,13.880000114440918
103,2023-06-15,2330.TW,590.0,593.0,587.0,563.8456420898438,27392154.0,3,16.440446582648974,569.5248838151838,493.06314413891783,65.73397620386511,124.67169434139831,39.03583997073449,514.4105224609375,502.6628143310547,0.0,14.5
103,2023-06-15,2454.TW,777.0,779.0,765.0,621.3614501953125,7917545.0,3,15.26785038988271,648.2118365957726,563.2807720468054,58.15787257812243,84.35779839442688,15.99805545474636,586.8864420572917,587.8463307698568,0.0,14.5
104,2023-06-16,2330.TW,590.0,590.0,584.0,561.9376220703125,38128802.0,4,16.745658555605473,572.6274002171456,495.6353073023857,65.03506741345927,110.66288636650326,36.351744700643025,517.3149932861328,503.92512969970704,0.0,13.539999961853027
104,2023-06-16,2454.TW,760.0,765.0,751.0,609.1937866210938,10097247.0,4,13.509124246423426,646.0685130330371,569.723332670088,54.695768559902355,54.38836115880345,8.731987364969934,588.9414225260417,587.589458211263,0.0,13.539999961853027
105,2023-06-19,2330.TW,583.0,585.0,582.0,556.2131958007812,14346885.0,0,16.33741403519332,573.7175105383293,499.74238936401446,62.957522021938196,94.43467003653254,34.56023201868456,519.9020365397135,505.0129028320313,0.0,13.539999961853027
105,2023-06-19,2454.TW,769.0,793.0,764.0,636.7738037109375,19694676.0,0,14.176782875461186,647.4075928655119,574.873675445035,60.24501249612153,93.31179878087778,19.20318268394248,591.9157368977865,587.7787322998047,0.0,13.539999961853027
106,2023-06-20,2330.TW,579.0,585.0,579.0,556.2131958007812,16221413.0,1,15.83137654408074,573.7725577274982,504.9794869502362,62.957522021938196,87.45681253569124,31.87163875292047,522.299159749349,505.8474497477213,0.0,13.880000114440918
106,2023-06-20,2454.TW,708.0,725.0,691.0,620.61328125,24572675.0,1,13.249469383720111,646.6532872504093,579.6090479546689,56.08115264774129,-13.733621725410488,8.965758861780541,594.2972900390625,587.5634684244792,0.0,13.880000114440918
107,2023-06-21,2330.TW,582.0,585.0,578.0,554.3050537109375,21703937.0,2,15.102306611852441,571.2554160859622,513.0727760527097,62.24818136449394,81.62511112476373,30.969278790892268,524.8542531331381,506.57105916341146,0.0,13.199999809265137
107,2023-06-21,2454.TW,689.0,696.0,683.0,622.4095458984375,11451567.0,2,12.515206253109568,644.417908467631,586.4106987101032,56.427431799603276,-42.55861347469175,11.340937058967464,596.9820719401042,587.215907796224,0.0,13.199999809265137
108,2023-06-26,2330.TW,576.0,578.0,574.0,547.626708984375,27142262.0,0,13.826354634947506,570.1011240805065,517.4260853921498,59.80840064755336,62.581397936919615,27.363035168798415,527.3133504231771,507.1675348917643,0.0,14.25
108,2023-06-26,2454.TW,688.0,690.0,685.0,615.2244262695312,4552895.0,0,11.224251231140443,639.0921730299211,595.8275535325789,54.64460306751072,-55.64903724995548,11.340937058967484,599.4273498535156,586.7891520182292,0.0,14.25
109,2023-06-27,2330.TW,570.0,575.0,569.0,545.7186889648438,21501718.0,1,12.51693243569673,570.3564918640868,517.9948387023194,59.12350929679279,50.16483546753109,22.984106346461232,529.8038055419922,507.8588251749674,0.0,13.739999771118164
109,2023-06-27,2454.TW,680.0,688.0,680.0,611.6318969726562,4553912.0,1,9.798378552189774,636.7733943002971,600.0936161977498,53.765952376294635,-68.73400170592329,12.861581319732071,601.6176778157552,586.4377176920573,0.0,13.739999771118164
110,2023-06-28,2330.TW,579.0,579.0,571.0,547.626708984375,18175426.0,2,11.500566130880316,570.7105330209529,518.4657914419377,59.602075257859525,55.660952919845215,25.11486063892078,532.3736897786458,508.67687733968097,0.0,13.430000305175781
110,2023-06-28,2454.TW,692.0,697.0,685.0,624.2057495117188,4150494.0,2,9.572439507094373,635.6513053714126,603.7714180172592,56.309541077173485,-52.6943793760944,9.368626171586879,604.0378601074219,586.4851226806641,0.0,13.430000305175781
111,2023-06-29,2330.TW,578.0,580.0,570.0,546.6726684570312,16937929.0,3,10.49711228563433,570.9662244686742,519.1296190371852,59.243306477606225,51.032993939965,25.114860638920778,534.6110626220703,509.39989267985027,0.0,13.539999961853027
111,2023-06-29,2454.TW,704.0,705.0,695.0,625.10400390625,4275815.0,3,9.35797512361296,636.1345477846982,603.9057842465519,56.486455677289115,-42.04427580114016,6.342246283173358,606.4879842122396,586.4528615315755,0.0,13.539999961853027
112,2023-06-30,2330.TW,570.0,576.0,568.0,549.5347900390625,22654976.0,4,9.819585803845598,571.0006143266,521.0606344526968,59.990715876354585,43.15265712227867,23.289719743850316,536.500688680013,510.0914784749349,0.0,13.59000015258789
112,2023-06-30,2454.TW,692.0,692.0,686.0,617.9188232421875,4338115.0,4,8.510213693034075,636.1503878505489,604.1135098545292,54.655113621720794,-71.6345496488337,9.264276946799495,608.563407389323,586.2332499186198,0.0,13.59000015258789
113,2023-07-03,2330.TW,578.0,580.0,576.0,552.3970336914062,14785585.0,0,9.405148787821759,570.1530309785342,524.8245813261533,60.73561958946803,61.33511267606567,25.537120781620054,538.1375315348307,510.8624226888021,0.0,13.569999694824219
113,2023-07-03,2454.TW,692.0,698.0,690.0,620.61328125,2906690.0,0,7.963941250008929,635.554741599341,606.0944466330809,55.21833914117886,-64.61976721404206,6.962804340085557,610.6204895019531,585.9368693033854,0.0,13.569999694824219
114,2023-07-04,2330.TW,585.0,585.0,580.0,558.121337890625,17219541.0,1,9.429843360032692,570.8700906948532,526.5517598910844,62.191959943249145,79.4611406748494,28.255131236936943,539.9018819173177,511.7762491861979,0.0,13.569999694824219
114,2023-07-04,2454.TW,696.0,702.0,691.0,628.696533203125,3753123.0,1,8.089923636096614,635.8546298155762,607.7448330750489,56.88047281942673,-56.537097808434545,5.43126196826984,612.7036600748698,586.2348754882812,0.0,13.569999694824219
115,2023-07-05,2330.TW,589.0,589.0,579.0,555.2591552734375,14913592.0,2,9.113432042801378,569.9395717571842,530.3050144244564,61.02126634698668,75.88936060402729,30.358863144931895,541.6024780273438,512.6265472412109,0.0,14.180000305175781
115,2023-07-05,2454.TW,703.0,703.0,696.0,626.0021362304688,3610090.0,2,7.881521748186287,636.1814999402469,608.4498599230343,56.16167863357509,-55.985484222140904,5.042285201008596,614.5077453613281,586.5420542399089,0.0,14.180000305175781
116,2023-07-06,2330.TW,573.0,574.0,565.0,539.0402221679688,28564891.0,3,7.468002693161111,569.118452014322,531.8521778684906,54.95697549500282,-9.249652416463803,17.847328270888422,542.7940938313802,513.23818359375,0.0,15.4399995803833
116,2023-07-06,2454.TW,692.0,699.0,688.0,619.7151489257812,4200756.0,3,7.12695574601355,635.9775793955865,609.2192040516792,54.49927551432088,-73.45999452826524,7.85571388709103,615.8048299153646,586.8390879313151,0.0,15.4399995803833
117,2023-07-07,2330.TW,565.0,572.0,563.0,539.0402221679688,18796190.0,4,6.093743511945263,569.1444233835313,531.7925517141249,54.95697549500282,-28.414812180023755,16.19917241360927,544.1439819335938,513.9289535522461,0.0,14.829999923706055
117,2023-07-07,2454.TW,686.0,686.0,680.0,612.530029296875,4297744.0,4,5.881440719169973,636.1882005661741,607.9632093459352,52.656538956202326,-99.75404658857242,10.59593849550259,616.9976033528645,586.8270935058594,0.0,14.829999923706055
118,2023-07-10,2330.TW,567.0,573.0,565.0,539.0402221679688,18454982.0,0,4.9476006195935724,568.0366590078423,533.7213060800483,54.956975495002816,-30.47348166658463,16.801024508826202,544.9241048177083,514.6830312093099,0.0,15.069999694824219
118,2023-07-10,2454.TW,680.0,686.0,673.0,604.44677734375,5647752.0,0,4.1938303234525165,637.2981299762145,604.9995812054261,50.662937865875065,-111.17132859116062,12.939467755235395,618.0020548502604,586.6533386230469,0.0,15.069999694824219
119,2023-07-11,2330.TW,574.0,577.0,570.0,550.4888305664062,17850636.0,1,4.906439320549794,567.3570119613178,535.7970407730572,58.20294667859223,16.999427644399393,19.2022018859127,545.3578165690104,515.786186726888,0.0,14.84000015258789
119,2023-07-11,2454.TW,682.0,687.0,676.0,616.12255859375,3372502.0,1,3.755153360350505,637.2640896742482,604.6719637925487,53.30463380535515,-91.81866297300512,12.503649958444838,618.8008382161458,586.7823374430338,0.0,14.84000015258789
120,2023-07-12,2330.TW,574.0,578.0,572.0,551.4429931640625,15588228.0,2,4.89438502389396,567.3771479943756,536.4137699743743,58.461033451926504,24.88912953254911,19.800805776084633,545.7600240071614,516.8102834065755,0.0,13.539999961853027
120,2023-07-12,2454.TW,689.0,689.0,680.0,615.2244262695312,3890508.0,2,3.2970267285286354,637.1037317824558,604.1375035691066,53.07847908966562,-80.8056623016032,11.612551865142654,619.3533650716146,586.9234049479167,0.0,13.539999961853027
121,2023-07-13,2330.TW,587.0,590.0,585.0,558.121337890625,25442137.0,3,5.361867691459338,566.5141442102721,536.7772254186342,60.238700232014885,96.78294697766576,26.55547289242955,546.4481526692708,517.8823796590169,0.0,13.609999656677246
121,2023-07-13,2454.TW,692.0,693.0,680.0,610.7337646484375,5058111.0,3,2.542320939855813,635.7093207043011,603.4146172839802,51.93868886730946,-76.12126327376038,9.812993711003605,619.0802266438802,587.5168955485026,0.0,13.609999656677246
122,2023-07-14,2330.TW,589.0,591.0,587.0,563.8456420898438,23121873.0,4,6.123630895867791,567.2069950924372,536.4421321048285,61.69234201999452,112.13847214161402,27.08488457961992,547.5803161621094,519.1290145874024,0.0,13.34000015258789
122,2023-07-14,2454.TW,686.0,698.0,685.0,621.5114135742188,6044895.0,4,2.781748783099488,633.9608255411745,604.0424581502318,54.37134690639234,-54.32582634946817,7.570256837952889,619.274501546224,588.57392578125,0.0,13.34000015258789
123,2023-07-17,2330.TW,588.0,591.0,587.0,563.8456420898438,13807834.0,0,6.650667676315493,567.2069950924372,536.4421321048285,61.69234201999453,105.9685759425124,27.084884579619917,548.9340576171875,520.4547836303711,0.0,13.479999542236328
123,2023-07-17,2454.TW,692.0,692.0,681.0,613.4281616210938,4271120.0,0,2.292858459310537,633.7206000286285,603.4893548053558,52.31681865862872,-66.47838027587423,9.106537220578364,619.4967610677083,589.6719889322917,0.0,13.479999542236328
124,2023-07-18,2330.TW,587.0,588.0,580.0,554.3050537109375,20932006.0,1,6.22677038800191,566.1320451332795,536.7538252280488,57.915811978739896,51.29358342513815,20.574109359562964,549.6215942382812,521.574062093099,0.0,13.300000190734863
124,2023-07-18,2454.TW,680.0,686.0,678.0,613.4281616210938,4684651.0,1,1.8836953341638036,633.4894215691835,604.1439707648009,52.31681865862872,-70.66534375237359,10.263744619332815,619.6379069010417,590.7970906575521,0.0,13.300000190734863
125,2023-07-19,2330.TW,584.0,587.0,579.0,554.3050537109375,22499123.0,2,5.823696368718174,565.9305864081135,536.7644697442303,57.915811978739896,41.4847517927715,19.66807985111867,550.530702718099,522.7249944051107,0.0,13.760000228881836
125,2023-07-19,2454.TW,690.0,699.0,689.0,625.10400390625,6185652.0,2,2.473012422685997,630.6546261468424,605.8117862066732,54.94830876698485,-36.3448658630125,4.310523263678091,619.9519348144531,592.2249471028646,0.0,13.760000228881836
126,2023-07-20,2330.TW,580.0,584.0,578.0,552.3970336914062,15108109.0,3,5.289331689796882,565.57060318285,536.7428367585561,57.16684921835383,20.102025135518687,18.745026158233323,551.2179443359375,523.9074325561523,0.0,13.989999771118164
126,2023-07-20,2454.TW,697.0,697.0,689.0,621.5114135742188,2484977.0,3,2.6199717940666005,630.7421833129256,605.8140422730119,53.999735491504495,-39.23594671568752,4.310523263678097,620.2002848307292,593.4442128499348,0.0,13.989999771118164
127,2023-07-21,2330.TW,560.0,563.0,557.0,534.2698974609375,46711021.0,4,3.3644238060054477,566.3253869730637,533.9845373433426,50.72046970399134,-158.00099354397386,1.7028746608138592,551.0477152506511,524.9301946004232,0.0,13.600000381469727
127,2023-07-21,2454.TW,677.0,683.0,652.0,612.530029296875,11417157.0,4,1.9888247172469846,630.3415293179917,605.2267446077897,51.69193539937359,-94.87063853643998,17.824055541476135,619.8518269856771,594.8652974446615,0.0,13.600000381469727
128,2023-07-24,2330.TW,557.0,563.0,557.0,532.3617553710938,25268835.0,0,1.6657551231637626,567.4010555450552,531.3823734100229,50.105208883987196,-163.15499378736277,1.7028746608138652,551.0987630208333,526.0240275065104,0.0,13.90999984741211
128,2023-07-24,2454.TW,679.0,690.0,673.0,606.2430419921875,7400747.0,0,0.970168392226924,630.8813236249938,603.7888118730531,50.14020863042755,-71.81127713367205,14.655089296138977,619.2938028971354,596.1951192220052,0.0,13.90999984741211
129,2023-07-25,2330.TW,561.0,569.0,561.0,542.8564453125,19590349.0,1,1.1530551028603213,567.4255497644094,531.0716548254343,53.326489907824104,-104.76008921854857,5.835031789758733,551.3097127278646,527.2611185709635,0.0,13.859999656677246
129,2023-07-25,2454.TW,675.0,679.0,665.0,597.26171875,6931420.0,1,-0.5554086372152369,632.7196351131123,600.5134825626689,48.010361486575796,-102.12766482556513,17.285247220470538,618.5445556640625,597.199496459961,0.0,13.859999656677246
130,2023-07-26,2330.TW,569.0,571.0,563.0,539.9942016601562,13314305.0,2,0.5099086839848042,567.5020167957022,530.2319370617198,52.37251472150986,-97.20188004647716,7.180511592413547,551.1403747558594,528.3159774780273,0.0,13.1899995803833
130,2023-07-26,2454.TW,665.0,670.0,654.0,588.2803344726562,6972659.0,2,-2.460767080054211,634.8861380234931,594.7544381483818,45.98945253750807,-137.3899419290295,20.758855889434788,617.4148132324219,598.0136250813802,0.0,13.1899995803833
131,2023-07-27,2330.TW,570.0,570.0,566.0,542.8564453125,12200358.0,3,0.2285272337103379,567.4831672627926,529.8691642801763,53.23790360076806,-77.56014016568935,7.180511592413544,550.465028889974,529.4343673706055,0.0,14.40999984741211
131,2023-07-27,2454.TW,658.0,661.0,654.0,590.9746704101562,4674341.0,3,-3.710600433280092,635.2004936780553,591.0271491442103,46.68589559173541,-150.1675968308549,20.758855889434784,616.0504109700521,598.7915425618489,0.0,14.40999984741211
132,2023-07-28,2330.TW,569.0,573.0,565.0,540.9483032226562,18540078.0,4,-0.1467439297779265,567.3608315417682,529.1328513195599,52.5790427527856,-72.62952299238603,9.261722634823684,549.8210367838542,530.6000885009765,0.0,13.329999923706055
132,2023-07-28,2454.TW,660.0,666.0,655.0,590.9746704101562,4178929.0,4,-4.647527899129159,635.8187710511838,587.7144564878786,46.68589559173541,-144.84685518769265,18.341400594064623,614.6589680989583,599.4477823893229,0.0,13.329999923706055
133,2023-07-31,2330.TW,575.0,575.0,560.0,539.0402221679688,24208467.0,0,-0.5912942771320786,567.0131241653274,528.1448775436569,51.91442767319675,-82.94803396976775,5.195004484907608,548.994189453125,531.7023559570313,0.0,13.630000114440918
133,2023-07-31,2454.TW,691.0,698.0,684.0,619.7151489257812,16722852.0,0,-3.0360069868435176,635.7075807835174,587.7358335231231,53.5265920160971,10.49933835965371,4.492147626319675,614.604091389974,600.7452667236328,0.0,13.630000114440918
134,2023-08-01,2330.TW,565.0,568.0,564.0,540.9483032226562,16259643.0,1,-0.7806429030584923,565.7055737472664,527.735124494921,52.535087247840615,-81.5586178244097,5.195004484907609,548.2945454915365,532.8047693888346,0.0,13.930000305175781
134,2023-08-01,2454.TW,700.0,715.0,695.0,640.3722534179688,13914572.0,1,-0.0910081766417079,638.4977905263058,586.1131958018191,57.57410219536605,114.92513841638679,1.8221542569440652,615.6433736165365,602.2923980712891,0.0,13.930000305175781
135,2023-08-02,2330.TW,567.0,569.0,558.0,535.2239379882812,25583234.0,2,-1.3767291095374503,564.9198483243078,526.517328189364,50.511675723249816,-107.9122905576892,0.39632644732340006,547.5949035644531,533.7484700520833,0.0,16.09000015258789
135,2023-08-02,2454.TW,712.0,720.0,704.0,636.7797241210938,8947248.0,2,1.9307874549313055,640.618859999581,585.0698851176064,56.68589846701321,167.16644655062694,3.5946578579499637,615.6435709635417,603.779653930664,0.0,16.09000015258789
136,2023-08-04,2330.TW,556.0,560.0,552.0,528.545654296875,26279173.0,4,-2.360786323995171,565.6932674710762,524.6944522554862,48.268025859950036,-159.89896656675515,4.127876710662324,546.6726521809895,534.4859059651693,0.0,17.100000381469727
136,2023-08-04,2454.TW,710.0,711.0,699.0,634.0853271484375,6732210.0,4,3.277879112872256,642.7912048196906,584.3345581197625,56.01543113708982,126.56043805859929,1.695338773900934,616.0926391601563,605.1949645996094,0.0,17.100000381469727
137,2023-08-07,2330.TW,558.0,561.0,556.0,532.3617553710938,14369551.0,0,-2.8004560260068274,565.9893009055398,523.7305721413351,49.591588740119384,-122.82369066930131,3.3250865137964993,545.9412089029948,535.3977310180665,0.0,15.770000457763672
137,2023-08-07,2454.TW,709.0,712.0,703.0,634.0853271484375,3488590.0,0,4.295937607188648,645.264933791313,584.0163589332964,56.01543113708981,127.63964445754577,2.066825803535809,616.4818318684896,606.7319519042969,0.0,15.770000457763672
138,2023-08-08,2330.TW,558.0,558.0,551.0,526.6375122070312,19010690.0,1,-3.5696375575731736,566.769939895846,521.7096621549352,47.69790985245675,-147.15115926766717,7.032405069529278,545.2415690104167,536.2774597167969,0.0,15.989999771118164
138,2023-08-08,2454.TW,705.0,705.0,690.0,619.7151489257812,5604493.0,1,3.8982898968616837,645.7180450746016,585.0900848082108,52.47312110451773,49.10897028062733,2.8693697889308942,616.631522623698,608.0294362386068,0.0,15.989999771118164
139,2023-08-09,2330.TW,550.0,557.0,550.0,528.545654296875,14389090.0,2,-3.979379243443077,566.5129550054492,519.7723294183791,48.377663994751344,-133.35523409413997,7.764215861208462,544.6691345214844,537.2364700317382,0.0,15.960000038146973
139,2023-08-09,2454.TW,689.0,702.0,686.0,629.5947265625,3176525.0,2,4.33041666908116,647.0504501415071,585.1048965381804,54.5186774736454,52.105737030113815,4.34191730977469,617.230283610026,609.4239807128906,0.0,15.960000038146973
140,2023-08-10,2330.TW,552.0,554.0,550.0,525.6835327148438,17892615.0,3,-4.4833659555638405,566.1210067514319,517.5883316274744,47.421335227446875,-135.83993856668621,7.764215861208459,543.9376953125,538.155692545573,0.0,15.850000381469727
140,2023-08-10,2454.TW,702.0,703.0,688.0,622.4095458984375,4319324.0,3,4.046461335862091,647.5344654249338,585.3393932176443,52.80866256642521,42.39857709077026,3.9344096920920606,617.17041015625,610.604135131836,0.0,15.850000381469727
141,2023-08-11,2330.TW,556.0,558.0,546.0,520.9132080078125,17608427.0,4,-5.207667009285956,564.7106750904511,515.2778503001739,45.85831868607614,-135.90563482907956,7.7642158612084735,543.0790466308594,538.8450546264648,0.0,14.84000015258789
141,2023-08-11,2454.TW,688.0,689.0,675.0,609.8356323242188,4857156.0,4,2.7748450853013082,647.5268070207877,585.2572383893686,49.97119840814891,-38.069331342398655,8.728211645378845,616.661464436849,611.5747243245443,0.0,14.84000015258789
142,2023-08-14,2330.TW,540.0,543.0,537.0,516.1429443359375,20939030.0,0,-6.0963204332462055,561.8361230502865,513.3821325649478,44.34627397998725,-184.88765361914113,14.472125057999216,541.9659851074218,539.2333368937175,0.0,14.819999694824219
142,2023-08-14,2454.TW,672.0,673.0,666.0,603.548583984375,3498430.0,0,1.2454193162211595,647.040481230191,583.9472812209809,48.61993754674826,-96.46699213407149,11.877563210869328,616.1824564615886,612.3729319254558,0.0,14.819999694824219
143,2023-08-15,2330.TW,543.0,545.0,540.0,517.096923828125,14066307.0,1,-6.646985000924815,557.8017810866768,512.7416027023858,44.72333207622536,-158.52108693354336,12.589787646848524,540.7893147786458,539.4634231567383,0.0,16.459999084472656
143,2023-08-15,2454.TW,682.0,684.0,676.0,608.9374389648438,2734494.0,1,0.4628326706989583,646.9415287192381,583.5971614663086,49.82302409287968,-40.00843139821269,7.200689991083505,615.79326171875,613.2068756103515,0.0,16.459999084472656
144,2023-08-16,2330.TW,541.0,543.0,536.0,517.096923828125,28269840.0,2,-7.002667999929827,555.4636367539229,511.35893404685834,44.723332076225354,-156.72531230987124,15.465753127484911,539.4218343098959,539.6618581136067,0.0,16.780000686645508
144,2023-08-16,2454.TW,698.0,698.0,683.0,618.8169555664062,5944886.0,2,0.6325197976692607,647.2366940782667,583.8408755018113,51.95655453360383,25.034676563854244,1.6082640969243511,615.4639424641927,614.0838012695312,0.0,16.780000686645508
145,2023-08-17,2330.TW,540.0,546.0,537.0,519.005126953125,22843138.0,3,-7.049314860073196,552.2612455980931,511.0313325269071,45.51352801008405,-131.43537720169616,12.591586433841966,538.2133666992188,539.9079223632813,0.0,17.889999389648438
145,2023-08-17,2454.TW,680.0,681.0,673.0,605.344970703125,4594977.0,3,-0.3164177779134434,646.2251539996138,582.8765122601518,49.01649732225428,-55.849513259086365,5.260258261305699,614.7753702799479,614.641557820638,0.0,17.889999389648438
146,2023-08-18,2330.TW,540.0,544.0,539.0,514.2348022460938,17592345.0,4,-7.386061727583524,549.3039194718897,510.1724355085791,43.8909178415464,-127.23079993493383,12.591586433841965,537.3865193684895,540.0903065999349,0.0,17.299999237060547
146,2023-08-18,2454.TW,670.0,679.0,669.0,605.344970703125,3179069.0,4,-1.0562813711800345,645.4939399348498,581.9910820378066,49.01649732225428,-64.48324767170176,6.693328242012028,614.2963643391927,615.0505971272786,0.0,17.299999237060547
147,2023-08-21,2330.TW,544.0,544.0,534.0,512.3268432617188,16633821.0,0,-7.717923178104343,549.5515103090577,507.7305392514893,43.25289934990552,-127.10193495670073,16.307294869994802,536.4960734049479,540.3200276692709,0.0,17.1299991607666
147,2023-08-21,2454.TW,678.0,679.0,667.0,600.854248046875,2683227.0,0,-1.9821396103018287,645.4291219430609,580.8883219045954,48.04663611944772,-73.52640338455832,7.417691591811397,613.9071716308594,615.4523874918619,0.0,17.1299991607666
148,2023-08-22,2330.TW,544.0,544.0,538.0,516.1429443359375,14594304.0,1,-7.585559514909164,549.3811770623471,506.2789913946841,44.90983916892046,-104.1342297757393,16.3072948699948,535.7328308105468,540.3284678141276,0.0,16.969999313354492
148,2023-08-22,2454.TW,675.0,682.0,668.0,603.548583984375,3686021.0,1,-2.4700078140799633,645.4381415663291,580.6098564805458,48.67692371405334,-58.56844983984536,6.139094640180705,613.8772318522135,615.939643351237,0.0,16.969999313354492
149,2023-08-23,2330.TW,546.0,552.0,544.0,526.6375122070312,20636332.0,2,-6.558244582206385,547.3770592028926,506.6612159435919,49.13506117042421,-58.760506617810904,8.416000084597519,534.9377868652343,540.1478017171224,0.0,15.979999542236328
149,2023-08-23,2454.TW,672.0,676.0,670.0,602.6504516601562,2048921.0,2,-2.8957376524625715,645.2421548035301,581.3447165343606,48.474133505622575,-64.44089566912193,6.139094640180707,613.4281616210938,616.1144999186198,0.0,15.979999542236328
150,2023-08-24,2330.TW,563.0,564.0,558.0,538.086181640625,23280827.0,3,-4.765353805950895,547.0421166024522,506.80535654207904,53.18693815619707,7.52420252921944,1.9110420502933851,534.4925598144531,540.1262919108073,0.0,17.200000762939453
150,2023-08-24,2454.TW,682.0,692.0,680.0,620.61328125,5599510.0,3,-1.763366397211371,644.730870683622,585.0892953320031,52.562963788416596,21.178455039491606,0.6129148611192751,613.6077901204427,616.4805775960286,0.0,17.200000762939453
151,2023-08-25,2330.TW,549.0,551.0,546.0,520.9132080078125,24144537.0,4,-4.6762745989954055,544.6373148311858,507.01583458287666,47.33578995261091,-62.92230394373808,7.230338666073613,533.2522888183594,539.8502207438152,0.0,15.680000305175781
151,2023-08-25,2454.TW,692.0,695.0,687.0,623.3076171875,5624927.0,4,-0.6411545384211195,644.3207875507154,588.7326731426439,53.13996488832049,43.589674468116776,1.8243109106840922,614.0269185384115,616.5535725911458,0.0,15.680000305175781
152,2023-08-28,2330.TW,547.0,553.0,547.0,523.7753295898438,8991985.0,0,-4.324876503428527,542.3887491139799,507.5471029368014,48.316086187340616,-47.77987408198889,5.597229987394084,531.9166117350261,539.7484639485677,0.0,15.079999923706055
152,2023-08-28,2454.TW,700.0,709.0,698.0,629.5947265625,5872295.0,0,0.7469100151420207,644.0567051590566,592.8587611495371,54.476610309072896,98.23438890055728,7.280119206165421,614.2963623046875,616.7854319254558,0.0,15.079999923706055
153,2023-08-29,2330.TW,551.0,553.0,546.0,526.6375122070312,10516678.0,1,-3.7719574842584507,540.4959255327334,508.199655521954,49.29252771249482,-39.57180294536647,6.335079237674989,530.6763407389323,539.8051991780599,0.0,14.449999809265137
153,2023-08-29,2454.TW,714.0,716.0,702.0,637.6779174804688,5186169.0,1,2.470721765672806,646.3623477448427,592.3493954192197,56.14052889623385,121.5002449811084,9.870800089850704,615.1046875,617.3007242838542,0.0,14.449999809265137
154,2023-08-30,2330.TW,558.0,560.0,554.0,529.4996337890625,15117416.0,2,-3.0674575510993236,538.1612538071025,509.38946030422545,50.264538301714076,4.572896575060097,0.6390683953644765,529.8494934082031,539.7355438232422,0.0,13.880000114440918
154,2023-08-30,2454.TW,714.0,715.0,702.0,636.7797241210938,4253988.0,2,3.7214797046141257,645.6364171875634,592.7160730468115,55.905639527452344,108.62623455454161,9.870800089850707,615.8830729166667,617.7604899088542,0.0,13.880000114440918
155,2023-08-31,2330.TW,553.0,556.0,548.0,523.7753295898438,40431378.0,3,-2.937179202617017,536.543865475084,509.86198779640046,48.347074740840625,-27.418464525910803,5.14446862390889,528.8318359375,539.6812693277994,0.0,13.569999694824219
155,2023-08-31,2454.TW,705.0,714.0,704.0,633.1870727539062,5761753.0,3,4.372416477918023,644.9984093057877,592.9948157918685,54.95425372179579,99.28039846939693,9.870800089850702,616.1525085449218,618.0522216796875,0.0,13.569999694824219
156,2023-09-01,2330.TW,543.0,553.0,543.0,522.8212890625,13669766.0,4,-2.8777425195129354,536.0185007287556,509.81491601929116,48.0311701302262,-46.23218642526232,8.712835112132888,527.8459777832031,539.5319610595703,0.0,13.09000015258789
156,2023-09-01,2454.TW,707.0,712.0,701.0,637.6779174804688,2955148.0,4,5.190823633189098,645.6620687606718,592.6904153701877,55.92417769185013,93.11119964300244,8.433336469742216,616.6913920084636,618.4458384195964,0.0,13.09000015258789
157,2023-09-04,2330.TW,549.0,557.0,549.0,531.4078369140625,9531157.0,0,-2.1134170585537504,535.8322432610347,509.9057816413091,51.011439169024186,7.741488067677922,5.43047520929554,527.750575764974,539.3991455078125,0.0,13.09000015258789
157,2023-09-04,2454.TW,713.0,713.0,705.0,638.5761108398438,2380158.0,0,5.844521451417791,646.488110034637,592.3134524653631,56.11966514850633,95.77911672813394,8.84457999528918,617.5595947265625,618.7057108561198,0.0,13.09000015258789
158,2023-09-05,2330.TW,553.0,555.0,550.0,526.6375122070312,12220686.0,1,-1.8710390715524454,535.8322432610347,509.9057816413091,49.38383080606854,-7.034890162171193,5.4304752092955395,527.5597676595052,539.3292653401693,0.0,14.010000228881836
158,2023-09-05,2454.TW,712.0,718.0,711.0,644.863037109375,4791289.0,1,6.79159247553082,650.0441475744403,591.2722037439191,57.48504040305825,113.65478849782606,10.91407339926026,618.8469278971354,619.0703653971354,0.0,14.010000228881836
159,2023-09-06,2330.TW,556.0,556.0,550.0,524.7294311523438,14067008.0,2,-1.812030361099346,535.399705210636,509.9566973772547,48.7403390068905,-5.933315441137495,4.585655529568818,526.9555338541667,539.1326232910156,0.0,14.449999809265137
159,2023-09-06,2454.TW,721.0,722.0,712.0,639.47412109375,3074614.0,2,7.026319283777411,651.4874318717896,590.8168588996948,55.941553591788306,106.50657545845874,12.557006243882975,620.2540079752604,619.3992818196615,0.0,14.449999809265137
160,2023-09-07,2330.TW,546.0,548.0,542.0,517.096923828125,20717005.0,3,-2.3540071690296145,535.1219867986564,509.37575490056236,46.24670504895126,-76.13454690194918,10.519542860855156,526.1922912597656,538.6663330078125,0.0,14.399999618530273
160,2023-09-07,2454.TW,709.0,718.0,708.0,643.96484375,3205892.0,3,7.4883828826475565,654.2387815379241,590.2210390187165,56.93828351122868,96.14000993259239,10.44983877248589,622.1101582845052,619.7624857584635,0.0,14.399999618530273
161,2023-09-08,2330.TW,535.0,540.0,535.0,514.2348022460938,15283568.0,4,-2.9801231204166925,535.2713410115755,508.55856011147154,45.34672234060957,-127.66037304730833,15.288249341256174,525.2382364908855,537.8516326904297,0.0,13.84000015258789
161,2023-09-08,2454.TW,705.0,710.0,701.0,636.7797241210938,4421983.0,4,7.191890871873738,655.6575302397329,591.4966994965952,54.88320322726609,58.1081554824156,6.829259638524282,623.6369934082031,619.8437021891276,0.0,13.84000015258789
162,2023-09-11,2330.TW,539.0,540.0,536.0,511.3727111816406,14631968.0,0,-3.6650224505596043,535.6241045214695,507.72877328614777,44.45184848331746,-126.62749920433936,15.28824934125618,524.2523834228516,537.0367101033529,0.0,13.800000190734863
162,2023-09-11,2454.TW,715.0,715.0,708.0,641.2703857421875,2101421.0,0,7.235865888458761,657.0168019915575,593.9096079205519,55.912034288307225,81.31415513693123,9.03266127946381,625.3135172526041,619.9862426757812,0.0,13.800000190734863
163,2023-09-12,2330.TW,536.0,545.0,536.0,519.005126953125,16028336.0,1,-3.5510059957983913,535.6133155485034,507.93038257161385,47.31975840494771,-77.58424612006121,10.775566063543781,523.5845469156901,536.2893681844075,0.0,14.229999542236328
163,2023-09-12,2454.TW,710.0,729.0,709.0,653.8443603515625,6513877.0,1,8.190908228339254,660.6704030380328,594.7466990127485,58.64373209527376,118.78573786184755,14.864507491144913,626.4511576334636,620.5276245117187,0.0,14.229999542236328
164,2023-09-13,2330.TW,545.0,548.0,541.0,516.1429443359375,16191392.0,2,-3.649531156617627,535.6398251753877,507.80847499551066,46.39061111410266,-54.21568571893248,8.14806399988691,522.7577016194662,535.5261235555013,0.0,13.479999542236328
164,2023-09-13,2454.TW,739.0,744.0,729.0,657.4368896484375,9197173.0,2,9.132399739978268,664.8559799004516,594.4231155585327,59.387476254707984,168.25817592065428,20.51264303244432,627.0199788411459,621.3316762288412,0.0,13.479999542236328
165,2023-09-14,2330.TW,544.0,550.0,543.0,527.6554565429688,17144287.0,3,-2.766758485559876,536.2530599979757,508.060273131907,50.439826557996184,9.733332723151243,6.407447440664381,522.5054189046224,535.0501612345378,0.0,12.819999694824219
165,2023-09-14,2454.TW,735.0,735.0,725.0,658.3350219726562,5527046.0,3,9.837608233513834,667.7818003103089,596.7963002756287,59.575490283254986,140.30685280082645,18.34672170062808,627.7384887695313,621.6910298665365,0.0,12.819999694824219
166,2023-09-15,2330.TW,549.0,558.0,547.0,535.3303833007812,42517441.0,4,-1.4313540933848117,537.9541809454506,508.4687102899008,52.893615438150746,89.0369090548556,0.23668787547537598,522.731576538086,534.7021143595377,0.0,13.789999961853027
166,2023-09-15,2454.TW,741.0,763.0,737.0,685.2791748046875,16255632.0,4,12.427398333717747,676.6687655596467,595.9027554364471,64.65381314888332,212.98199101920645,27.749806997785974,629.4449503580729,622.7687947591146,0.0,13.789999961853027
167,2023-09-18,2330.TW,548.0,549.0,540.0,518.0616455078125,36684692.0,0,-1.7463454142658748,537.5567522390118,509.4396192209493,47.42789021468501,-40.54476613368337,5.125561087838554,522.2549062093099,534.0980575561523,0.0,14.0
167,2023-09-18,2454.TW,751.0,792.0,750.0,702.3438110351562,11994826.0,0,15.676091733494104,688.015764886353,594.7047124085689,67.34177947082077,253.39305088472108,35.685239954222084,631.7202331542969,624.1010325113932,0.0,14.0
168,2023-09-19,2330.TW,539.0,543.0,538.0,516.1429443359375,18901683.0,1,-2.1262905642003034,537.5567522390118,509.4396192209493,46.871191096016325,-75.87819746642974,6.602326583029478,521.9050872802734,533.573328145345,0.0,14.109999656677246
168,2023-09-19,2454.TW,782.0,782.0,764.0,694.2605590820312,6244891.0,1,17.39790281523142,694.6633754911318,597.1282993135558,64.92248503308308,217.17619446600406,35.68523995422208,634.2050801595052,625.4183013916015,0.0,14.109999656677246
169,2023-09-20,2330.TW,536.0,538.0,535.0,513.2648315429688,24635567.0,2,-2.6293297415674033,537.5173939742833,508.14170941927136,46.03274086629327,-111.83542777657671,8.804988852459877,521.3957265218099,533.0324305216471,0.0,15.140000343322754
169,2023-09-20,2454.TW,765.0,766.0,751.0,681.6865844726562,5042205.0,2,17.545583137609583,696.6288241022489,603.0664639836887,61.374345174761245,155.1628931827832,28.89389439493343,635.941475423177,626.5858795166016,0.0,15.140000343322754
170,2023-09-21,2330.TW,530.0,531.0,526.0,505.5898132324219,32012694.0,3,-3.6057359437946843,535.9757825085435,506.43368404419084,43.867961599211355,-186.86715271850252,15.024417858258513,520.7259358723958,532.3318155924479,0.0,17.540000915527344
170,2023-09-21,2454.TW,752.0,762.0,744.0,670.0108032226562,5034920.0,3,16.52993767952205,697.7978191687669,606.8372211144363,58.31303142718267,120.24118253630144,25.39773786623879,637.5281840006511,627.3492970784505,0.0,17.540000915527344
171,2023-09-22,2330.TW,523.0,525.0,522.0,500.79296875,29049309.0,4,-4.712289149774165,537.5658860122325,502.8315566147207,42.573510284600744,-216.78007580993014,17.60790162137443,520.0552612304688,531.5671539306641,0.0,17.200000762939453
171,2023-09-22,2454.TW,735.0,748.0,728.0,670.0108032226562,7559485.0,4,15.545828666672264,698.6325600482331,610.6727988384856,58.31303142718267,83.3783874285602,17.839924259637012,639.534023030599,628.097743733724,0.0,17.200000762939453
172,2023-09-25,2330.TW,522.0,529.0,522.0,503.671142578125,17116402.0,0,-5.295947897902693,537.9599279977608,500.42709592802044,43.606397128987595,-176.3567447494611,14.021798837727042,519.6395345052083,530.8027598063151,0.0,16.899999618530273
172,2023-09-25,2454.TW,741.0,762.0,741.0,678.0941162109375,4563725.0,0,15.242464317384588,700.5858633490379,613.5694345025245,59.79866400863958,108.61551208854259,22.090318493786327,642.0188741048177,629.1006652832032,0.0,16.899999618530273
173,2023-09-26,2330.TW,521.0,524.0,519.0,497.91485595703125,26392692.0,1,-6.1520679916285985,538.425003330552,497.08975497022925,42.04191150383624,-196.18043628883322,16.00882868073779,519.0001322428385,529.8947235107422,0.0,18.940000534057617
173,2023-09-26,2454.TW,748.0,755.0,736.0,661.9276123046875,3845914.0,1,13.541448554449175,700.8635442238385,615.716723110146,55.69231071843789,74.86546017118174,19.800545629388488,643.7852132161458,629.789237467448,0.0,18.940000534057617
174,2023-09-27,2330.TW,517.0,523.0,516.0,500.79296875,16846401.0,2,-6.52311554775838,537.5361068724787,495.1079849243963,43.097850192555796,-177.98305104655037,17.969984432627886,518.4566670735677,528.9392506917318,0.0,18.219999313354492
174,2023-09-27,2454.TW,728.0,737.0,728.0,661.9276123046875,3824756.0,2,12.054425384610795,700.914347550114,618.1807086022296,55.69231071843789,45.6747373141454,16.193623933393507,645.2222351074219,630.3430887858073,0.0,18.219999313354492
175,2023-09-28,2330.TW,523.0,525.0,520.0,501.7523193359375,19733331.0,3,-6.662955505671448,537.0824100661999,493.35938070528454,43.453093814561946,-141.87859230559422,16.10040390299685,517.8815734863281,528.0474700927734,0.0,17.34000015258789
175,2023-09-28,2454.TW,739.0,741.0,730.0,660.13134765625,3769234.0,3,10.608714771291716,700.3580702257589,621.4314134168192,55.24125613505622,45.20220555071867,17.4787244891612,647.0484476725261,630.911908976237,0.0,17.34000015258789
176,2023-10-02,2330.TW,530.0,534.0,528.0,511.3460388183594,25427911.0,0,-5.931275500241554,536.269792165443,493.0244735816272,46.88360718312588,-69.20732620647874,8.123599889142714,517.7852813720704,527.58590037028,0.0,17.610000610351562
176,2023-10-02,2454.TW,747.0,748.0,740.0,669.1127319335938,3898779.0,0,10.071601371638849,700.5150385650521,624.4179265228385,57.04089474734666,65.59495609146421,19.707649848461216,649.1740397135417,631.7352020263672,0.0,17.610000610351562
177,2023-10-03,2330.TW,528.0,533.0,528.0,507.5085144042969,14490129.0,1,-5.596556032162312,533.7773749411937,493.1269585549002,45.73547767373902,-77.20155115805616,8.12359988914273,517.6246704101562,527.060371907552,0.0,19.780000686645508
177,2023-10-03,2454.TW,767.0,784.0,766.0,693.3624267578125,10288796.0,1,11.470456504082108,703.8955832306139,626.5160134490737,61.37825558816651,140.73736591871582,29.795980112296977,652.257645670573,633.0824086507162,0.0,19.780000686645508
178,2023-10-04,2330.TW,521.0,523.0,519.0,498.8741760253906,28358964.0,2,-5.95931147620297,532.3898520557071,491.73814782222246,43.269157421647726,-129.4018006451123,14.416242338041766,517.0490447998047,526.3909378051758,0.0,18.579999923706055
178,2023-10-04,2454.TW,771.0,783.0,764.0,700.5475463867188,7599174.0,2,13.00887952004382,708.4880949796201,627.4919526278019,62.53761147908449,135.3356711628682,28.865445881036145,655.4909444173177,634.6840881347656,0.0,18.579999923706055
179,2023-10-05,2330.TW,523.0,529.0,523.0,506.5491638183594,24945684.0,3,-5.563359996351494,530.7072938470177,491.6026792975136,45.94936796986253,-82.9123288057153,9.255588331334584,516.3794331868489,525.6586100260416,0.0,18.489999771118164
179,2023-10-05,2454.TW,783.0,786.0,776.0,705.9363403320312,5604602.0,3,14.495822238837604,712.8528438693435,629.7734256619066,63.39024526550564,146.51255753432332,29.64808499929515,658.9338073730469,636.1809844970703,0.0,18.489999771118164
180,2023-10-06,2330.TW,530.0,533.0,529.0,510.3867492675781,15336587.0,4,-4.8836095622672815,530.1717396022324,491.4672160862442,47.23871163943626,-47.957454692434204,5.959572730822664,515.4561187744141,524.9743392944335,0.0,17.450000762939453
180,2023-10-06,2454.TW,790.0,790.0,781.0,705.9363403320312,2927223.0,4,15.495611260103033,716.6021658036092,632.2212533858439,63.39024526550563,144.58148393064042,30.699750742945913,661.777909342448,637.6928497314453,0.0,17.450000762939453
181,2023-10-11,2330.TW,542.0,544.0,540.0,521.899169921875,46639969.0,2,-3.3770188519162048,531.1345838040697,491.27080865198485,50.87534311825102,29.611916755477473,2.4153899461832724,515.4889841715495,524.3706364949544,0.0,16.09000015258789
181,2023-10-11,2454.TW,790.0,816.0,790.0,731.0841674804688,12439451.0,2,18.10842648949358,724.5630617800869,633.6908017453038,67.12674677662952,184.24235930909776,37.02935502212532,665.3704610188802,639.6986897786459,0.0,16.09000015258789
182,2023-10-12,2330.TW,545.0,550.0,544.0,527.6554565429688,34161176.0,3,-1.6989663464074738,533.2646876451123,490.76897934707523,52.566440568052144,66.2535214072587,6.581744790019635,515.6183217366537,523.7674667358399,0.0,16.690000534057617
182,2023-10-12,2454.TW,817.0,819.0,805.0,731.9822998046875,6769337.0,3,20.0207859034673,731.2467759955368,636.0782789361037,67.2502389958655,181.4744422981091,37.70846785802278,668.7833801269531,641.5398712158203,0.0,16.690000534057617
183,2023-10-13,2330.TW,550.0,554.0,548.0,530.533447265625,31123496.0,4,-0.13530825971793092,535.2200726010121,489.9664264224254,53.396215904685185,90.18918093583922,9.253739893557897,515.7481862386068,523.2122634887695,0.0,19.31999969482422
183,2023-10-13,2454.TW,820.0,842.0,818.0,756.2320556640625,9828945.0,4,23.225368239107866,744.2384664716717,633.3253579912189,70.36024883935536,205.73755536114095,42.61663816431181,672.735184733073,643.9199361165364,0.0,19.31999969482422
184,2023-10-16,2330.TW,546.0,547.0,542.0,522.8585205078125,19875676.0,0,0.47907745285260717,535.9731180610659,489.8849385795591,50.93797419818351,46.76825926153353,4.610780713423139,515.5268157958984,522.6881546020508,0.0,17.209999084472656
184,2023-10-16,2454.TW,838.0,849.0,832.0,754.435791015625,5765614.0,0,25.328112608292486,754.2701667198968,632.9935478797125,69.85195086674348,195.9343131804681,44.005719699824496,676.6570536295573,646.270063273112,0.0,17.209999084472656
185,2023-10-17,2330.TW,550.0,552.0,548.0,528.61474609375,18364998.0,1,1.4141600320261887,536.1537546803619,489.8002309153413,52.629989949930646,86.40442614091253,7.981897793363045,515.688129679362,522.259982808431,0.0,17.8799991607666
185,2023-10-17,2454.TW,845.0,854.0,820.0,740.9636840820312,8242227.0,1,25.61222501855218,759.5248559646407,636.0017248459062,66.14451778577967,161.10720717308928,38.078195757650235,680.2496073404948,648.2010579427083,0.0,17.8799991607666
186,2023-10-18,2330.TW,549.0,549.0,540.0,518.0616455078125,26418940.0,2,1.2888164557177788,532.9527398750005,491.2743719414058,49.398951088532456,36.68755131369831,2.0145688374092647,515.5294748942057,521.6877263387045,0.0,19.219999313354492
186,2023-10-18,2454.TW,800.0,822.0,800.0,730.18603515625,7594780.0,2,24.683187956059783,763.1098588445341,636.907408001169,63.361401676134854,106.34500084862749,28.928345418312574,683.3332112630209,650.0123016357422,0.0,19.219999313354492
187,2023-10-19,2330.TW,540.0,548.0,540.0,523.81787109375,22881262.0,3,1.6351112962480556,533.7394703061613,491.0632640688388,51.09313179828623,51.6505664803552,2.0145688374092705,515.2764760335286,521.5135258992512,0.0,21.399999618530273
187,2023-10-19,2454.TW,811.0,838.0,811.0,745.4544067382812,7509749.0,3,24.892009174099144,768.4654232910132,635.8629031250025,65.489449125029,123.94484758526744,32.6233222813213,686.895821126302,652.2277079264323,0.0,21.399999618530273
188,2023-10-20,2330.TW,549.0,556.0,546.0,533.4116821289062,45984177.0,4,2.65310908462493,536.5491698798821,489.98043827441484,53.762283177850044,109.24163640903613,7.485786565169613,515.5022816975911,521.5310246785482,0.0,21.709999084472656
188,2023-10-20,2454.TW,831.0,837.0,812.0,743.658203125,8501964.0,4,24.6286590658234,773.332629168524,635.9354616517884,65.02978471999006,113.05233844887626,32.62332228132131,690.1889933268229,654.5179606119792,0.0,21.709999084472656
189,2023-10-23,2330.TW,552.0,553.0,543.0,521.899169921875,22747367.0,0,2.5020741700493545,537.2988969471733,490.0941450450144,50.35103030712621,68.15722090313467,5.2069075480718805,515.4079396565755,521.181736755371,0.0,20.3700008392334
189,2023-10-23,2454.TW,825.0,829.0,816.0,737.3711547851562,5304563.0,0,23.640131422265426,776.711999619776,638.1245482317865,63.41803787381978,99.02232707836966,32.62332228132131,693.4522277832032,656.8531178792317,0.0,20.3700008392334
190,2023-10-24,2330.TW,543.0,546.0,540.0,521.899169921875,15007814.0,1,2.3552283050729557,538.0619701598664,490.96200750126656,50.35103030712621,43.04548089557848,2.948951848984533,515.5680145263672,520.8801528930665,0.0,18.969999313354492
190,2023-10-24,2454.TW,821.0,823.0,804.0,732.8804931640625,5036466.0,1,22.2380114525223,778.3991380366261,642.7243788090769,62.27751867031564,79.08096330486633,27.135340977460377,696.4160827636719,659.2631205240885,0.0,18.969999313354492
191,2023-10-25,2330.TW,544.0,551.0,544.0,521.899169921875,16526355.0,2,2.213337916334126,538.4097480343196,492.72484974400066,50.35103030712621,61.60070781851193,6.412036943419729,515.8234934488933,520.5308649698893,0.0,20.190000534057617
191,2023-10-25,2454.TW,818.0,832.0,816.0,738.2693481445312,6474280.0,2,21.31593978587,780.0678288102251,647.8815425276655,63.10129692675148,89.90923117247677,29.40191628550453,699.7990702311198,661.7180318196614,0.0,20.190000534057617
192,2023-10-26,2330.TW,530.0,535.0,530.0,509.4272766113281,28188348.0,3,1.082038466978247,538.2062163775539,493.50399480408686,46.79041418863817,-40.00886209794068,3.556203793306917,515.7586456298828,520.0055145263672,0.0,20.68000030517578
192,2023-10-26,2454.TW,815.0,817.0,811.0,733.7786865234375,5446904.0,3,19.99237296251897,781.1576499936144,652.3601783755263,61.935331611400734,68.00444684072455,27.129179135963895,702.8826802571615,664.0980987548828,0.0,20.68000030517578
193,2023-10-27,2330.TW,534.0,536.0,532.0,511.3460388183594,15679643.0,4,0.33642542998973113,537.3640149100896,495.6893145576839,47.382600275185446,-26.46275555429265,2.844329462187592,515.5033426920573,519.5439448038737,0.0,21.270000457763672
193,2023-10-27,2454.TW,824.0,824.0,800.0,719.408447265625,6956960.0,4,17.581213567962322,778.6325680916974,660.6333437735369,58.36524631025991,50.966448317105744,22.242902034729152,705.0681498209635,665.7596537272135,0.0,21.270000457763672
194,2023-10-30,2330.TW,531.0,534.0,528.0,510.3867492675781,21404842.0,0,-0.32810273538882484,536.7306340821774,497.28207343735374,47.11142730504365,-40.257421513340155,5.531513538542374,515.311469523112,519.0345855712891,0.0,19.75
194,2023-10-30,2454.TW,819.0,864.0,818.0,769.7041015625,16172619.0,0,19.503960675281405,781.4617008988528,668.5818598921628,65.55420596461586,118.42429043804643,32.06525155358017,708.810390218099,667.9151845296224,0.0,19.75
195,2023-10-31,2330.TW,535.0,535.0,527.0,507.5085144042969,25667058.0,1,-1.0746081171303103,536.2336297412085,498.3546972851587,46.28917198488539,-43.80634102161945,5.531513538542362,514.6399047851562,518.5726618448894,0.0,18.139999389648438
195,2023-10-31,2454.TW,860.0,861.0,834.0,756.2320556640625,10786996.0,1,19.713426259365747,778.8863986739163,680.7672329178806,62.56097714369295,110.15459468378602,32.06525155358017,712.0736246744792,669.9060567220052,0.0,18.139999389648438
196,2023-11-01,2330.TW,533.0,533.0,527.0,506.5491638183594,13603347.0,2,-1.723760130253936,536.4274720503875,497.6811674759797,46.012268483084135,-47.24937086452551,5.531513538542352,513.6805308024088,518.2060536702473,0.0,16.8700008392334
196,2023-11-01,2454.TW,854.0,856.0,832.0,759.8246459960938,6856015.0,2,19.93947136556494,775.9992877725257,692.7255352255212,63.02669726681649,100.66003241368192,31.178596206523878,714.5584737141927,672.0017120361329,0.0,16.8700008392334
197,2023-11-02,2330.TW,536.0,547.0,535.0,524.7772827148438,29401438.0,3,-0.7586163908002845,537.0371978819359,498.7983184754861,51.692328264603915,54.632396826214,4.683419672711543,513.9043853759765,518.0796457926432,0.0,15.65999984741211
197,2023-11-02,2454.TW,863.0,877.0,855.0,779.5835571289062,9692237.0,3,21.46555086282001,780.290744439749,697.0561915954072,65.47051686750216,133.31637301838188,35.85630121120957,717.1331319173177,674.4266825358073,0.0,15.65999984741211
198,2023-11-03,2330.TW,547.0,549.0,545.0,526.6959838867188,15426176.0,4,0.15925430713798505,536.550616736702,502.0670804068529,52.239489762634776,85.18283604755685,6.027665195536355,514.2561533610026,518.080620320638,0.0,14.90999984741211
198,2023-11-03,2454.TW,872.0,876.0,864.0,781.3799438476562,5567970.0,4,22.55987699375453,784.4424042331426,700.9877715481074,65.68384083626297,130.02066738701475,35.856301211209576,720.0371114095052,677.1210957845052,0.0,14.90999984741211
199,2023-11-06,2330.TW,553.0,556.0,550.0,527.6554565429688,29215201.0,0,0.9531080201645636,536.8862742932749,503.8420521227406,52.517704192354955,106.50608226126732,10.593003371912689,514.7358408610027,518.0657836914063,0.0,14.890000343322754
199,2023-11-06,2454.TW,879.0,890.0,873.0,792.1575927734375,7264020.0,0,24.01991769594099,790.5323078795386,703.5199931458519,66.95106796384574,143.40490823083277,38.82286500605176,723.7194783528646,679.8304768880208,0.0,14.890000343322754
200,2023-11-07,2330.TW,552.0,555.0,550.0,532.4522705078125,14777790.0,1,1.9468633065928316,538.1305717401974,504.8043067998417,53.906361905865374,106.45037016217009,10.593003371912685,515.6312561035156,518.1785959879558,0.0,14.8100004196167
200,2023-11-07,2454.TW,890.0,899.0,879.0,797.54638671875,7077114.0,1,25.31996818671587,796.1748358367366,707.0384698273259,67.57049045442919,149.11920743250812,40.648317185085126,727.9706644694011,682.749424235026,0.0,14.8100004196167
201,2023-11-08,2330.TW,550.0,557.0,550.0,533.4116821289062,15314834.0,2,2.779794277296446,539.5433600472909,504.54276971345115,54.183604387528796,105.93692561403157,11.901640467137351,516.7185465494791,518.386903889974,0.0,14.449999809265137
201,2023-11-08,2454.TW,898.0,916.0,895.0,820.89794921875,9312449.0,2,27.91278200768943,809.2343436529136,702.960340184977,70.08400080325562,175.54701112461385,43.918205335793914,733.0002360026042,686.2671295166016,0.0,14.449999809265137
202,2023-11-09,2330.TW,551.0,557.0,551.0,534.3710327148438,13165684.0,3,3.4772263326160555,540.5763650615477,504.1813223163819,54.46690115912547,103.88726853276064,11.901640467137355,517.7418762207031,518.6907053629558,0.0,15.289999961853027
202,2023-11-09,2454.TW,913.0,913.0,899.0,812.814697265625,6788362.0,3,28.981276732294873,817.6678082778064,702.6101153061779,68.19138171995135,158.62577293427782,43.91820533579391,737.4909220377605,689.7548980712891,0.0,15.289999961853027
203,2023-11-10,2330.TW,555.0,557.0,554.0,534.3710327148438,12994933.0,4,3.9840209457486253,541.2059480079399,503.93549791491165,54.466901159125456,105.98768217244472,11.901640467137344,518.9570821126302,518.9786071777344,0.0,14.170000076293945
203,2023-11-10,2454.TW,900.0,904.0,884.0,793.953857421875,7551994.0,4,27.9835772963786,821.456543408089,702.5935603516765,64.01839250808567,123.97363750341303,36.80149086242529,741.891796875,692.8385050455729,0.0,14.170000076293945
204,2023-11-13,2330.TW,579.0,580.0,571.0,547.8023071289062,43866014.0,0,5.407120856659276,545.6062749379537,502.02954964700734,58.327516070639994,218.07253999236673,25.739615023986545,520.5240600585937,519.4903635660808,0.0,14.760000228881836
204,2023-11-13,2454.TW,909.0,925.0,905.0,813.7129516601562,9498188.0,0,28.459226613864303,828.5926807280727,701.3851390961462,66.2562884251283,152.26098814500105,41.02508722381749,746.9513081868489,696.0867716471354,0.0,14.760000228881836
205,2023-11-14,2330.TW,576.0,576.0,571.0,548.7615966796875,21568576.0,1,6.536990073763718,549.2507098098386,500.3997998337161,58.58694730925295,198.00222805714037,25.739615023986556,522.0910359700521,519.9863047281901,0.0,14.15999984741211
205,2023-11-14,2454.TW,916.0,917.0,902.0,812.814697265625,4757053.0,1,28.435909045193057,834.544455699048,702.6184654435302,66.06305886036388,134.44582419515342,39.64588190404959,752.0407531738281,699.544600423177,0.0,14.15999984741211
206,2023-11-15,2330.TW,583.0,583.0,575.0,557.3959350585938,50305088.0,2,8.036498680649515,554.9703747207112,498.61356387792165,60.85598079309187,217.06734550590642,29.35379884482399,523.6260325113932,520.7056569417317,0.0,14.180000305175781
206,2023-11-15,2454.TW,925.0,925.0,900.0,815.5091552734375,8426367.0,2,28.308526840459194,839.3889413634433,706.3062917908535,66.36742887635431,129.99170538594842,41.23139529885988,756.9206339518229,703.0473368326823,0.0,14.180000305175781
207,2023-11-16,2330.TW,581.0,583.0,578.0,559.314697265625,28291435.0,3,9.272806963545804,560.2145040243502,496.9191171914701,61.34289044761564,203.92986285235378,29.35379884482399,525.3529052734375,521.4887878417969,0.0,14.319999694824219
207,2023-11-16,2454.TW,914.0,914.0,891.0,802.0371704101562,7645459.0,3,26.81143352822346,842.1255703550398,709.2279391664445,63.42521303218873,99.89209960061406,37.04161496170501,760.543125406901,706.4003855387369,0.0,14.319999694824219
208,2023-11-17,2330.TW,579.0,583.0,579.0,556.4366455078125,22031704.0,4,9.906163395035719,563.6971106474683,495.7390069062427,60.181320456936646,181.25287177208398,29.35379884482399,527.2716542561849,522.1603495279948,0.0,13.800000190734863
208,2023-11-17,2454.TW,896.0,905.0,893.0,811.9166870117188,4816081.0,4,26.12106327793242,845.6258554315797,712.5535024785767,64.61525684398948,93.20926079312342,37.04161496170501,764.255430094401,709.8731872558594,0.0,13.800000190734863
209,2023-11-20,2330.TW,576.0,579.0,575.0,553.5585327148438,22010114.0,0,10.059899045357952,566.6678363664032,495.9342174666047,59.025074679699586,146.23675797183066,25.49017801993836,528.838633219401,522.609033203125,0.0,13.40999984741211
209,2023-11-20,2454.TW,920.0,924.0,904.0,819.1017456054688,6970538.0,0,25.855665983080257,848.9590793275925,717.393337664595,65.46075347210781,107.84034157819309,40.99617160799631,768.0276102701823,713.4807088216146,0.0,13.40999984741211
210,2023-11-21,2330.TW,582.0,585.0,581.0,561.2334594726562,35921706.0,1,10.67794929779177,570.7448910292933,495.79059175879274,61.087450552396795,164.4592618392405,28.79058316692197,530.5335235595703,522.9948211669922,0.0,13.350000381469727
210,2023-11-21,2454.TW,922.0,934.0,915.0,831.6756591796875,9543750.0,1,26.356129315776002,852.8251908117861,723.4067427819639,66.89287765946044,119.59462122261094,42.94731837947253,772.2189208984375,716.9984151204427,0.0,13.350000381469727
211,2023-11-22,2330.TW,576.0,579.0,574.0,553.5585327148438,21969125.0,2,10.428245846753953,572.9748987611777,496.72652030620515,58.06415228409107,114.66828667609963,22.25491341965125,531.5888356526692,523.5389099121094,0.0,12.850000381469727
211,2023-11-22,2454.TW,928.0,942.0,925.0,846.0457763671875,6417661.0,2,27.59420951056086,858.6846801131936,728.3248963028219,68.43997708882458,129.39726372267347,44.46707328751918,776.0509745279948,720.7107177734375,0.0,12.850000381469727
212,2023-11-23,2330.TW,574.0,578.0,574.0,554.5178833007812,14486134.0,3,10.190298216189035,574.2187051846724,499.9917745516556,58.330819920787626,103.639341788228,22.254913419651245,532.4842498779296,524.0512858072917,0.0,12.850000381469727
212,2023-11-23,2454.TW,951.0,951.0,929.0,835.2682495117188,5187583.0,3,27.390005759221253,859.8671287679032,737.2914039469405,66.04543934746452,121.54781471345584,46.13687468692414,779.4938395182292,724.1386098225911,0.0,12.850000381469727
213,2023-11-24,2330.TW,577.0,578.0,574.0,551.6397094726562,10058969.0,4,9.658145357012359,574.6881812345096,503.5516655672482,57.201912402063456,90.1431649825921,22.254913419651253,533.1877919514974,524.4679890950521,0.0,12.460000038146973
213,2023-11-24,2454.TW,935.0,950.0,932.0,848.740234375,4498302.0,4,27.992568425183208,857.8687543229846,752.2229571027967,67.51513894063169,120.75243256052194,46.13687468692416,782.5774454752604,727.6563151041667,0.0,12.460000038146973
214,2023-11-27,2330.TW,573.0,577.0,568.0,544.9241333007812,18528520.0,0,8.595436697739387,573.7986924671436,507.8948927379344,54.64902186138381,63.84483947826664,16.638354069027976,533.9233123779297,524.725064086914,0.0,12.6899995803833
214,2023-11-27,2454.TW,946.0,951.0,931.0,836.1663818359375,5615291.0,0,27.142615742583416,860.1830386517199,756.554900801405,64.80675177907868,105.2033780095469,46.13687468692414,785.3017985026041,730.9794260660807,0.0,12.6899995803833
215,2023-11-28,2330.TW,565.0,576.0,565.0,551.6397094726562,26343906.0,1,8.200591951553065,572.3084904191082,513.7982142928058,56.65040372318949,62.82560877666453,13.931035659510593,534.6908111572266,525.1894704182943,0.0,12.6899995803833
215,2023-11-28,2454.TW,929.0,942.0,925.0,846.0457763671875,5645888.0,1,26.955480642510565,861.0921475131189,764.6271640103186,65.91802179967078,96.0566459192669,42.96423913195749,788.8045349121094,734.5270711263021,0.0,12.6899995803833
216,2023-11-29,2330.TW,578.0,579.0,570.0,550.6803588867188,24868842.0,2,7.721257227266733,569.0731639203902,521.4466602983598,56.283340823057216,67.48383362924379,15.949229651455713,535.7781016031901,525.6537882486979,0.0,12.979999542236328
216,2023-11-29,2454.TW,941.0,949.0,936.0,851.4347534179688,5118355.0,2,26.931569741168687,861.7024851302667,773.1778371353582,66.51466427110395,104.32359334956622,44.42051919433852,792.8461588541667,738.0896850585938,0.0,12.979999542236328
217,2023-11-30,2330.TW,576.0,577.0,570.0,553.5585327148438,47192647.0,3,7.487316443991517,568.7109237474995,524.6870254712505,57.14512914454532,63.89457302861005,15.949229651455726,536.7694569905599,526.0229665120443,0.0,12.920000076293945
217,2023-11-30,2454.TW,949.0,953.0,939.0,848.740234375,7275320.0,3,26.390976273210754,863.4814563627615,778.3145336274729,65.91778001562436,101.61074917972324,45.246921302490065,796.2890197753907,741.5924204508464,0.0,12.920000076293945
218,2023-12-01,2330.TW,573.0,579.0,573.0,555.4771728515625,28051165.0,4,7.371757868729105,568.3319223081121,527.9441458071224,57.7198930385698,68.64616174106874,17.332184646113458,537.5049733479817,526.5036275227865,0.0,12.630000114440918
218,2023-12-01,2454.TW,942.0,947.0,938.0,850.5364990234375,3387061.0,4,25.809974274519504,864.5947178237273,784.1169276840853,66.12740042772349,94.26697211909757,44.69053003654913,799.8516296386719,745.0203114827474,0.0,12.630000114440918
219,2023-12-04,2330.TW,582.0,582.0,571.0,550.6803588867188,26847171.0,0,6.814560075740701,567.044559843384,531.5339985062254,55.78486061274941,59.478061677020364,19.390292870211244,538.4643463134765,526.9361429850261,0.0,13.079999923706055
219,2023-12-04,2454.TW,945.0,946.0,930.0,837.9625854492188,5071102.0,0,24.057595320306746,864.2997975058804,788.9923472695102,63.30780774446606,77.45301138543076,40.24449942354138,803.204677327474,748.3284525553386,0.0,13.079999923706055
220,2023-12-05,2330.TW,571.0,572.0,567.0,546.8428344726562,22229723.0,1,5.994223001764567,565.9665362344192,534.0510785116746,54.27889430962417,32.30481320676894,15.426603101001026,539.2958017985026,527.4319081624349,0.0,12.850000381469727
220,2023-12-05,2454.TW,925.0,933.0,921.0,834.3701171875,5175120.0,1,22.123909560928382,863.6698925707171,793.3046252515485,62.51991154530159,58.29211460439261,35.402391603489406,806.5876647949219,751.5018737792968,0.0,12.850000381469727
221,2023-12-06,2330.TW,568.0,575.0,568.0,546.8428344726562,21518089.0,2,5.283198536281361,564.7113254918075,536.6494044886612,54.27889430962417,35.34380670821275,17.55035580196632,540.1272572835286,527.975375366211,0.0,12.970000267028809
221,2023-12-06,2454.TW,925.0,933.0,925.0,832.5737915039062,3093275.0,2,20.213492638698767,864.1106376328054,794.0314644179758,62.1200049116368,56.95395733162376,35.40239160348939,809.7311462402344,754.7651082356771,0.0,12.970000267028809
222,2023-12-07,2330.TW,570.0,573.0,566.0,543.00537109375,20840397.0,3,4.3597982705265395,563.4605821114352,538.7635817069241,52.754838720354336,20.408060618515467,15.549253409049168,541.2465270996094,528.5025863647461,0.0,13.0600004196167
222,2023-12-07,2454.TW,933.0,943.0,927.0,836.1663818359375,3018069.0,3,18.77296244392494,864.5460063011498,795.9312642066628,62.614755537738866,66.15746276266225,37.94978440974369,813.1440694173177,758.0133748372396,0.0,13.0600004196167
223,2023-12-08,2330.TW,574.0,577.0,570.0,546.8428344726562,33507214.0,4,3.892774638638457,561.5174205815464,541.9539234125942,54.08840752985048,35.73326962193771,18.422475124690138,542.4297536214193,528.9665481567383,0.0,12.350000381469727
223,2023-12-08,2454.TW,941.0,946.0,937.0,846.9440307617188,4934438.0,4,18.290160470241062,863.3678760203086,802.4084118214882,64.07108660444199,83.81371359815414,38.69999723494933,817.3952555338542,761.2317026774089,0.0,12.350000381469727
224,2023-12-11,2330.TW,572.0,575.0,570.0,550.6803588867188,27378610.0,0,3.788638123638407,561.50104775136,542.2581014185618,55.391006359328976,35.715150693173356,18.422475124690134,543.7728739420573,529.5421717325846,0.0,12.630000114440918
224,2023-12-11,2454.TW,942.0,944.0,932.0,845.1477661132812,5648215.0,0,17.560170174865675,864.003856464784,804.9159128223254,63.64363748231564,72.08477164083689,35.86776010654046,819.9100443522135,764.3602172851563,0.0,12.630000114440918
225,2023-12-12,2330.TW,580.0,581.0,575.0,554.5178833007812,29403010.0,1,3.970001618316587,561.7404067854976,542.5943710465336,56.662958707609825,63.23751399767009,22.647024991502605,545.3398529052735,529.9898788452149,0.0,12.069999694824219
225,2023-12-12,2454.TW,950.0,950.0,935.0,843.3515014648438,4510280.0,1,16.644832793075693,863.9338240520501,808.0396256549811,63.20740943217803,74.97037787964987,37.453246198755984,822.8140258789062,767.4438252766927,0.0,12.069999694824219
226,2023-12-13,2330.TW,576.0,579.0,576.0,553.5585327148438,22977731.0,2,3.990323950864763,561.2566710790517,542.6943665186046,56.248189587976405,58.48957729838774,22.647024991502597,546.9068318684896,530.2936813354493,0.0,12.1899995803833
226,2023-12-13,2454.TW,944.0,955.0,939.0,857.7216186523438,5889291.0,2,16.884337523097315,865.9084470146338,810.286249030288,65.18242428980987,96.5028172184939,38.75843788575115,826.0772583007813,770.3178660074869,0.0,12.1899995803833
227,2023-12-14,2330.TW,581.0,582.0,579.0,561.2735595703125,39409958.0,3,4.57621595296132,561.7150620856388,542.4318617424861,58.7595765579787,96.55216422978745,24.732635208186146,548.1233744303386,531.0138799031575,0.0,12.479999542236328
227,2023-12-14,2454.TW,961.0,969.0,953.0,867.6011962890625,6610988.0,3,17.66768401333809,866.6285029012814,816.1225957315311,66.46280198526301,135.6433352705595,42.24911331644282,829.0111796061198,773.0721557617187,0.0,12.479999542236328
228,2023-12-15,2330.TW,585.0,586.0,580.0,564.1668090820312,54323262.0,4,5.213898064982914,563.3738536611426,541.5460865244044,59.65793051364123,122.29231249332746,27.431410944209595,549.372401936849,531.8142776489258,0.0,12.279999732971191
228,2023-12-15,2454.TW,975.0,998.0,971.0,894.5453491210938,11839614.0,4,20.229466954153963,876.784883349204,814.229081494546,69.61522840838529,215.96682540188493,48.5350239625055,832.783359781901,776.4102355957032,0.0,12.279999732971191
229,2023-12-18,2330.TW,579.0,585.0,577.0,564.1668090820312,26122277.0,0,5.654088915232364,565.0952113256748,540.8855564965908,59.65793051364123,108.38946889030485,23.982322171685052,550.5894470214844,532.6626439412435,0.0,12.5600004196167
229,2023-12-18,2454.TW,995.0,997.0,981.0,888.2582397460938,4783607.0,0,21.504490832609577,883.110812822334,814.8188014354786,68.07072698779423,207.03451942977367,48.53502396250551,835.9867146809896,779.853096516927,0.0,12.5600004196167
230,2023-12-19,2330.TW,588.0,588.0,580.0,564.1668090820312,28254292.0,1,5.934533724533253,565.7238989956552,540.5502037875478,59.65793051364122,130.01488188352485,26.052810608009345,551.6465983072917,533.6389272054037,0.0,12.529999732971191
230,2023-12-19,2454.TW,977.0,994.0,977.0,890.9528198242188,5008169.0,1,22.473327994352303,889.8389486777169,814.0183816445488,68.38174482393201,191.56245816865416,46.186338592594666,839.1002624511718,783.5354634602865,0.0,12.529999732971191
231,2023-12-20,2330.TW,587.0,587.0,583.0,564.1668090820312,38121456.0,2,6.086625427040076,567.1885023215068,540.1464280984151,59.65793051364122,136.20962978248596,26.052810608009363,552.6717692057292,534.6951578776042,0.0,13.670000076293945
231,2023-12-20,2454.TW,993.0,995.0,983.0,882.8695068359375,6393160.0,2,22.331459467953096,893.983959000192,813.5557443689486,66.37531301315354,176.28562241681306,46.40550773001241,841.1659810384115,787.0831085205078,0.0,13.670000076293945
232,2023-12-21,2330.TW,577.0,579.0,575.0,556.45166015625,24923414.0,3,5.520968873653146,567.3383491351186,540.1899589703502,55.936811758321944,25.646272349834256,16.96169637195474,553.4077901204427,535.5748331705729,0.0,13.649999618530273
232,2023-12-21,2454.TW,972.0,983.0,972.0,876.5825805664062,4418453.0,3,21.46429816958721,896.2917723616415,815.3793641129678,64.84447432502506,129.977008291151,39.92087604345672,843.2915771484375,790.3912495930989,0.0,13.649999618530273
233,2023-12-22,2330.TW,582.0,582.0,579.0,561.2735595703125,18690214.0,4,5.399526577366146,568.1815373565607,540.3101557586735,57.64489185098799,81.95060574779986,19.22172368472861,554.304541015625,536.6308115641276,0.0,13.029999732971191
233,2023-12-22,2454.TW,980.0,990.0,979.0,889.1564331054688,3285155.0,4,21.543333258695952,900.7825300963699,814.9302262512864,66.4456005469091,148.55149177069094,41.623027036029576,846.4649963378906,794.1783966064453,0.0,13.029999732971191
234,2023-12-25,2330.TW,582.0,585.0,580.0,560.3091430664062,9548143.0,0,5.165912903328035,568.474594345843,541.5555997459538,57.18622905234375,91.4991914146891,21.433770862879285,554.721435546875,537.6227478027344,0.0,13.029999732971191
234,2023-12-25,2454.TW,991.0,998.0,987.0,893.647216796875,3304233.0,0,21.717986415423752,905.210894250753,816.2499455929969,67.00087969762886,152.76603924783637,43.51503330822068,849.129471842448,798.0403900146484,0.0,13.029999732971191
235,2023-12-26,2330.TW,583.0,586.0,582.0,565.1311645507812,16094308.0,1,5.308674122518141,569.7746856037064,541.604653995903,58.87857298737009,123.29398148097697,22.16871781077242,555.2670878092448,538.6790618896484,0.0,12.989999771118164
235,2023-12-26,2454.TW,999.0,1005.0,995.0,898.1378173828125,3241620.0,1,21.965549056893565,910.2300456680124,816.4399982773001,67.55626991415231,152.89791944488684,45.12489178841036,851.9735758463542,802.0071645100911,0.0,12.989999771118164
236,2023-12-27,2330.TW,587.0,592.0,586.0,570.9174194335938,33401336.0,2,5.821607950606449,572.1161820533748,541.2868636009221,60.80193676717808,182.8649647292868,26.4397959221268,555.7178039550781,539.6719182332357,0.0,12.430000305175781
236,2023-12-27,2454.TW,1010.0,1050.0,1010.0,934.0633544921875,8561649.0,2,24.775043523779118,923.5968205186712,811.3360835340632,71.52283602102072,211.5929051076949,53.86849052557617,855.9253824869792,806.423008219401,0.0,12.430000305175781
237,2023-12-28,2330.TW,592.0,593.0,589.0,571.8818969726562,25514849.0,3,6.234074451117181,574.3661945333041,540.869187546774,61.115544736220905,183.58295066138203,27.129255079987967,556.1367106119792,540.7448079427083,0.0,12.470000267028809
237,2023-12-28,2454.TW,1045.0,1055.0,1025.0,920.59130859375,5447955.0,3,25.619184614258415,931.197244878204,810.9207665964054,68.28423174217988,189.1247706526351,54.69817183151066,859.877187093099,810.21015625,0.0,12.470000267028809
238,2023-12-29,2330.TW,589.0,593.0,589.0,571.8818969726562,18416318.0,4,6.486188382123146,576.3138961670666,540.5619583251209,61.11554473622092,163.05507918296217,27.129255079987974,556.651552327474,541.9616032918294,0.0,12.449999809265137
238,2023-12-29,2454.TW,1025.0,1030.0,1010.0,911.6099243164062,5039654.0,4,25.272128499927703,936.0389364350552,812.186417568851,66.2164161224381,134.34352291438543,46.52002087345096,863.2002950032552,813.7278625488282,0.0,12.449999809265137
239,2024-01-02,2330.TW,590.0,593.0,589.0,571.8818969726562,26059058.0,1,6.60979686489452,577.9425095504444,541.053498750337,61.11554473622092,144.93334405250894,27.129255079987974,557.2623311360677,543.0504821777344,0.0,13.199999809265137
239,2024-01-02,2454.TW,1010.0,1015.0,980.0,881.0733032226562,10009034.0,1,22.27624722172891,935.8532465710307,816.6831792102194,59.8425566762671,68.01306744890626,32.07423126345652,865.2660135904948,816.6468119303386,0.0,13.199999809265137
240,2024-01-03,2330.TW,584.0,585.0,576.0,557.4160766601562,37106763.0,2,5.477347234770491,577.5257813194027,542.5275512001286,53.94875553978453,13.992029710340042,12.019041772109919,557.1350850423177,543.834304300944,0.0,14.039999961853027
240,2024-01-03,2454.TW,976.0,977.0,953.0,855.9253540039062,12547023.0,2,17.66908222802965,934.468994713213,820.2229547496776,55.30708526740202,-7.559803340864344,20.97001727319803,866.0743367513021,819.1466288248698,0.0,14.039999961853027
241,2024-01-04,2330.TW,580.0,581.0,577.0,559.3448486328125,15309129.0,3,4.681542612565067,577.0248952684666,544.2786386670804,54.68176072797157,8.632979510336476,12.019041772109938,557.3279622395834,544.4583989461263,0.0,14.130000114440918
241,2024-01-04,2454.TW,940.0,947.0,922.0,855.5565795898438,8449251.0,3,13.828705060915354,932.6746521814,824.3155760900843,55.243570385234044,-59.18723890238801,9.98675610225333,866.3913635253906,821.2211690266927,0.0,14.130000114440918
242,2024-01-05,2330.TW,578.0,580.0,574.0,555.4872436523438,18158971.0,4,3.6969688796480114,575.6458877045774,546.9058334868288,52.93836364644634,-22.009502501117023,8.82473139066358,557.360274251302,544.9222620646159,0.0,13.350000381469727
242,2024-01-05,2454.TW,929.0,935.0,921.0,849.1030883789062,5524580.0,4,10.14746205861934,931.4709849969987,826.8129139287825,54.11845436631174,-74.90433480742146,9.654523930696687,866.8525248209636,823.1731821695963,0.0,13.350000381469727
243,2024-01-08,2330.TW,582.0,585.0,579.0,562.2379760742188,17761275.0,0,3.4219684651800435,574.7082596188756,549.382975732687,55.50643690018558,39.73188967929397,13.097313976339079,557.7135498046875,545.4506708780924,0.0,13.079999923706055
243,2024-01-08,2454.TW,930.0,936.0,918.0,848.18115234375,5553064.0,0,7.074111965628276,931.3752764225458,827.0323346614387,53.95605471984778,-75.82350028433666,8.636120041092047,866.8338887532552,824.7056671142578,0.0,13.079999923706055
244,2024-01-09,2330.TW,588.0,589.0,583.0,565.1311645507812,22501510.0,1,3.398311168911846,574.2987769920653,551.2375389259034,56.55744209332617,76.84562525088062,16.341722809538332,558.3871175130208,546.1552149454752,0.0,12.760000228881836
244,2024-01-09,2454.TW,938.0,940.0,926.0,855.5565795898438,5782533.0,1,5.173953100251083,930.6582728519445,828.7902195796962,55.07180828710684,-60.00121876247018,9.791705218187078,867.4802286783854,826.3910135904948,0.0,12.760000228881836
245,2024-01-10,2330.TW,581.0,586.0,580.0,563.202392578125,13037716.0,2,3.1871869065329292,574.059227738116,552.3455391075871,55.6508603366123,42.24115800484558,13.066646623092412,558.7725402832032,546.7316757202149,0.0,12.6899995803833
245,2024-01-10,2454.TW,935.0,935.0,922.0,851.868896484375,4252336.0,2,3.3320880668068185,929.9330621623095,830.3671697712842,54.39008960406414,-70.26696930194328,8.373710453063401,867.6743326822917,828.2394337972005,0.0,12.6899995803833
246,2024-01-11,2330.TW,586.0,589.0,583.0,565.1311645507812,23997409.0,3,3.139317092199235,573.6635634297357,553.8984665995612,56.37426815516056,69.65561277567268,15.526612504809398,559.2542338053386,547.5161677042644,0.0,12.4399995803833
246,2024-01-11,2454.TW,932.0,937.0,920.0,848.18115234375,6787619.0,3,1.5568798849070618,930.532132824913,828.8140524778213,53.70238821100586,-71.70972744368997,8.373710453063401,867.5658793131511,830.2060190836588,0.0,12.4399995803833
247,2024-01-12,2330.TW,581.0,588.0,581.0,563.202392578125,16496053.0,4,2.9121744075947618,573.6944030910033,554.0605102390748,55.43878714426895,46.42223247098728,13.315234673422987,559.5756958007812,548.1725763956706,0.0,12.699999809265137
247,2024-01-12,2454.TW,920.0,929.0,916.0,853.7127075195312,4733940.0,4,0.5895687015628255,930.8998954983288,827.0574409274525,54.59324988023523,-74.81946930112416,6.896255986593304,867.7316284179688,832.0103240966797,0.0,12.699999809265137
248,2024-01-15,2330.TW,590.0,590.0,585.0,565.1311645507812,21143076.0,0,2.854888593048713,573.7580659764038,554.0932829005493,56.190829576862036,75.03294104297528,14.99841707851745,559.8974955240885,548.7012344360352,0.0,12.699999809265137
248,2024-01-15,2454.TW,935.0,935.0,919.0,850.0250244140625,4242507.0,0,-0.4691890668392489,929.6716660164799,823.8336379385981,53.8782682007315,-68.99587985227481,8.825025482618504,867.7145792643229,833.7831044514974,0.0,12.699999809265137
249,2024-01-16,2330.TW,581.0,588.0,579.0,559.3448486328125,27223860.0,1,2.3158857485490216,573.7263197114438,553.6428331205874,53.39426735853821,14.973028220397888,8.462414930730894,560.1863118489583,549.3253290812174,0.0,13.84000015258789
249,2024-01-16,2454.TW,915.0,917.0,895.0,825.1326904296875,10182511.0,1,-3.2790664991391623,930.9686672083662,816.2240818150713,49.36386444008499,-117.2556208446789,0.23278855055276904,867.2869160970052,835.2457967122396,0.0,13.84000015258789
250,2024-01-17,2330.TW,583.0,584.0,578.0,560.3091430664062,42592335.0,2,1.9441219844702573,573.6420450671584,553.3413411633104,53.79074507510927,-8.523728466498165,7.409879894820979,560.6351888020833,549.965495300293,0.0,14.789999961853027
250,2024-01-17,2454.TW,890.0,903.0,879.0,810.3817138671875,11463245.0,2,-6.619885217158867,932.8221376847777,806.3135007429568,46.95217756115943,-144.74255818971935,4.943192625886256,866.4873026529948,836.5374837239583,0.0,14.789999961853027
251,2024-01-18,2330.TW,586.0,589.0,585.0,567.0599365234375,27209996.0,3,2.1692236741412216,573.908938282987,553.3637606916222,56.47245637094952,77.39660170655448,11.835210559795692,561.309092203776,550.7181747436523,0.0,14.130000114440918
251,2024-01-18,2454.TW,884.0,897.0,884.0,826.9766235351562,6754372.0,3,-7.83808503897194,932.4456336843375,801.1007164133187,49.80608707389161,-127.25274724359565,4.943192625886255,866.3007303873698,838.015938313802,0.0,14.130000114440918
252,2024-01-19,2330.TW,625.0,627.0,614.0,603.7066650390625,161106401.0,4,5.244250640125529,586.2273110684267,545.7708883944639,67.17136590952113,480.0736903002729,35.91587184602356,563.3324686686198,552.2894978841146,0.0,13.300000190734863
252,2024-01-19,2454.TW,920.0,920.0,907.0,848.18115234375,9037844.0,4,-7.0116628341276055,931.3598783709457,799.3463289044449,53.138550173555664,-76.5649615634189,2.779933974659307,866.7012227376302,839.9226460774739,0.0,13.300000190734863
253,2024-01-22,2330.TW,633.0,633.0,623.0,603.7066650390625,65168775.0,0,7.593696261327182,594.2906809570422,541.9508290527233,67.17136590952114,406.0052916967037,38.65277281259369,565.2279296875,553.8288416544597,0.0,13.1899995803833
253,2024-01-22,2454.TW,928.0,943.0,920.0,850.0250244140625,9381596.0,0,-6.1371865506888525,928.7490769660997,798.0439894401504,53.41675805081022,-48.50711740933279,9.657786590643525,866.8039225260417,842.0995890299479,0.0,13.1899995803833
254,2024-01-23,2330.TW,629.0,629.0,622.0,605.6354370117188,41072439.0,1,9.501754312130174,601.1551847923826,539.6189546119143,67.61964568116383,303.9576401166824,37.639274606621875,567.059765625,555.4163197835286,0.8246587490863861,12.550000190734863
254,2024-01-23,2454.TW,918.0,922.0,909.0,839.8836669921875,6015511.0,1,-6.191113282514834,925.2394762224944,796.1772352032867,51.67136906773872,-76.32277383697458,5.949411887951033,866.6284525553385,843.2692484537761,0.8246587490863861,12.550000190734863
255,2024-01-24,2330.TW,628.0,630.0,624.0,604.6710815429688,26635005.0,2,10.811460846697969,606.5964416755443,538.1316894279713,67.14541222309471,245.95651914565087,38.107286837614865,568.7315388997396,557.0356959025065,2.6726204655007746,13.140000343322754
255,2024-01-24,2454.TW,916.0,936.0,915.0,862.9320678710938,7798880.0,2,-4.324190704639477,921.0553934218459,796.8407430527635,55.119180082765205,-45.32019470353818,9.958498776762806,867.2811381022135,845.0475819905599,2.6726204655007746,13.140000343322754
256,2024-01-25,2330.TW,635.0,642.0,633.0,619.1368408203125,52243347.0,3,12.868340369176394,614.8687638454492,534.6813093967382,70.37002739574152,256.39142505010244,43.38206914989428,570.9174825032552,558.9121571858724,2.5609363597908,13.449999809265137
256,2024-01-25,2454.TW,939.0,950.0,933.0,869.3856811523438,8962616.0,3,-2.2974053964666155,907.1764788106498,804.2518903299751,56.02784160816001,-18.27141507521293,13.761348526312078,867.6699401855469,846.8735992431641,2.5609363597908,13.449999809265137
257,2024-01-26,2330.TW,644.0,646.0,639.0,621.065673828125,41153025.0,4,14.487074931197412,622.3053008279117,532.1631500998228,70.7658036039111,221.02984235268798,44.998443687986445,572.9105529785156,560.5169637044271,0.41471655128679735,13.260000228881836
257,2024-01-26,2454.TW,936.0,939.0,928.0,862.9320678710938,5273128.0,4,-1.198105083517703,894.5232612189304,811.139183849429,54.878454073571845,-32.34773435145313,12.013506974821633,867.5143025716146,848.2627410888672,0.41471655128679735,13.260000228881836
258,2024-01-29,2330.TW,646.0,648.0,644.0,624.9232177734375,27825490.0,0,15.897943692016383,629.6310763569282,530.1415066508843,71.55196236187906,194.59263019591285,45.798812341311454,574.9357666015625,562.1540842692058,0.13936874614977882,13.600000381469727
258,2024-01-29,2454.TW,945.0,945.0,926.0,864.7760009765625,7026602.0,0,-0.17608191190527123,882.3928179185211,818.5862348158539,55.15040254414364,-25.959789581793867,13.660238038087572,866.5219909667969,849.652675374349,0.13936874614977882,13.600000381469727
259,2024-01-30,2330.TW,642.0,647.0,642.0,619.1368408203125,36161825.0,1,16.36056072918859,634.8027024962049,529.6953748963732,68.68577234095349,156.56591414385048,43.63657486703695,576.7681009928385,563.6787740071615,4.059421920972908,13.3100004196167
259,2024-01-30,2454.TW,938.0,973.0,938.0,887.8243408203125,9478077.0,1,2.46526912580498,884.201784062187,817.4523724319536,58.39295677411742,21.337369441548134,20.814764895534708,866.5075276692709,851.2471211751302,4.059421920972908,13.3100004196167
260,2024-01-31,2330.TW,634.0,637.0,626.0,605.6354370117188,41277950.0,2,15.45952977849538,636.8397734848828,532.4802399428517,62.6301047251808,99.62480567639861,27.934716406473846,578.1503885904948,564.8984934488932,3.302291301871362,14.350000381469727
260,2024-01-31,2454.TW,976.0,977.0,958.0,890.5902099609375,9080284.0,2,4.727248597740186,890.3573379426448,814.763304147199,58.76306633113002,42.619023730849435,21.772738221986696,866.4954406738282,852.7978515625,3.302291301871362,14.350000381469727
261,2024-02-01,2330.TW,625.0,628.0,619.0,605.6354370117188,44946369.0,3,14.57741687090072,638.5291649110757,535.4199073545494,62.630104725180814,75.12952344975699,21.903518589630856,579.5326761881511,566.1022226969401,5.634460644852759,13.880000114440918
261,2024-02-01,2454.TW,951.0,951.0,922.0,857.4005126953125,16712977.0,3,3.797971784194374,890.4892825995187,814.8157528008719,52.91954703072638,-26.219848775848195,9.445319034249213,865.646474202474,853.4062276204427,5.634460644852759,13.880000114440918
262,2024-02-02,2330.TW,633.0,635.0,628.0,612.3861694335938,26334815.0,4,14.258698325164005,640.327128402128,539.3118364416221,64.31361688773075,89.7818347267239,25.535054118187418,581.3971598307292,567.402474975586,0.5011228828556494,13.850000381469727
262,2024-02-02,2454.TW,931.0,936.0,926.0,862.9320678710938,7360212.0,4,3.4678878349872093,891.412346605885,815.2755867437245,53.713134890927584,-28.398552808256557,9.445319034249215,865.1914571126302,854.2415171305339,0.5011228828556494,13.850000381469727
263,2024-02-05,2330.TW,645.0,647.0,638.0,622.994384765625,44017740.0,0,14.69273717272381,643.6875125435654,542.0270931693253,66.74872041318191,110.88612368204295,31.207934694187205,583.454520670573,568.8795308430989,1.6480369355831939,13.670000076293945
263,2024-02-05,2454.TW,929.0,940.0,928.0,863.85400390625,5742677.0,0,3.243299719816264,892.3932505192297,815.8619679866297,53.847265722454964,-20.536376041034814,10.522380572699278,864.3480428059896,855.4065195719401,1.6480369355831939,13.670000076293945
264,2024-02-15,2330.TW,709.0,709.0,693.0,672.1781616210938,112945296.0,3,18.788849664320992,658.4245843093253,537.9947211105965,74.94777823109509,229.6890523972209,51.11349650159015,587.1834879557292,570.952461751302,33.623892627069026,14.010000228881836
264,2024-02-15,2454.TW,983.0,983.0,951.0,896.1217651367188,11678406.0,3,5.6044461093740665,898.7912186778265,813.5205183827204,58.22983089811592,64.46737508178617,20.97501488080162,864.4305277506511,856.7799997965495,33.623892627069026,14.010000228881836
265,2024-02-16,2330.TW,697.0,699.0,683.0,658.6766967773438,44232811.0,4,20.706896733626536,666.5571434780445,539.4095923617992,70.04317709200873,178.38542343413172,44.1537472214893,590.3016723632812,572.784380086263,2.4801330645553543,14.239999771118164
265,2024-02-16,2454.TW,976.0,977.0,963.0,894.2778930664062,4417821.0,4,7.243389285355192,904.112196323046,812.440440395704,57.90479547940299,72.6360887188343,20.975014880801627,864.3018636067708,858.1377197265625,2.4801330645553543,14.239999771118164
266,2024-02-19,2330.TW,674.0,682.0,674.0,653.8547973632812,34408673.0,0,21.589011188491213,672.2419585215058,542.597140599588,68.38970757810067,140.0918762875813,38.22657359657565,593.0662516276042,574.3920277913411,0.4432891496746803,14.239999771118164
266,2024-02-19,2454.TW,973.0,973.0,951.0,887.8243408203125,4193442.0,0,7.930102543334783,907.6582351691405,812.8587203972658,56.75769564980303,65.11187727718283,16.896771350514896,862.7605631510417,859.3429728190105,0.4432891496746803,14.239999771118164
267,2024-02-20,2330.TW,675.0,688.0,675.0,662.5343627929688,30166461.0,1,22.72648486968376,678.1582922187479,546.6140039238303,69.72071084601423,138.99473640090883,39.92995410959522,596.0880004882813,576.1123555501302,1.2771536521701996,15.420000076293945
267,2024-02-20,2454.TW,960.0,985.0,960.0,905.3411254882812,7570527.0,1,9.775104554628797,914.1969032053406,811.4828941579407,59.03627890507719,120.7125333315501,19.697243025164045,862.2522237141927,861.0647054036458,1.2771536521701996,15.420000076293945
268,2024-02-21,2330.TW,678.0,683.0,678.0,656.7479858398438,30564485.0,2,22.897085349163603,681.6339709943894,552.300007277095,67.75322076727458,123.85799794310175,39.92995410959523,598.9168701171875,577.7842112223308,0.5033963321521583,15.34000015258789
268,2024-02-21,2454.TW,972.0,986.0,972.0,904.4192504882812,5334177.0,2,11.035681862034835,919.7425534900935,811.3766664806096,58.86740138588389,147.15464305944877,19.929851712791148,862.0125345865886,862.6064147949219,0.5033963321521583,15.34000015258789
269,2024-02-22,2330.TW,695.0,695.0,685.0,667.3562622070312,33145643.0,3,23.616055515736548,684.7738391362527,559.9612804926535,69.39137907098397,134.2884108051822,43.277611487138905,602.0993489583333,579.6808400472005,3.553406261288204,14.539999961853027
269,2024-02-22,2454.TW,988.0,1020.0,988.0,935.7650146484375,10182733.0,3,14.398067696200314,930.2564657306931,811.9259866618851,62.62778211053116,228.94486075886567,27.333285147038495,863.8355916341146,864.5508026123047,3.553406261288204,14.539999961853027
270,2024-02-23,2330.TW,701.0,703.0,696.0,672.1781616210938,46448923.0,4,24.29487533685915,686.9046906707084,569.0173308136665,70.10547692906803,139.73117079364306,45.37698961500216,605.9247517903646,581.5299184163412,23.303846825378788,13.75
270,2024-02-23,2454.TW,1035.0,1100.0,1010.0,1014.1295166015625,23431414.0,4,23.11963432439802,962.4880865253806,800.069146140635,69.77418455359224,334.65501927539464,40.68310183945308,869.1090637207031,867.5917002360026,23.303846825378788,13.75
271,2024-02-26,2330.TW,700.0,700.0,695.0,673.1425170898438,28798079.0,0,24.626778193133305,688.0814831777432,578.4487963632725,70.24907766301371,126.86890578438856,44.68453464029345,609.718007405599,583.5229848225912,0.43807295803070717,13.739999771118164
271,2024-02-26,2454.TW,1090.0,1120.0,1060.0,1027.958740234375,12036894.0,0,30.792484885222052,991.7193841164075,790.9360602195301,70.7937521906907,312.7301416011071,43.37353668416616,874.8558024088542,870.6235829671224,0.43807295803070717,13.739999771118164
272,2024-02-27,2330.TW,700.0,701.0,691.0,673.1425170898438,33006829.0,1,24.60616899852039,692.4587688986487,581.0150958474451,70.24907766301371,115.39624669979446,41.88797107700656,613.6398498535157,585.5000620524089,0.016827038966314697,13.430000305175781
272,2024-02-27,2454.TW,1125.0,1160.0,1105.0,1027.958740234375,17137848.0,1,36.453065981098234,1015.5401527475389,785.093050377461,70.7937521906907,294.5080845872294,48.23158845193862,880.8176574707031,873.8350911458333,0.016827038966314697,13.430000305175781
273,2024-02-29,2330.TW,691.0,698.0,688.0,665.4274291992188,54368302.0,3,23.69416140501312,694.6721570626394,584.9737840994701,67.47414367755063,99.28146740686013,39.79159990602608,617.0794982910156,587.3965240478516,3.235163414830163,13.399999618530273
273,2024-02-29,2454.TW,1115.0,1145.0,1110.0,1051.0069580078125,9126357.0,3,42.31117890033727,1041.1301477515146,779.6012487328603,72.45115285123146,248.89827949908639,48.23158845193863,887.5785176595052,877.2062032063802,3.235163414830163,13.399999618530273
274,2024-03-01,2330.TW,697.0,697.0,688.0,664.4630737304688,23390635.0,4,22.63267796640696,696.1849687085345,589.3437361254499,67.13125250395007,91.50363665902947,39.79159990602608,620.3905619303385,589.3888397216797,3.5064039447361397,13.109999656677246
274,2024-03-01,2454.TW,1165.0,1165.0,1095.0,1018.7392578125,12066326.0,4,43.84462827991388,1054.1764573077796,784.4404982586266,66.94879973069239,199.66737960735628,50.50371152804314,893.0179402669271,880.2490844726562,3.5064039447361397,13.109999656677246
275,2024-03-04,2330.TW,714.0,725.0,711.0,699.1810302734375,88861397.0,0,24.31263273899117,703.3854450054984,591.5942547015328,72.36202071577125,133.22420980689137,47.53412793629519,624.923183186849,591.8478617350261,14.060503972672917,13.489999771118164
275,2024-03-04,2454.TW,1115.0,1155.0,1105.0,1060.2264404296875,12304302.0,0,47.8559136898391,1075.0879773511272,783.2584154711385,69.98106774825314,184.60615371116904,50.50371152804313,899.9631917317708,883.8187622070312,14.060503972672917,13.489999771118164
276,2024-03-05,2330.TW,735.0,738.0,728.0,704.0029296875,64403889.0,1,25.736422525367402,711.3286871862095,592.1376214075405,72.97983447220669,140.44090177651358,50.5861188974645,629.5522420247396,594.4032379150391,0.15183107700134124,14.460000038146973
276,2024-03-05,2454.TW,1150.0,1160.0,1130.0,1064.836181640625,8416339.0,1,50.82102077470188,1093.9008520094903,783.9905908616033,70.29432821208907,168.85286832792414,51.07816685038258,907.1850260416667,887.3754526774088,0.15183107700134124,14.460000038146973
277,2024-03-06,2330.TW,718.0,738.0,717.0,708.8248901367188,43687122.0,2,26.943292592762646,719.039807435314,593.2024227892954,73.59055059883947,126.08021484973051,43.28995337073336,634.4063252766927,596.991010538737,2.2574909199808677,14.5
277,2024-03-06,2454.TW,1145.0,1200.0,1140.0,1097.1038818359375,9634661.0,2,55.13901499196106,1116.435903127153,784.8727211404251,72.38135238786974,168.56748679836392,55.36532265395749,915.2980651855469,891.5148468017578,2.2574909199808677,14.5
278,2024-03-07,2330.TW,755.0,769.0,754.0,732.9346313476562,71817344.0,3,29.50508419322648,731.3301500074703,591.7132215745611,76.35485306845473,165.28442129591457,50.309022837599194,639.9997741699219,599.9486348470052,6.037848461770763,14.4399995803833
278,2024-03-07,2454.TW,1220.0,1260.0,1215.0,1133.981201171875,15008514.0,3,60.835474509649316,1143.6794775823682,784.5496667047412,74.49947821702571,188.32531334285122,60.708284267612655,924.763271077474,896.2389251708985,6.037848461770763,14.4399995803833
279,2024-03-08,2330.TW,795.0,796.0,772.0,756.0799560546875,87139744.0,4,33.022296286891674,746.9817151654038,589.7559679400649,78.58130446179604,188.58149527825225,55.29449058847222,646.5576110839844,603.3719614664714,5.566360820026051,14.739999771118164
279,2024-03-08,2454.TW,1260.0,1275.0,1195.0,1133.981201171875,16121484.0,4,64.60523083244505,1167.354588170085,785.4902421521807,74.49947821702573,162.96847045337918,54.33763779583343,935.0582214355469,901.1725687662761,5.566360820026051,14.739999771118164
280,2024-03-11,2330.TW,768.0,778.0,761.0,738.720947265625,64759810.0,0,34.016860089417946,753.8076661714715,596.2385679593879,73.231314892553,154.37563859927027,48.994348455359315,652.5046712239583,606.5699300130208,3.119513842608399,15.220000267028809
280,2024-03-11,2454.TW,1235.0,1245.0,1205.0,1129.37158203125,5703039.0,0,66.45478276842573,1186.4242876221317,790.2986799071651,73.7429552810845,139.34188279980864,54.33763779583344,945.6912170410156,906.0892598470052,3.119513842608399,15.220000267028809
281,2024-03-12,2330.TW,757.0,771.0,754.0,742.5784912109375,58110339.0,1,34.716144521780166,759.0504186040735,604.6901209467078,73.64381630806172,141.6226565853719,45.11868337412474,658.3552897135417,609.8321909586589,0.5977467639917472,13.84000015258789
281,2024-03-12,2454.TW,1200.0,1225.0,1190.0,1120.15234375,5088394.0,1,66.41110464739586,1197.8356721084378,805.1624785263277,72.22551103167336,116.78348328919455,49.57856465670593,955.4637410481771,910.8822357177735,0.5977467639917472,13.84000015258789
282,2024-03-13,2330.TW,785.0,785.0,777.0,751.2578735351562,36754557.0,2,35.560763740595235,764.648876563672,612.9788333972654,74.55641106366934,155.57338549778876,47.921460065374134,663.2736633300781,613.303065999349,0.6737571827560721,13.75
282,2024-03-13,2454.TW,1245.0,1260.0,1210.0,1120.15234375,6917876.0,2,65.6200621918781,1206.1236224585239,822.5965557641323,72.22551103167336,117.6900980410858,53.07147528779053,964.5294474283854,915.6153350830078,0.6737571827560721,13.75
283,2024-03-14,2330.TW,779.0,785.0,770.0,756.0799560546875,42010806.0,3,36.201919127234646,770.334965633414,620.6013014564298,75.05287199089189,142.6341973923275,44.11461448281049,668.352773030599,616.7903513590495,11.778206943830432,14.399999618530273
283,2024-03-14,2454.TW,1220.0,1230.0,1140.0,1060.2264404296875,12529434.0,3,59.472078669045686,1203.179730773906,845.1776911010941,63.18173467011788,76.87365104088546,33.882594612350246,971.5361612955729,919.1700419108073,11.778206943830432,14.399999618530273
284,2024-03-15,2330.TW,771.0,777.0,753.0,726.183837890625,73316437.0,4,33.906815840760714,773.3932077093181,622.9436270074788,66.7051241759473,103.93251676170043,35.362621312746015,672.3710530598959,619.715409342448,8.493126431318343,14.40999984741211
284,2024-03-15,2454.TW,1135.0,1150.0,1120.0,1046.3974609375,8516381.0,4,52.874371520516206,1200.3793351250117,863.0056563300666,61.347910196899534,48.51399415305027,29.099222007993635,978.4199544270833,922.524203491211,8.493126431318343,14.40999984741211
285,2024-03-18,2330.TW,754.0,765.0,754.0,740.2326049804688,43589856.0,0,32.84295490420209,777.2990148461585,627.1934106909508,68.4130028441426,96.65205818831423,35.362621312746015,676.8897705078125,622.8106547037761,3.071672004867609,14.329999923706055
285,2024-03-18,2454.TW,1135.0,1180.0,1135.0,1078.6651611328125,5901035.0,0,49.676732356148136,1197.712880557833,884.1108377038856,63.87856196577818,61.36924799220594,32.823499102174445,985.6110575358073,926.4460978190104,3.071672004867609,14.329999923706055
286,2024-03-19,2330.TW,758.0,765.0,755.0,738.294677734375,30152375.0,1,31.48057444821245,779.5329117736907,633.403501800528,67.91586893261652,88.05132283463554,35.362621312746015,680.8616984049479,625.8895904541016,1.181610499416586,13.819999694824219
286,2024-03-19,2454.TW,1150.0,1165.0,1135.0,1060.2264404296875,8740357.0,1,45.13444780003488,1188.881809436989,910.1821187856672,61.498385523627576,50.39963237083348,32.823499102174445,991.9724161783854,929.8211781819662,1.181610499416586,13.819999694824219
287,2024-03-20,2330.TW,764.0,769.0,752.0,734.419189453125,41280325.0,2,29.74527360762943,781.0707443943193,639.0541518459152,66.91000778729861,79.85663059962687,36.36919871995863,684.6401489257812,628.7753509521484,1.199546944873613,13.039999961853027
287,2024-03-20,2454.TW,1145.0,1175.0,1120.0,1041.78759765625,6032629.0,2,39.59042033086962,1178.2475951600109,934.4609802794422,59.21584708486961,41.86395531167121,29.19234821866315,997.934267171224,932.7242848714193,1.199546944873613,13.039999961853027
288,2024-03-21,2330.TW,773.0,784.0,772.0,759.6104125976562,46026103.0,3,30.056286206802838,784.8420407214129,645.5690981946028,69.90695434542492,103.0522573189783,39.99422387480866,689.1297220865886,632.0327443440755,5.302140513312738,12.920000076293945
288,2024-03-21,2454.TW,1160.0,1160.0,1125.0,1051.0069580078125,6391070.0,3,35.53108373384998,1162.567270789058,964.8000754023482,59.98405338798898,38.639001838045765,29.192348218663167,1004.1419657389323,935.3319783528646,5.302140513312738,12.920000076293945
289,2024-03-22,2330.TW,788.0,789.0,775.0,760.5792236328125,30660820.0,4,30.034719337631486,788.4901251967856,651.2433098618083,70.01499805674351,100.51953888912182,41.15030902086028,693.8444681803386,635.3062845865885,0.823723563547714,13.0600004196167
289,2024-03-22,2454.TW,1140.0,1145.0,1110.0,1037.177978515625,5827756.0,4,30.842612722950662,1148.5837146290821,988.924927949043,58.28062751991522,25.069237605848507,25.520123499029886,1009.120420328776,937.8139739990235,0.823723563547714,13.0600004196167
290,2024-03-25,2330.TW,783.0,788.0,779.0,755.73486328125,19877101.0,0,29.289101513710875,790.5858840893005,657.5032211353088,68.73840227777696,93.64207923836284,41.15030902086028,698.8477823893229,638.4990854899089,0.3470391522223465,13.1899995803833
290,2024-03-25,2454.TW,1120.0,1140.0,1115.0,1032.5682373046875,3241531.0,0,26.45009781476392,1147.2432623291784,992.1092523192592,57.71544445255997,21.06391930084263,25.520123499029896,1013.8530212402344,940.1742309570312,0.3470391522223465,13.1899995803833
291,2024-03-26,2330.TW,788.0,792.0,776.0,757.6725463867188,40990702.0,1,28.52572208154197,791.8723867796532,664.6697213746436,68.972490096296,90.30637235390164,42.10524116759942,703.9156860351562,641.7241811116536,0.14850586811525354,13.239999771118164
291,2024-03-26,2454.TW,1140.0,1170.0,1120.0,1041.78759765625,6534083.0,1,23.442690688813627,1146.6040439275603,994.1313564630644,58.5471447839701,29.94992896506141,29.79141477421327,1019.999257405599,942.8228658040365,0.14850586811525354,13.239999771118164
292,2024-03-27,2330.TW,785.0,785.0,779.0,754.765869140625,18794479.0,2,27.370681639794384,791.368840716731,673.3356026426441,68.180237864496,81.77725937096827,42.10524116759942,708.6616760253906,645.0294179280598,3.6430818749636686,12.779999732971191
292,2024-03-27,2454.TW,1135.0,1175.0,1125.0,1074.055419921875,5980133.0,2,23.393378155794153,1146.2513350451466,999.0937333142285,61.30298890610524,39.69484919829542,30.478814596968277,1027.0367024739583,946.1140797932943,3.6430818749636686,12.779999732971191
293,2024-03-28,2330.TW,774.0,776.0,768.0,745.0770874023438,27190918.0,3,25.380924555247248,786.4080344775169,686.2613747021707,65.58263907555623,60.61097909814943,35.6284722228254,712.7310994466146,648.0928100585937,1.0241157752683765,13.010000228881836
293,2024-03-28,2454.TW,1160.0,1180.0,1135.0,1069.44580078125,6926740.0,3,22.720432870537024,1146.4891440479983,1000.6998085887203,60.706565732469834,40.568163052059376,31.1758952380883,1033.8897623697917,949.1189025878906,1.0241157752683765,13.010000228881836
294,2024-03-29,2330.TW,769.0,777.0,768.0,751.8591918945312,9802000.0,4,24.073779339533075,777.9898442842858,703.4191767118078,66.5066781673803,61.50350672470116,35.90320797168962,715.3871337890625,651.2853108723958,1.1553491398379006,13.010000228881836
294,2024-03-29,2454.TW,1160.0,1185.0,1160.0,1092.494140625,4051000.0,4,23.772888228408192,1145.8247434845334,1008.7396974334353,62.58920725201153,58.55209622466817,31.88245370606723,1040.435508219401,952.433017985026,1.1553491398379006,13.010000228881836
295,2024-04-01,2330.TW,783.0,783.0,769.0,746.0459594726562,21041261.0,0,22.311584013396214,774.8297350906435,711.2657788253721,64.96022502193122,58.87877219671081,37.557366303616845,718.2994425455729,654.3005574544271,1.75164398481468,13.649999618530273
295,2024-04-01,2454.TW,1190.0,1200.0,1155.0,1069.44580078125,5359025.0,0,22.487931404904884,1145.9258038847915,1009.5605730683332,59.633501403307946,50.45125171629836,33.985699701676026,1046.2744384765624,955.2881510416667,1.75164398481468,13.649999618530273
296,2024-04-02,2330.TW,784.0,790.0,783.0,765.4236450195312,37974481.0,1,22.22248186100512,773.5931970923647,718.6443883568542,67.56124207938248,81.2911043288994,39.44349629936946,722.0184041341146,657.5423278808594,3.038683252665787,14.609999656677246
296,2024-04-02,2454.TW,1170.0,1185.0,1160.0,1074.055419921875,4164058.0,1,21.592645034076213,1146.1435770530363,1010.2647237282138,60.024080390895904,44.1141511972894,33.98569970167603,1052.4821411132812,957.6213521321614,3.038683252665787,14.609999656677246
297,2024-04-03,2330.TW,783.0,785.0,778.0,755.73486328125,30890544.0,2,21.12653055616954,769.873144035122,727.0554387285498,65.0631552052345,65.79711662392994,36.399127770599414,725.125087483724,660.6065439860026,0.9998425536181914,14.329999923706055
297,2024-04-03,2454.TW,1150.0,1175.0,1140.0,1069.44580078125,4100953.0,2,20.277420908607155,1144.2650200649157,1009.3774726108655,59.429225383765946,19.322562349752417,28.331768687009294,1057.9522969563802,960.1022603352865,0.9998425536181914,14.329999923706055
298,2024-04-08,2330.TW,789.0,792.0,783.0,758.6415405273438,32202226.0,0,20.258992755108466,770.3023875445809,729.1968861370598,65.45951467871691,74.86394210272177,38.34849619541609,728.5215393066406,663.719204711914,0.5057927179699351,15.1899995803833
298,2024-04-08,2454.TW,1175.0,1180.0,1145.0,1060.2264404296875,4066781.0,0,18.280445387357304,1135.2747503546295,1010.9922662469328,58.23515522014039,11.027814394328892,29.10546068808048,1063.145869954427,962.5792022705078,0.5057927179699351,15.1899995803833
299,2024-04-09,2330.TW,795.0,820.0,792.0,793.5216064453125,56857731.0,1,22.130881585036718,779.9517013938619,723.2917373268413,69.72349374322798,130.1765123927231,45.287550163010714,732.72705078125,667.4131998697917,9.917969372730017,14.979999542236328
299,2024-04-09,2454.TW,1160.0,1175.0,1150.0,1069.44580078125,3322521.0,1,17.242986811652827,1125.0528654875654,1014.7606110749346,59.08556758235213,8.179975031230244,29.105460688080502,1067.601896158854,965.7187438964844,9.917969372730017,14.979999542236328
300,2024-04-10,2330.TW,815.0,819.0,810.0,789.64599609375,27480849.0,2,23.036091875787292,786.4888632372916,721.8470803662241,68.7479816720993,141.10725556117433,45.28755016301072,736.6426452636719,671.2836985270183,3.5276283656025647,15.800000190734863
300,2024-04-10,2454.TW,1170.0,1215.0,1165.0,1101.7135009765625,6393274.0,2,18.807723420854472,1118.5397410274625,1018.5079274295688,61.89483462113125,71.89373428042592,35.10337215964371,1070.5213623046875,969.8152130126953,3.5276283656025647,15.800000190734863
301,2024-04-11,2330.TW,811.0,820.0,811.0,794.4905395507812,25200651.0,3,23.869241959088072,793.236752486474,720.2903959510261,69.30334922911527,143.82081748654542,45.521901273330464,740.6875793457032,675.202793375651,0.08539475400173822,14.90999984741211
301,2024-04-11,2454.TW,1205.0,1230.0,1185.0,1106.3232421875,6271331.0,3,20.1870522748211,1115.1527585934414,1020.5119997073399,62.27761304261325,96.4266277508271,37.16561203632408,1073.1335123697916,973.9946573893229,0.08539475400173822,14.90999984741211
302,2024-04-12,2330.TW,823.0,826.0,817.0,792.5527954101562,31508936.0,4,24.095402839818462,798.5223675033385,719.1342731216614,68.79747591092519,150.75751414887623,46.93275472559718,744.6679219563802,679.153885904948,1.1129206388439816,17.309999465942383
302,2024-04-12,2454.TW,1190.0,1200.0,1165.0,1087.884521484375,5214036.0,4,19.56677605285131,1107.8917383771793,1024.5462376970393,59.79227112892757,35.08397331948811,31.405987190863407,1075.1310384114583,977.9743479410807,1.1129206388439816,17.309999465942383
303,2024-04-15,2330.TW,804.0,812.0,803.0,780.9260864257812,38913470.0,0,23.07051617115428,800.9403140093052,719.2009396528042,65.81553132466071,110.9729117430768,38.28815315298251,748.5178771972656,682.7986877441406,11.645380158597435,19.229999542236328
303,2024-04-15,2454.TW,1160.0,1160.0,1110.0,1023.3489990234375,9187015.0,0,13.709688605431893,1110.2189334832162,1018.5312984503774,52.243477331536624,-100.86193994997737,17.38387771292299,1074.2091064453125,980.8938120524089,11.645380158597435,19.229999542236328
304,2024-04-16,2330.TW,802.0,803.0,785.0,763.4859008789062,49508969.0,1,20.61339054764585,799.5706836516389,724.3007763092986,61.66786748851227,58.52881946574175,28.25219388997518,751.8186381022135,686.1046000162761,8.345024713592768,18.399999618530273
304,2024-04-16,2454.TW,1065.0,1090.0,1055.0,972.6424560546875,12016661.0,1,4.91960027066807,1121.907518748152,999.4672126971607,47.38132924592864,-232.37774670304213,5.714298668308645,1072.6725463867188,982.8452433268229,8.345024713592768,18.399999618530273
305,2024-04-17,2330.TW,798.0,808.0,793.0,778.98828125,34472074.0,2,19.690038814629133,800.7873965128435,726.9596310750471,63.76750326595856,92.54478436166293,29.7178752070841,754.4788798014323,689.7010314941406,2.303401755033027,18.209999084472656
305,2024-04-17,2454.TW,1065.0,1075.0,1045.0,968.0328369140625,7727084.0,2,-2.3910038007607,1128.3566179578759,981.9548810655616,46.97023336764385,-231.2517556905973,3.7738803686394524,1069.5994262695312,984.781309000651,2.303401755033027,18.209999084472656
306,2024-04-18,2330.TW,796.0,810.0,792.0,778.98828125,43598591.0,3,18.742227185459228,801.342034100048,730.4743538394051,63.76750326595856,89.5572553445486,30.306994664813452,756.9783915201823,693.2653167724609,0.01845490929055871,18.0
306,2024-04-18,2454.TW,1045.0,1060.0,1020.0,968.0328369140625,7168984.0,3,-8.091437146739281,1133.3800197715989,967.7121189002762,46.97023336764386,-228.77905375379046,0.9290776351697292,1066.372648111979,986.7788370768229,0.01845490929055871,18.0
307,2024-04-19,2330.TW,769.0,770.0,746.0,726.6680908203125,130968654.0,4,13.612362687663904,802.5387574711478,728.5025206050241,53.23572721403161,-126.31203198988705,8.639972643449509,757.573164876302,695.9897450764973,23.942308189869387,18.709999084472656
307,2024-04-19,2454.TW,1020.0,1030.0,970.0,915.482421875,15661098.0,4,-16.657434419047945,1146.7873716349686,941.6742494587816,42.474301254481716,-263.7594293530973,9.422033427178174,1060.3185994466146,987.8083323160807,23.942308189869387,18.709999084472656
308,2024-04-22,2330.TW,740.0,757.0,740.0,718.9169311523438,46540798.0,0,8.819785313482726,805.9453499653464,721.0265799662943,51.921501177139696,-161.5566065602317,6.255998029062261,757.105908203125,698.5528411865234,2.4074364792392733,16.940000534057617
308,2024-04-22,2454.TW,984.0,989.0,966.0,890.5902099609375,9091869.0,0,-25.164561045173855,1159.5261012371386,912.8938450519238,40.57135243457311,-258.20372477108845,10.060117955804893,1052.20556640625,988.484418741862,2.4074364792392733,16.940000534057617
309,2024-04-23,2330.TW,761.0,761.0,752.0,730.543701171875,30423647.0,1,5.891898251888392,806.9284443676911,717.0399333178557,53.69531276176568,-109.87307212740991,7.653538000192688,756.2546997070312,701.4061553955078,0.9153168433024754,15.6899995803833
309,2024-04-23,2454.TW,989.0,989.0,970.0,896.1217651367188,5846136.0,1,-31.101649458525344,1167.4638747217464,890.8504502294255,41.17718647839999,-216.9473117596771,10.060117955804886,1044.2769185384116,989.6675699869792,0.9153168433024754,15.6899995803833
310,2024-04-24,2330.TW,770.0,785.0,769.0,758.6415405273438,39457128.0,2,5.7722485851587635,807.0074408161615,717.2516045939947,57.60554658595446,-11.495503289687262,15.474876290440182,756.9187194824219,704.7116953531901,6.968554609244646,15.970000267028809
310,2024-04-24,2454.TW,995.0,1020.0,994.0,931.1553344726562,6229216.0,2,-32.60407901540998,1169.138261724526,879.0347729434427,44.86004177189125,-153.65919319059321,3.98473771105785,1037.6697102864584,991.680463663737,6.968554609244646,15.970000267028809
311,2024-04-25,2330.TW,770.0,774.0,765.0,742.1703491210938,28534926.0,3,4.298784163362825,807.0838663302604,715.6249593533332,54.7992858650198,-59.40548254840507,13.812901956705828,756.9051147460938,707.6302022298177,3.455672411859424,15.369999885559082
311,2024-04-25,2454.TW,996.0,1005.0,976.0,904.4192504882812,6053259.0,3,-35.54243275790941,1171.4588304728547,862.9773694783171,42.747124772398024,-155.60618352618238,7.066161522074199,1030.4786071777344,992.9711741129557,3.455672411859424,15.369999885559082
312,2024-04-26,2330.TW,788.0,789.0,782.0,757.6725463867188,32571247.0,4,4.332013994634394,807.1594574866411,715.8400359215619,56.84608587564974,10.952068789446662,18.37052432990502,757.1189371744791,710.1963002522787,2.0600921578655442,15.029999732971191
312,2024-04-26,2454.TW,991.0,1005.0,987.0,926.5457153320312,5747819.0,4,-35.67444567115581,1166.724406475063,852.9608230171245,44.96628709175393,-125.72031536270346,7.066161522074201,1024.0250528971353,994.2772501627604,2.0600921578655442,15.029999732971191
313,2024-04-29,2330.TW,790.0,795.0,787.0,770.2681274414062,26765837.0,0,5.313456778514137,807.8983703189216,717.6202270931877,58.428338067281146,43.52779668132457,20.118461229674033,757.5918762207032,712.972324625651,0.8893671567343197,14.670000076293945
313,2024-04-29,2454.TW,1055.0,1055.0,1005.0,935.7650146484375,7963720.0,0,-34.63588552188435,1160.7375829633768,845.5795679155294,45.87063152178601,-87.72265551151636,2.2585215192520414,1019.8763387044271,995.70625,0.8893671567343197,14.670000076293945
314,2024-04-30,2330.TW,797.0,802.0,790.0,765.4236450195312,39051972.0,1,5.635386780348767,808.2937400291945,718.5813026954148,57.588217564032796,47.12250534332123,22.130860565471746,758.8998697916667,715.6354614257813,1.717623604675069,15.649999618530273
314,2024-04-30,2454.TW,1015.0,1030.0,992.0,914.560546875,5868406.0,1,-35.11901234382799,1150.6915883347233,837.8322031691831,44.14465111662343,-98.56844892804088,0.08205026014273539,1015.4817749023438,996.9508646647135,1.717623604675069,15.649999618530273
315,2024-05-02,2330.TW,789.0,789.0,772.0,747.9837036132812,40527228.0,3,4.432169811746007,808.2405790903986,718.8282380482733,54.66124620297338,-29.190542781138436,14.46041187122122,759.1582397460937,718.0240051269532,3.624004238945675,14.680000305175781
315,2024-05-02,2454.TW,990.0,1020.0,982.0,921.9359741210938,5401225.0,3,-34.508960673666024,1142.2969936019886,831.4758152359021,44.89077087617579,-93.85375347386467,1.8693889754027722,1010.2574686686198,997.9342631022135,3.624004238945675,14.680000305175781
316,2024-05-03,2330.TW,788.0,788.0,773.0,755.73486328125,29901556.0,4,4.057295524239748,807.8797482610878,718.2201907037559,55.69654882356144,-20.959396544489927,14.460411871221227,759.739579264323,720.3006388346354,4.124077186294876,13.489999771118164
316,2024-05-03,2454.TW,1040.0,1050.0,1030.0,958.8134155273438,6598170.0,4,-30.695945256742107,1131.3870654972109,830.8615429012266,48.45240294380331,-52.4098365430908,3.488420705173856,1006.8770345052084,999.4247253417968,4.124077186294876,13.489999771118164
317,2024-05-06,2330.TW,791.0,793.0,786.0,761.5481567382812,32599878.0,0,4.181092121482266,808.0459217363987,718.6353465741481,56.46778487384901,13.501715583039525,16.028148459998533,760.6438781738282,722.6420135498047,0.4808989340577027,13.489999771118164
317,2024-05-06,2454.TW,1060.0,1060.0,1035.0,954.2037353515625,4516638.0,0,-27.726452448303007,1120.1013538838306,830.6230479716382,48.050835101981306,-45.713528094121855,5.207591953847817,1003.9575724283854,1000.9459197998046,0.4808989340577027,13.489999771118164
318,2024-05-07,2330.TW,797.0,800.0,792.0,775.1126708984375,33890214.0,1,5.312505489665796,809.1111944742129,719.2171868734433,58.223240153284515,54.39192282250106,18.19941744365687,761.1606201171875,725.145171101888,1.0193486353418004,13.229999542236328
318,2024-05-07,2454.TW,1050.0,1055.0,1035.0,963.4231567382812,3178782.0,1,-24.34850335731437,1109.678755843283,831.3653176430452,48.92661381845986,-41.38538848986851,5.20759195384782,1001.0381123860677,1002.5900390625,1.0193486353418004,13.229999542236328
319,2024-05-08,2330.TW,794.0,802.0,792.0,777.0504150390625,21757193.0,2,6.292976971797202,806.5944459661083,720.086816240923,58.47072510551254,56.92339307319023,18.81983636474066,761.7096598307292,727.7770640055338,6.888624811852604,13.0
319,2024-05-08,2454.TW,1080.0,1100.0,1060.0,1009.52001953125,9985063.0,2,-17.747243609080215,1100.1408939482917,834.9106014130363,53.02292333727884,-2.9613617811167674,12.69668901358314,1000.1161804199219,1004.6183003743489,6.888624811852604,13.0
320,2024-05-09,2330.TW,798.0,802.0,796.0,771.2369995117188,21923999.0,3,6.525689549962522,804.0707962943407,720.7695662544875,57.41512708929116,50.65776416714551,18.819836364740667,762.2263977050782,730.5370900472005,0.3830842766727024,12.6899995803833
320,2024-05-09,2454.TW,1100.0,1125.0,1090.0,1009.52001953125,7792270.0,3,-12.373068665489086,1081.5658232482833,844.2663239685135,53.02292333727884,15.801720999437043,16.488552271675893,999.3479064941406,1006.6004638671875,0.3830842766727024,12.6899995803833
321,2024-05-10,2330.TW,803.0,807.0,798.0,777.0504150390625,25101318.0,4,7.097395634174745,801.04635138965,722.0499987080063,58.19586026337442,66.40466659541049,20.43434656674398,762.8723266601562,733.3940063476563,0.21687245755992146,12.550000190734863
321,2024-05-10,2454.TW,1105.0,1105.0,1080.0,1009.52001953125,4456276.0,4,-8.021529109507924,1058.6083301385452,857.5434948126268,53.02292333727884,7.616429927292357,14.431939819650749,998.2723205566406,1009.1357889811198,0.21687245755992146,12.550000190734863
322,2024-05-13,2330.TW,823.0,825.0,818.0,793.5216064453125,34812619.0,0,8.778372699672559,801.2569367221596,721.9362944790122,60.32768606579181,136.92775003287636,25.921049534813346,764.1641845703125,736.4129302978515,1.6022117357420556,13.600000381469727
322,2024-05-13,2454.TW,1115.0,1120.0,1100.0,1027.958740234375,4025166.0,0,-3.049894710611966,1041.9684488533608,868.1907979728112,54.63414896538949,27.669661372746656,16.713635060561238,996.7357645670573,1011.8862335205079,1.6022117357420556,13.600000381469727
323,2024-05-14,2330.TW,816.0,825.0,811.0,799.3348999023438,28691846.0,1,10.459077597130317,804.8318552992733,720.2022572495547,61.05283754192463,125.43042486344437,22.522067080512414,765.9727783203125,739.3519388834635,3.229040467022565,13.420000076293945
323,2024-05-14,2454.TW,1115.0,1160.0,1110.0,1064.836181640625,7534580.0,1,3.8218072777054886,1052.4768776200274,861.8310874678631,57.64007835196758,58.70713542133087,22.42034480557017,996.5821105957032,1015.2359364827474,3.229040467022565,13.420000076293945
324,2024-05-15,2330.TW,838.0,844.0,837.0,812.8994140625,39467772.0,2,12.738746921608367,812.9360244351152,717.0394394320723,62.69861610531204,189.35009210673988,27.980634708461405,768.0074523925781,741.6972930908203,1.22487938744964,12.449999809265137
324,2024-05-15,2454.TW,1170.0,1175.0,1145.0,1064.836181640625,5522444.0,2,9.162066017523557,1068.4765024476753,855.0508351988091,57.64007835196758,77.42119194974465,24.42907288826123,995.6601786295573,1018.0478434244792,1.22487938744964,12.449999809265137
325,2024-05-16,2330.TW,852.0,856.0,837.0,814.8372192382812,43927195.0,3,14.534224475642645,819.386227647187,714.1741300188286,62.93011342202178,187.20701564970233,31.149882926981103,770.3004943847657,744.2999684651693,2.4937261426556945,12.420000076293945
325,2024-05-16,2454.TW,1180.0,1210.0,1175.0,1097.1038818359375,10020318.0,3,15.815679962929948,1090.937219991701,845.4972221469706,60.114740304177104,109.78600158550273,28.874357294625913,996.5821146647136,1021.428276570638,2.4937261426556945,12.420000076293945
326,2024-05-17,2330.TW,848.0,848.0,834.0,809.02392578125,26207289.0,4,15.311566961858034,823.9794941443574,712.5844279747832,61.74098176762367,149.95030249553974,29.674096668831744,771.753837076823,746.8861206054687,1.5859109711590986,11.989999771118164
326,2024-05-17,2454.TW,1180.0,1185.0,1165.0,1074.055419921875,6360397.0,4,19.00976595024622,1105.04828843841,841.988412001043,57.627115890655475,89.4736381920466,26.67203556504973,996.5821146647136,1024.5321278889974,1.5859109711590986,11.989999771118164
327,2024-05-20,2330.TW,834.0,838.0,822.0,809.02392578125,28808661.0,0,15.746105183686154,827.3151738537642,717.4843317614702,61.74098176762367,113.9595490630651,23.904748437600094,773.5301391601563,749.3276133219401,1.295652375416971,12.149999618530273
327,2024-05-20,2454.TW,1165.0,1195.0,1165.0,1097.1038818359375,6031212.0,0,23.1342432046564,1122.095877794271,843.1029686412758,59.36656078339707,98.8623807705341,27.945822163424882,997.5040506998698,1027.728173828125,1.295652375416971,12.149999618530273
328,2024-05-21,2330.TW,830.0,841.0,830.0,814.8372192382812,19705349.0,1,16.37085107275516,829.1169275625203,725.2746068613077,62.49930995366905,122.26002391892747,24.770365363908763,775.4033284505208,751.9624338785808,1.1619638862276431,11.859999656677246
328,2024-05-21,2454.TW,1180.0,1190.0,1165.0,1083.27490234375,3369008.0,1,24.99886669857733,1131.589299972522,852.878015701306,57.89150339406932,90.93737041282368,27.94582216342489,998.2723327636719,1030.7091013590496,1.1619638862276431,11.859999656677246
329,2024-05-22,2330.TW,845.0,865.0,843.0,837.1216430664062,36628342.0,2,18.451436777555386,836.1350230541588,728.9143055591225,65.2320882705727,169.85339264392965,31.243235018369873,776.8566630045573,754.7918568929036,2.711059564496595,12.289999961853027
329,2024-05-22,2454.TW,1190.0,1190.0,1160.0,1092.494140625,4429872.0,2,26.91030449318282,1140.5643237591426,863.5402294635137,58.60089515828463,91.03412987698488,26.76753375489848,999.0406107584636,1033.321253458659,2.711059564496595,12.289999961853027
330,2024-05-23,2330.TW,875.0,877.0,867.0,847.7794189453125,37266618.0,3,20.721445456520428,846.7043150944622,727.2588013606158,66.44198912855356,191.7357342635381,34.17282206762795,778.794443766276,757.7185445149739,0.6829194811424687,12.770000457763672
330,2024-05-23,2454.TW,1195.0,1210.0,1185.0,1110.932861328125,6200782.0,3,29.572094679014526,1153.4594742101935,868.6228316980096,59.99529238234022,111.64303449859909,29.45578675044803,999.3479227701823,1034.934642537435,0.6829194811424687,12.770000457763672
331,2024-05-24,2330.TW,858.0,872.0,858.0,840.0283813476562,34136382.0,4,21.645484066652557,852.1710038176399,731.5779158600945,64.74684623036939,154.29499431000957,29.879283422006036,780.3123718261719,760.4999755859375,0.6393541429719868,11.930000305175781
331,2024-05-24,2454.TW,1190.0,1205.0,1190.0,1101.7135009765625,3253977.0,4,30.585091352933887,1159.5087743386684,882.3029566183628,58.967974075536155,109.3075620510977,29.45578675044803,999.1942647298177,1036.1638885498046,0.6393541429719868,11.930000305175781
332,2024-05-27,2330.TW,872.0,878.0,866.0,841.9661254882812,26726954.0,0,22.277351637754236,858.0799385949193,734.0983389929712,64.97792783410587,151.74851819874704,31.39336385028788,781.959482828776,763.3137023925781,17.043119066100438,11.930000305175781
332,2024-05-27,2454.TW,1250.0,1310.0,1235.0,1184.687744140625,14370057.0,0,37.64922961075058,1183.0848422456772,884.5410915922132,64.6099899679549,175.9243140794979,41.51725192175693,1002.4210388183594,1038.7760386149089,17.043119066100438,11.930000305175781
333,2024-05-28,2330.TW,867.0,873.0,865.0,838.0905151367188,25329216.0,1,22.209366126810664,862.9268435185661,736.0336728388559,64.10846759703013,127.99411233032646,30.906021413928407,783.8649637858073,766.1914204915364,1.385756568583318,12.920000076293945
333,2024-05-28,2454.TW,1300.0,1320.0,1285.0,1207.7362060546875,10026387.0,1,44.59338355959926,1208.184276436236,886.6387765422796,65.95518194469396,180.71048808071737,42.48607754867306,1008.5672790527344,1041.3881927490233,1.385756568583318,12.920000076293945
334,2024-05-29,2330.TW,861.0,868.0,856.0,830.33935546875,33436835.0,2,21.284676808523955,865.4748447736208,739.9772426287229,62.38147939573351,102.11729907146398,26.536417229419197,786.0934122721354,768.9560251871745,1.0372950305606619,14.279999732971191
334,2024-05-29,2454.TW,1310.0,1315.0,1275.0,1189.2974853515625,7857214.0,2,48.05487820920075,1221.073118620471,901.2236282057007,63.943712123394945,152.20270611495715,40.085399202513386,1015.7891133626302,1044.2308298746746,1.0372950305606619,14.279999732971191
335,2024-05-30,2330.TW,841.0,848.0,838.0,811.9305419921875,38065102.0,3,18.84913536378326,863.2061491794059,748.6406220608285,58.50908442220476,58.12956940814479,18.36215455166229,787.1914876302084,770.8351837158203,2.659836122050255,14.470000267028809
335,2024-05-30,2454.TW,1255.0,1300.0,1250.0,1189.2974853515625,8407440.0,3,50.21924150208815,1230.0823994538625,918.9504984953562,63.943712123394945,128.02932393544242,34.23622520508502,1023.1646016438802,1046.3820139567058,2.659836122050255,14.470000267028809
336,2024-05-31,2330.TW,838.0,846.0,821.0,795.45947265625,77438401.0,4,15.412211203775541,860.4211681515596,755.3980640261748,55.329987250013815,31.59370821365005,11.33522925234582,787.74052734375,772.3594594319661,5.642032575760837,12.920000076293945
336,2024-05-31,2454.TW,1315.0,1315.0,1225.0,1138.5909423828125,14212589.0,4,47.29770228960274,1231.5138487589627,935.496801875803,58.67730435533814,103.33641510651097,28.678084794595836,1028.849871826172,1047.6112599690755,5.642032575760837,12.920000076293945
337,2024-06-03,2330.TW,839.0,853.0,837.0,819.681640625,28345488.0,0,14.476079335697477,858.7596126902614,762.8729678761448,58.74049460885362,59.92573867619156,13.522133738715848,790.8409790039062,774.2070719401041,3.602827529859463,13.109999656677246
337,2024-06-03,2454.TW,1265.0,1270.0,1240.0,1170.858642578125,6293578.0,0,47.04380346587777,1233.9772430830817,954.6988982743401,60.80251558222929,96.71500750648083,28.678084794595843,1037.362412516276,1048.8405059814454,3.602827529859463,13.109999656677246
338,2024-06-04,2330.TW,844.0,851.0,837.0,812.8994140625,28223635.0,1,13.036640803465389,857.6063819675696,767.8048729152429,57.46955965845672,49.98836072327469,13.52213373871584,793.9737284342448,775.5398183186849,1.778689340359708,13.15999984741211
338,2024-06-04,2454.TW,1260.0,1270.0,1220.0,1143.2005615234375,6985162.0,1,44.1024255173993,1230.0288706896724,976.6250111462651,58.15068613409383,79.96934522810848,24.27281590101448,1045.7827575683593,1048.9941619873048,1.778689340359708,13.15999984741211
339,2024-06-05,2330.TW,841.0,857.0,835.0,827.4326782226562,31975446.0,2,12.919658572425533,857.2649283334569,773.1845528677151,59.41605819357021,59.9921679652762,15.435363941630268,797.2033610026042,776.7290303548177,2.1042298222881115,12.630000114440918
339,2024-06-05,2454.TW,1240.0,1245.0,1220.0,1133.981201171875,5828522.0,2,40.55988783151929,1228.862915586476,990.2370844135239,57.28910128595709,67.37153161522778,24.272815901014482,1053.711405436198,1048.9941619873048,2.1042298222881115,12.630000114440918
340,2024-06-06,2330.TW,893.0,899.0,885.0,866.1883544921875,62925136.0,3,15.772394149967454,862.5389697818939,777.4056469173249,63.96559298508813,153.26685708333775,27.11250633975737,800.7882548014323,778.8534871419271,9.4115625889987,12.579999923706055
340,2024-06-06,2454.TW,1255.0,1300.0,1235.0,1189.2974853515625,9895619.0,3,41.73486943289345,1233.1151027893598,1003.9626437926713,60.88617215957303,94.63387093419496,31.204040526419323,1062.316143798828,1049.9929270426433,9.4115625889987,12.579999923706055
341,2024-06-07,2330.TW,885.0,888.0,879.0,851.6549682617188,41075399.0,4,16.668342562424186,863.4115650960052,783.9935069254791,61.29979909836738,123.01315851610003,24.570433533219056,804.4377421061198,780.6714284261068,1.4547745155821012,12.220000267028809
341,2024-06-07,2454.TW,1290.0,1290.0,1270.0,1175.4683837890625,4931241.0,4,41.076651822914755,1231.8030024667873,1021.8695805410254,59.58828950619542,93.33107650258744,31.20404052641932,1071.3511149088542,1050.9148610432942,1.4547745155821012,12.220000267028809
342,2024-06-11,2330.TW,892.0,895.0,883.0,855.5305786132812,48228488.0,1,17.489509323162792,866.272395457774,787.3335737805072,61.73967016447362,127.67639414704003,26.348113684992136,807.6996765136719,782.4093068440756,0.2302075507513676,12.850000381469727
342,2024-06-11,2454.TW,1270.0,1280.0,1250.0,1170.858642578125,5557895.0,1,39.72511562934869,1229.6514740181408,1038.3110992240465,59.15347616252811,80.30514357566427,26.691516571783886,1079.4948791503907,1051.7599660237631,0.2302075507513676,12.850000381469727
343,2024-06-12,2330.TW,888.0,914.0,888.0,880.7217407226562,48106925.0,2,19.943114340173906,874.932713572385,786.8119397479275,64.45615877679212,157.520986639234,30.91948398703566,811.3814636230469,784.486669921875,3.0964385148916618,12.039999961853027
343,2024-06-12,2454.TW,1270.0,1310.0,1265.0,1198.516845703125,7741796.0,2,40.419864266812056,1234.6597143265617,1046.670925321876,60.923301787232035,96.59946810623575,30.405676857527432,1088.2532735188802,1054.0648061116538,3.0964385148916618,12.039999961853027
344,2024-06-13,2330.TW,923.0,935.0,911.0,893.8521118164062,55857091.0,3,22.685619505248724,886.294786097103,783.5451369986001,65.76672706837641,187.14192691325928,35.49701496655803,815.662412516276,787.2811411539714,9.94019797816504,11.9399995803833
344,2024-06-13,2454.TW,1340.0,1400.0,1325.0,1276.8814697265625,13075007.0,3,46.754866804946914,1256.421722246974,1046.1134462100574,65.32671746104116,154.6160832309058,39.86157844049693,1100.3306376139324,1057.9062062581381,9.94019797816504,11.9399995803833
345,2024-06-14,2330.TW,916.0,922.0,905.0,896.77001953125,38408123.0,4,24.808547876730017,896.367752211536,781.665450913464,66.05446410987909,160.43316193472924,32.894237246352155,820.6219563802083,789.8900980631511,0.04041104207812218,12.65999984741211
345,2024-06-14,2454.TW,1395.0,1395.0,1365.0,1286.100830078125,5947681.0,4,51.920816436315135,1278.5781172278225,1042.8567460534273,65.79580637803211,156.57381254549273,39.86157844049692,1112.4694661458334,1061.3634674072266,0.04041104207812218,12.65999984741211
346,2024-06-17,2330.TW,913.0,925.0,913.0,895.7974243164062,26292426.0,0,26.111506408453238,904.1768499010174,782.5337030774982,65.86357704602106,153.51100280452198,33.55442381693962,825.2907084147135,792.5151438395183,0.4688184152393639,12.75
346,2024-06-17,2454.TW,1375.0,1390.0,1365.0,1272.271728515625,4297102.0,0,54.2733464623318,1291.1119147646766,1050.1445793759483,64.44294888427874,140.61033755959002,39.86157844049693,1122.918076578776,1064.8975555419922,0.4688184152393639,12.75
347,2024-06-18,2330.TW,944.0,950.0,940.0,917.1954345703125,37876013.0,1,28.541739621268334,915.665471060488,781.8622327969338,67.9702284860803,188.09817319428115,38.74913168277724,830.4789510091146,795.5614145914714,1.8880388137029913,12.300000190734863
347,2024-06-18,2454.TW,1375.0,1405.0,1375.0,1295.320068359375,7677930.0,1,57.3366110974564,1307.9672426062941,1053.1108701866744,65.66030924727991,145.7522234020101,41.332353691226885,1134.2886210123697,1069.1230967203776,1.8880388137029913,12.300000190734863
348,2024-06-19,2330.TW,953.0,984.0,953.0,954.1554565429688,72228052.0,2,33.068884322896,935.5269697954561,775.9325577924344,71.15136316768836,218.6561812242772,44.81859104329096,836.4470438639323,798.8038319905598,8.721366182311156,12.300000190734863
348,2024-06-19,2454.TW,1425.0,1485.0,1420.0,1369.0750732421875,11552021.0,2,64.96678621706883,1339.2929774947893,1050.365152388023,69.15604492462224,191.50403369718535,48.30736538844962,1147.8103515625,1074.4242319742839,8.721366182311156,12.300000190734863
349,2024-06-20,2330.TW,971.0,981.0,971.0,954.1554565429688,48225374.0,3,36.23893918231465,952.0801675357933,771.0827413997537,71.15136316768834,202.3962977737955,44.818591043290965,842.3505452473959,802.0301025390625,0.21443970535105977,13.279999732971191
349,2024-06-20,2454.TW,1485.0,1500.0,1460.0,1382.9039306640625,6213796.0,3,71.30763812828468,1368.1705266219492,1050.5285822647697,69.75327089342524,195.4465245382127,49.472559033727244,1160.2564819335937,1080.186331176758,0.21443970535105977,13.279999732971191
350,2024-06-21,2330.TW,961.0,978.0,960.0,943.4564819335938,88376132.0,4,37.45614157704074,963.652619482025,769.0779957523499,69.02759357234386,166.75272241908803,40.0149296540865,848.0911946614583,805.1587961832682,0.7286554222289875,13.199999809265137
350,2024-06-21,2454.TW,1470.0,1495.0,1445.0,1373.6846923828125,10724486.0,4,74.72748157898718,1390.248095319221,1054.7261966729664,68.83408330284189,172.64954209330332,46.06656783394873,1172.3953043619792,1085.8716054280599,0.7286554222289875,13.199999809265137
351,2024-06-24,2330.TW,958.0,960.0,940.0,914.277587890625,66391994.0,0,35.65527849738157,968.789688697308,771.365847191364,63.66613918858247,116.00371213798942,31.792514872389372,852.6654337565104,807.7688802083334,8.35722312924958,13.329999923706055
351,2024-06-24,2454.TW,1455.0,1465.0,1405.0,1299.9295654296875,9093868.0,0,70.6716510033259,1393.4009378445555,1071.3949605929445,62.06532452192109,122.99642491668152,37.42785928214577,1182.0756225585938,1090.1739715576173,8.35722312924958,13.329999923706055
352,2024-06-25,2330.TW,925.0,945.0,923.0,919.1406860351562,57368432.0,1,34.22595737815311,974.0451900777932,773.8278018655662,64.14627230512787,92.41314457483172,25.321210907230313,856.8527364095052,810.5084604899089,1.512811127803743,12.84000015258789
352,2024-06-25,2454.TW,1370.0,1400.0,1365.0,1276.8814697265625,9382535.0,1,64.85003649618443,1397.537584775857,1076.4776862202368,60.153139578319156,79.6397659670087,29.504555624289097,1190.373046875,1093.5544057210286,1.512811127803743,12.84000015258789
353,2024-06-26,2330.TW,951.0,960.0,951.0,933.730224609375,44967166.0,2,33.87991732908506,980.7363575467987,776.7006053438263,65.5587474994632,114.00579095437527,28.524695665831867,861.3325805664062,813.6526794433594,0.7408734562202994,12.550000190734863
353,2024-06-26,2454.TW,1395.0,1430.0,1395.0,1295.320068359375,4993229.0,2,61.02079611518525,1403.3269302880974,1079.4467269384652,61.14387228556885,93.39591384255954,32.52292434633014,1198.0558430989583,1097.3189768473308,0.7408734562202994,12.550000190734863
354,2024-06-27,2330.TW,951.0,961.0,949.0,933.730224609375,39729446.0,3,33.22270740654926,986.0618622424752,781.7141875622124,65.5587474994632,103.90356651966891,27.768712877363917,865.360274251302,816.6838633219401,0.24136931252248117,12.239999771118164
354,2024-06-27,2454.TW,1380.0,1410.0,1380.0,1286.100830078125,4724876.0,3,56.58984750803347,1407.3966229919367,1085.0573687072822,60.36752480609711,74.26082866026816,29.651599173763444,1205.4313313802083,1100.5457550048827,0.24136931252248117,12.239999771118164
355,2024-06-28,2330.TW,956.0,971.0,955.0,939.5659790039062,39138210.0,4,32.794723260461296,989.4190270888206,791.1205664170387,66.12991664908398,105.77131694432902,29.901403730165644,869.517899576823,819.9091969807943,0.07590182728614246,12.4399995803833
355,2024-06-28,2454.TW,1400.0,1405.0,1375.0,1290.71044921875,6843642.0,4,52.84112693520888,1411.302848158181,1091.2924399277567,60.626110673357516,66.83950775483852,28.69012286997294,1211.884883626302,1104.2334991455077,0.07590182728614246,12.4399995803833
356,2024-07-01,2330.TW,968.0,977.0,965.0,941.51123046875,19935737.0,0,32.240855761314606,988.4920577944678,806.6527114926415,66.32250392997453,106.0409078387701,31.16293895006357,873.9341430664062,822.8439900716146,0.166458379425286,12.220000267028809
356,2024-07-01,2454.TW,1405.0,1440.0,1405.0,1304.539306640625,5023006.0,0,50.40507378006464,1412.0230203494937,1107.167104162225,61.40755914762141,81.9288333676371,32.32436885150632,1219.5676798502604,1108.074897257487,0.166458379425286,12.220000267028809
357,2024-07-02,2330.TW,967.0,971.0,959.0,933.730224609375,25427569.0,1,30.818789808685324,987.6990626662196,818.8505650193274,64.7979052113222,89.62933889523171,28.76568817041627,878.0910196940105,825.8105794270833,0.4230664607670781,12.029999732971191
357,2024-07-02,2454.TW,1410.0,1415.0,1390.0,1299.9295654296875,5090265.0,1,47.55433968692773,1413.506075060661,1118.5911417362138,60.990146875534045,64.47097283953872,29.40057131348968,1226.3285359700521,1111.916293334961,0.4230664607670781,12.029999732971191
358,2024-07-03,2330.TW,976.0,979.0,967.0,952.210205078125,24070411.0,2,30.827610768561954,985.7902536755015,834.6904531116078,66.67978325976736,99.74945050495447,30.517312350272434,882.6701192220052,829.036723836263,2.1110346827842976,12.09000015258789
358,2024-07-03,2454.TW,1430.0,1430.0,1390.0,1295.320068359375,6361645.0,2,44.411219594822114,1409.6814810671472,1137.6276864133215,60.56429331044959,62.797583502114186,30.97824335682643,1233.396708170573,1115.8345204671225,2.1110346827842976,12.09000015258789
359,2024-07-04,2330.TW,1000.0,1010.0,997.0,977.498779296875,41893299.0,3,32.500532133280444,988.3091686720654,847.1781482224658,69.02398311082578,132.3328175481413,36.75172242726378,887.3493570963542,832.1030100504557,3.220545732236867,12.09000015258789
359,2024-07-04,2454.TW,1380.0,1400.0,1375.0,1295.7020263671875,7642964.0,3,41.47301993815654,1401.0019563129435,1162.4792936870563,60.58788264601801,45.96293106068782,28.018783216318138,1240.170304361979,1119.6054575602213,3.220545732236867,12.09000015258789
360,2024-07-05,2330.TW,1005.0,1010.0,1000.0,977.498779296875,19998094.0,4,33.44084907562922,994.3107481304442,852.3076112445558,69.02398311082578,124.14548798701315,36.75172242726377,891.6733357747396,835.2338897705079,1.1842772167864202,12.479999542236328
360,2024-07-05,2454.TW,1380.0,1385.0,1335.0,1272.143798828125,6406820.0,4,36.81909584576647,1397.1093090618328,1174.6565722858236,58.36049751777475,18.251146293693388,20.50741433210371,1245.5440022786458,1122.445962524414,1.1842772167864202,12.479999542236328
361,2024-07-08,2330.TW,1005.0,1050.0,1000.0,1006.6777954101562,40146763.0,0,36.12414313265106,1002.9669917728177,859.1536503170262,71.49984729005389,144.7835945150832,43.72417312824357,897.2283162434895,838.7703440348307,5.89639810124136,12.369999885559082
361,2024-07-08,2454.TW,1340.0,1420.0,1335.0,1338.1068115234375,7726110.0,0,38.0152748961284,1394.5158118056133,1193.5139123154804,62.36778457487397,47.65291534099546,24.516354476555087,1253.423779296875,1126.3090220133463,5.89639810124136,12.369999885559082
362,2024-07-09,2330.TW,1030.0,1055.0,1025.0,1011.541015625,46373121.0,1,38.202717090388774,1010.1137527714967,867.607933019519,71.88726625112693,147.75426635576204,44.51511525506341,902.8808125813802,842.4201477050781,1.6124150510034203,12.510000228881836
362,2024-07-09,2454.TW,1450.0,1460.0,1415.0,1375.7999267578125,9654123.0,1,41.52608790418208,1392.993799360569,1215.5300531784933,64.39341429151824,97.52134398201937,28.763717665481618,1259.7941853841146,1131.107612101237,1.6124150510034203,12.510000228881836
363,2024-07-10,2330.TW,1020.0,1050.0,1015.0,1016.4041748046875,46206302.0,2,39.783815173144944,1019.3841472335398,871.9057819656789,72.27710948514377,133.64780794439986,40.431538447633365,908.8246012369792,846.3447825113932,1.4048207201316245,12.850000381469727
363,2024-07-10,2454.TW,1455.0,1460.0,1410.0,1352.24169921875,5443505.0,2,41.92420429878234,1387.8107319398864,1236.0856059507387,62.227764106267195,83.39704549949678,27.833585267932236,1264.61103515625,1136.5891571044922,1.4048207201316245,12.850000381469727
364,2024-07-11,2330.TW,1065.0,1080.0,1055.0,1050.446533203125,41724336.0,3,43.284820150982796,1036.7026504221756,870.2467209157151,74.80694437983962,167.1273044090691,45.23419410315429,916.1615071614583,851.1274597167969,6.760143393366304,12.920000076293945
364,2024-07-11,2454.TW,1435.0,1460.0,1415.0,1338.1068115234375,5250273.0,3,40.630780754199805,1389.8482583106609,1240.1706137596518,60.955340773153644,76.89873794883113,27.833585267932236,1269.5713460286458,1142.680229695638,6.760143393366304,12.920000076293945
365,2024-07-12,2330.TW,1030.0,1045.0,1025.0,1011.541015625,68983062.0,4,42.430924413417415,1041.8034190258454,876.6230519214203,67.52218864207148,116.5484542807678,34.053554318198294,922.8151896158854,855.0033386230468,7.218180306774054,12.460000038146973
365,2024-07-12,2454.TW,1365.0,1385.0,1350.0,1281.5670166015625,6871306.0,4,34.644088857935685,1390.0166884483322,1239.548802274324,56.20012899411988,2.354612629354388,16.16015939879069,1272.6469970703124,1147.9057993570964,7.218180306774054,12.460000038146973
366,2024-07-15,2330.TW,1040.0,1045.0,1025.0,1011.541015625,38393309.0,0,41.27837448326295,1045.062509382383,884.938320695742,67.52218864207148,111.72448651931147,34.053554318198294,930.0179077148438,858.8792175292969,0.10055697485078903,13.119999885559082
366,2024-07-15,2454.TW,1370.0,1380.0,1350.0,1276.85546875,3536752.0,0,29.18300633158765,1389.726738399779,1240.2971263463148,55.82470916873922,-6.143780392854011,16.16015939879069,1277.2558146158854,1153.0528432210288,0.10055697485078903,13.119999885559082
367,2024-07-16,2330.TW,1040.0,1070.0,1035.0,1026.130615234375,32125609.0,1,41.06881340160146,1051.6298161818872,889.2645319626439,68.74367787310403,127.95334091052875,38.29015470715033,936.8995402018229,863.8702596028646,1.4221267812979288,13.1899995803833
367,2024-07-16,2454.TW,1355.0,1365.0,1325.0,1267.4320068359375,5001135.0,1,23.820081392369048,1390.8773482881275,1236.3577103056227,55.06365588590566,-33.288818944331915,11.95231562827335,1280.4749267578125,1158.9186696370443,1.4221267812979288,13.1899995803833
368,2024-07-17,2330.TW,1035.0,1045.0,1020.0,1001.814697265625,54022399.0,2,38.49687535548162,1054.7933921178521,890.8668800989446,64.55747767246478,92.60083856259456,32.987287596405956,943.1967163085938,868.5852223714193,2.5333398590455185,14.479999542236328
368,2024-07-17,2454.TW,1335.0,1345.0,1305.0,1248.5855712890625,5978911.0,2,17.843486295027787,1385.4334558628698,1229.752652535568,53.55317302069713,-69.0699204300884,8.693795517495289,1283.9877604166666,1164.885258992513,2.5333398590455185,14.479999542236328
369,2024-07-18,2330.TW,988.0,1005.0,986.0,977.498779296875,81990095.0,3,34.103382001551154,1055.5044086601051,892.4901958320825,60.73164864372643,39.521840593095604,22.01624150991329,948.1989196777344,872.7011403401692,3.8188083099716854,15.930000305175781
369,2024-07-18,2454.TW,1270.0,1290.0,1250.0,1206.1807861328125,9831726.0,3,9.574906291257093,1380.6194584725931,1216.8943354727194,50.339034828376874,-152.602423995258,0.3819245404069959,1286.394413248698,1170.052909342448,3.8188083099716854,15.930000305175781
370,2024-07-19,2330.TW,988.0,995.0,970.0,943.4564819335938,92507621.0,4,27.55691896306496,1055.5044086601051,892.4901958320825,55.931171884415676,3.853100459104593,17.305173229447124,950.7745239257813,875.7813893636068,5.13636309575208,16.520000457763672
370,2024-07-19,2454.TW,1260.0,1285.0,1260.0,1187.3341064453125,5871057.0,4,1.484119517890349,1377.5739081450738,1201.3048272064889,48.98725584932863,-160.19848666441783,0.381924540407005,1286.3289672851563,1174.3225555419922,5.13636309575208,16.520000457763672
371,2024-07-22,2330.TW,964.0,965.0,938.0,913.3048095703125,83062356.0,0,19.708623129425177,1055.6068429900376,892.2904836701186,52.153951533939235,-53.09164120179393,8.627657263364258,952.8295186360677,878.6336303710938,4.442275956375847,14.90999984741211
371,2024-07-22,2454.TW,1255.0,1260.0,1195.0,1154.3526611328125,7245311.0,0,-7.502727517713993,1388.7589366835757,1175.5621082382993,46.71620703352202,-213.1526624747664,8.47031555805452,1285.6251098632813,1178.4881123860678,4.442275956375847,14.90999984741211
372,2024-07-23,2330.TW,963.0,979.0,956.0,952.210205078125,47213266.0,1,16.438638022444707,1053.8557667254,897.3485118390531,56.11036822520434,-17.92702063013956,11.58766226187992,956.0521728515625,881.8759246826172,6.222466297538518,14.720000267028809
372,2024-07-23,2454.TW,1255.0,1275.0,1240.0,1201.4691162109375,6430338.0,1,-10.699625758549473,1390.9432255637776,1165.8365840065348,50.132735797695375,-161.1945861724167,6.233852356464551,1286.645458984375,1183.0701690673827,6.222466297538518,14.720000267028809
373,2024-07-26,2330.TW,915.0,930.0,915.0,898.7152709960938,82081735.0,4,9.42194682356751,1057.4346616673417,890.2681215357832,50.20521878851261,-108.42439471211289,1.6149273899661507,956.6519571940104,884.0167104085286,12.118865460180693,16.389999389648438
373,2024-07-26,2454.TW,1190.0,1255.0,1185.0,1173.1993408203125,10242503.0,4,-15.337523833001796,1393.858569975646,1150.70916684076,48.213911018209984,-200.2685419583829,13.035113854729408,1285.8015421549478,1187.027407836914,12.118865460180693,16.389999389648438
374,2024-07-29,2330.TW,942.0,948.0,936.0,918.1680297851562,40809258.0,0,5.368953601653288,1058.4986497956647,887.6479139250386,52.101494735320166,-74.51920100095572,5.452529239591974,957.4624877929688,886.5624501546224,2.306451244513015,16.600000381469727
374,2024-07-29,2454.TW,1265.0,1280.0,1230.0,1168.4876708984375,5100068.0,0,-19.172277773044243,1396.2598420962195,1136.546578802218,47.89782487173193,-150.21582861530536,9.306976892887722,1282.1884155273438,1191.259526570638,2.306451244513015,16.600000381469727
375,2024-07-30,2330.TW,930.0,949.0,926.0,914.277587890625,41761392.0,1,1.8219982641038541,1060.0254775329938,883.5922470763812,51.69420770578371,-85.29038495276482,3.1404095734569184,958.046073404948,889.3340148925781,0.6295256099239964,17.690000534057617
375,2024-07-30,2454.TW,1230.0,1255.0,1210.0,1182.62255859375,4423237.0,1,-20.830657735866907,1395.5094250723073,1126.4882067636304,48.93674545842206,-143.9314260082634,11.716716975499926,1278.739139811198,1195.6043029785155,0.6295256099239964,17.690000534057617
376,2024-07-31,2330.TW,929.0,940.0,928.0,908.4417724609375,39894991.0,2,-1.4432539949096963,1061.930945534013,878.3798332745807,51.07465013447619,-95.34893169295917,3.140409573456921,958.4675516764323,891.8791300455729,2.06362299292325,16.360000610351562
376,2024-07-31,2454.TW,1230.0,1235.0,1200.0,1149.64111328125,7379704.0,2,-24.5235703500623,1394.8592399069425,1111.6485725930575,46.68952079712658,-147.8104821559137,12.91356796122983,1274.6514526367187,1198.7847646077473,2.06362299292325,16.360000610351562
377,2024-08-01,2330.TW,969.0,969.0,948.0,933.730224609375,47382270.0,3,-1.9677403057158926,1061.930945534013,878.3798332745807,53.569187564933806,-48.86082975050787,9.311342041921852,959.018711344401,894.7488311767578,9.65071813201318,18.59000015258789
377,2024-08-01,2454.TW,1215.0,1235.0,1180.0,1111.9478759765625,12041919.0,3,-30.14427499973317,1396.9074485872734,1090.802194967414,44.285228258617856,-147.93285188771952,15.289596270868413,1268.5390462239584,1201.413833618164,9.65071813201318,18.59000015258789
378,2024-08-02,2330.TW,918.0,928.0,903.0,878.2899169921875,76144485.0,4,-6.778826879874714,1066.8293225575267,866.0894274424734,48.01684393529895,-131.39768449251181,0.8306529533449313,956.4898600260417,896.468451944987,17.031578952983235,23.389999389648438
378,2024-08-02,2454.TW,1130.0,1140.0,1090.0,1027.1383056640625,13774887.0,4,-40.969872285801785,1409.3256169410488,1051.5658503441073,39.54534210973232,-203.39757777794347,24.836135951346737,1257.1411539713542,1202.4757527669271,17.031578952983235,23.389999389648438
379,2024-08-05,2330.TW,852.0,857.0,813.0,792.6980590820312,144057989.0,0,-17.29878563160719,1083.8897870221429,830.5488909563729,41.19723562996222,-250.22900462196728,16.801468039197644,951.1079467773437,896.7292460123698,33.10985684031958,38.56999969482422
379,2024-08-05,2454.TW,995.0,1020.0,981.0,933.8477783203125,22181134.0,0,-56.42655185887929,1431.9965595385006,992.709482941968,35.251883409274,-251.56030584930016,34.135774425693796,1242.1726155598958,1201.2145487467449,33.10985684031958,38.56999969482422
380,2024-08-06,2330.TW,868.0,895.0,840.0,855.9193115234375,102930842.0,1,-20.300490605513005,1085.1686602874902,817.1120709136818,46.95392712322256,-161.2945270855619,9.125383410295703,948.1900410970052,898.1406178792317,19.525256019464802,27.709999084472656
380,2024-08-06,2454.TW,1090.0,1090.0,1035.0,1013.0032958984375,16439278.0,1,-61.579048106667415,1434.236719047669,964.5552731398309,40.885329322282985,-175.01039229989198,23.947740546220437,1230.14990234375,1201.2726033528645,19.525256019464802,27.709999084472656
381,2024-08-07,2330.TW,901.0,920.0,893.0,894.8248291015625,59158704.0,2,-19.317335087606352,1079.152399031794,811.9430355385186,50.06595392974709,-95.10867216013291,4.45347814610189,947.5416158040365,900.1035247802735,8.590277913305913,27.850000381469727
381,2024-08-07,2454.TW,1090.0,1150.0,1080.0,1083.6781005859375,10529284.0,2,-59.27627244987366,1417.4063606841723,955.9427604095775,45.28256178897724,-120.32728543230628,16.126872532544713,1222.9415201822917,1202.5085713704427,8.590277913305913,27.850000381469727
382,2024-08-08,2330.TW,901.0,905.0,887.0,871.4815673828125,38236391.0,3,-20.189056513105243,1072.2674342523314,804.8220554937623,48.306924603395,-112.79544639795914,5.458384890382518,945.952978515625,901.4028574625651,2.493625350984803,23.790000915527344
382,2024-08-08,2454.TW,1120.0,1140.0,1100.0,1050.696533203125,8053732.0,3,-59.427598635915956,1390.6171660981988,950.2216156400825,43.71283853936716,-114.7983730250515,16.126872532544695,1215.4020222981771,1202.8875345865886,2.493625350984803,23.790000915527344
383,2024-08-09,2330.TW,927.0,934.0,922.0,908.4417724609375,49494621.0,4,-17.693561993938374,1062.2729626972305,804.0202868144884,51.11985606537648,-59.49606659513772,0.18968001246961472,945.110030110677,903.2213053385417,5.551978624440826,20.3700008392334
383,2024-08-09,2454.TW,1150.0,1155.0,1120.0,1060.119873046875,6961644.0,4,-58.11720202905849,1363.6357996225606,947.9907994985333,44.283700606328495,-97.36016416198377,14.199057404696585,1207.5620157877604,1202.8089294433594,5.551978624440826,20.3700008392334
384,2024-08-12,2330.TW,942.0,948.0,931.0,914.277587890625,38331663.0,0,-15.071231302263413,1043.2000626010167,809.4762923794519,51.55048837993771,-43.89261233357741,2.2492325309551466,944.4616088867188,904.9109415690104,3.9902251001075855,20.709999084472656
384,2024-08-12,2454.TW,1145.0,1175.0,1140.0,1107.236328125,4578908.0,0,-52.66965611113983,1334.3485116647644,954.1910391164855,47.06079270314205,-73.33323230285973,11.642680400862453,1201.5998657226562,1203.5155985514323,3.9902251001075855,20.709999084472656
385,2024-08-13,2330.TW,945.0,945.0,937.0,915.2501220703125,25764381.0,1,-12.767365711235243,1031.3264709006557,811.7207947243443,51.62396192922169,-40.16930182397213,2.2492325309551418,943.6510803222657,906.5844899495443,0.558773640785203,18.1200008392334
385,2024-08-13,2454.TW,1180.0,1185.0,1150.0,1093.101318359375,3784683.0,1,-48.92899093041433,1314.6761531579257,955.0168277991053,46.34391105469505,-67.72117664515498,10.364811590362915,1195.0128946940104,1203.4488891601563,0.558773640785203,18.1200008392334
386,2024-08-14,2330.TW,951.0,955.0,945.0,922.0585327148438,36780856.0,2,-10.273724690082645,1018.3733268468833,815.7256904871011,52.14948568370329,-26.928264319408434,4.034917959075449,943.0026570638021,908.4684000651042,0.6848031920001099,16.190000534057617
386,2024-08-14,2454.TW,1175.0,1190.0,1170.0,1116.6595458984375,4435983.0,2,-43.56138620245156,1293.8475287532476,959.8258599186272,47.71706102956681,-53.25590666731843,9.715256040828764,1188.7502360026042,1204.1589579264323,0.6848031920001099,16.190000534057617
387,2024-08-15,2330.TW,945.0,950.0,941.0,917.1954345703125,19476402.0,3,-8.590877306805055,998.9905019072767,824.2149973603014,51.73421576448597,-32.23218755937734,3.2544112479972993,942.4514973958334,910.2712585449219,1.4718932203762227,15.229999542236328
387,2024-08-15,2454.TW,1170.0,1180.0,1155.0,1088.3896484375,3064248.0,3,-41.11472034463577,1271.8485260562784,963.9206267757526,46.247813257915354,-61.15284569709514,11.334765723146374,1181.698905436198,1204.013720703125,1.4718932203762227,15.229999542236328
388,2024-08-16,2330.TW,963.0,969.0,958.0,942.48388671875,44062316.0,4,-5.157192976934084,986.6556173575947,830.616800855296,53.716820328719564,-3.0645147907065464,6.694133144895968,942.1272867838542,912.3987030029297,6.794741698188512,14.800000190734863
388,2024-08-16,2454.TW,1185.0,1240.0,1185.0,1159.0643310546875,6964050.0,4,-33.0914066535845,1256.171169115263,970.6458596933311,50.21246351480087,-21.21586727354298,3.641905932739162,1177.1570475260417,1205.2768778483073,6.794741698188512,14.800000190734863
389,2024-08-19,2330.TW,969.0,975.0,964.0,946.37451171875,21348863.0,0,-2.0978497785800982,980.4171023151393,833.7428891399388,54.01743509474339,6.133302547776942,7.765422594163103,941.0898111979167,914.2195841471354,0.7060353978846752,14.649999618530273
389,2024-08-19,2454.TW,1240.0,1265.0,1230.0,1182.62255859375,5847224.0,0,-24.54893581954707,1252.1303596297676,972.33084642492,51.44734070553887,4.545405012236354,0.6444094075472305,1173.3877319335938,1206.7790181477865,0.7060353978846752,14.649999618530273
390,2024-08-20,2330.TW,977.0,977.0,968.0,946.37451171875,24039959.0,1,0.32297865065538645,980.8786496303501,833.5731448032436,54.017435094743384,10.86997479760694,8.129151324047692,940.0523356119792,915.8628356933593,0.07845049087403158,15.880000114440918
390,2024-08-20,2454.TW,1270.0,1270.0,1240.0,1177.910888671875,4293705.0,1,-17.952216546538693,1250.6540616834088,972.864822593935,51.184677881942584,10.107682009408691,0.04575632695034307,1170.2466349283854,1207.8953186035155,0.07845049087403158,15.880000114440918
391,2024-08-21,2330.TW,961.0,964.0,956.0,931.784912109375,29758188.0,2,1.0521157286458447,982.5833046271438,833.7165000603562,52.64523728103546,-5.675897797411083,5.545708057406244,937.5559061686198,917.3921112060547,1.2997506419746303,16.270000457763672
391,2024-08-21,2454.TW,1220.0,1240.0,1210.0,1149.64111328125,4500318.0,2,-14.834401859000081,1250.1299910084222,972.9177384837653,49.61251451338011,-9.290910164213136,3.60465904615904,1163.964444986979,1208.694112141927,1.2997506419746303,16.270000457763672
392,2024-08-22,2330.TW,958.0,964.0,948.0,924.9765625,24349754.0,3,1.0682708410969326,978.7842971315067,834.7921432981807,52.00745841092722,-9.615009846288796,3.8347829808511316,934.6704243977864,918.7756184895833,0.6560878145957956,17.549999237060547
392,2024-08-22,2454.TW,1230.0,1240.0,1215.0,1159.0643310546875,3022975.0,3,-11.470906861378126,1243.438511766709,975.3687392098534,50.14060077163587,0.7044943076813943,3.604659046159046,1156.7399251302083,1208.2670552571615,0.6560878145957956,17.549999237060547
393,2024-08-23,2330.TW,944.0,952.0,939.0,923.03125,27592153.0,4,0.9135723298709308,980.2469089625021,835.761129367576,51.82189382151275,-18.687084407445425,1.9121683832804877,931.5579935709635,920.1912974039714,0.08372530171745164,15.859999656677246
393,2024-08-23,2454.TW,1205.0,1225.0,1190.0,1154.3526611328125,4222716.0,4,-9.080827106451807,1240.8627373994325,976.0598456083801,49.87025309611214,-6.9431170063489525,6.571269977926251,1150.143623860677,1207.3773295084636,0.08372530171745164,15.859999656677246
394,2024-08-26,2330.TW,957.0,961.0,945.0,924.00390625,25057581.0,0,0.8595495238690773,980.7583670232118,835.8332589533507,51.91064450214282,-2.3066679916543222,3.7556877572940817,927.3432393391927,921.7523732503255,0.2620725677925408,16.149999618530273
394,2024-08-26,2454.TW,1245.0,1245.0,1210.0,1144.929443359375,3699292.0,0,-7.856481968633489,1237.842654045875,976.7241062080311,49.320073539943834,11.166589744523609,3.9243838902202386,1143.7043782552084,1206.6378621419271,0.2620725677925408,16.149999618530273
395,2024-08-27,2330.TW,945.0,946.0,940.0,916.2227783203125,18693037.0,1,0.18671176951795587,980.8946430366567,835.8915019828745,51.1311484039272,-16.25190660411514,2.646948646187031,924.1659647623698,923.4905771891276,0.3045804900697345,15.430000305175781
395,2024-08-27,2454.TW,1200.0,1215.0,1190.0,1140.2177734375,3877314.0,1,-7.1835643533568145,1231.8919962133846,978.4342855248965,49.04023065616088,-3.383200747653648,6.331040148157434,1138.9927368164062,1205.8198669433593,0.3045804900697345,15.430000305175781
396,2024-08-28,2330.TW,945.0,964.0,943.0,937.6207885742188,31059233.0,2,1.3643956942607929,983.5226351490353,836.1814114818242,53.13320730787269,23.33631944954694,6.3729627333679915,921.7019571940104,925.859932454427,2.895547475297619,17.110000610351562
396,2024-08-28,2454.TW,1205.0,1220.0,1185.0,1130.79443359375,4610835.0,2,-7.326205134013435,1229.8324694845803,978.6091442849508,48.47121047434348,-0.9948048101880137,6.3310401481574266,1134.1240356445312,1205.6899251302084,2.895547475297619,17.110000610351562
397,2024-08-29,2330.TW,942.0,947.0,937.0,917.1954345703125,43530708.0,3,0.642160892032507,981.93480626634,836.1157613606131,51.067317189359905,-3.751153071185019,4.987375082793375,918.0707845052083,927.4851623535156,9.766038680830594,15.649999618530273
397,2024-08-29,2454.TW,1175.0,1255.0,1175.0,1177.910888671875,5404585.0,3,-3.5958936011277274,1237.3770509705835,977.6608640684792,51.388662651571984,36.25706906211704,1.5663433896169592,1131.139998372396,1205.807462565104,9.766038680830594,15.649999618530273
398,2024-08-30,2330.TW,944.0,952.0,941.0,918.1680297851562,63834981.0,4,0.14657528472400827,982.557852598108,839.4805263081421,51.160856683423376,15.003727068225773,6.042433530247178,915.2825622558594,929.2396392822266,0.2534468274737321,15.0
398,2024-08-30,2454.TW,1260.0,1260.0,1225.0,1168.4876708984375,5810148.0,4,-1.384015685766144,1241.3742665819452,987.7985849805548,50.793667734010185,62.46875287579406,0.8981783537635142,1128.470068359375,1206.228914388021,0.2534468274737321,15.0
399,2024-09-02,2330.TW,950.0,955.0,943.0,922.0585327148438,18646835.0,0,0.06697909920410439,962.430984185281,872.5434420842503,51.54415685976066,30.870118300978284,6.685592620220217,913.4345540364583,930.8167368570963,0.6704642462488623,15.0
399,2024-09-02,2454.TW,1240.0,1250.0,1215.0,1154.3526611328125,3182122.0,0,-0.7628697711506902,1220.5806602642695,1030.6426795794807,49.897184599155324,49.61460925535131,2.2289316238906967,1126.7424641927084,1206.5684387207032,0.6704642462488623,15.0
400,2024-09-03,2330.TW,948.0,952.0,939.0,914.277587890625,19547575.0,1,-0.6168480304053219,954.8759778167739,885.934276089476,50.72057831503329,19.133951586660352,5.687724397598782,912.461924235026,931.6182240804036,0.30290953101665913,20.719999313354492
400,2024-09-03,2454.TW,1225.0,1225.0,1200.0,1149.64111328125,3422128.0,1,-0.6433732875038913,1211.655524191831,1053.2315973902002,49.59535328920167,31.80248798095096,4.224582081789477,1125.4860310872396,1205.9074991861978,0.30290953101665913,20.719999313354492
401,2024-09-04,2330.TW,894.0,905.0,888.0,864.673095703125,79709021.0,2,-5.102633927188549,960.065717119798,877.7293634466083,45.8854046293872,-129.13325322065526,5.918836154831863,910.8408671061198,931.8351928710938,10.619941446106463,21.31999969482422
401,2024-09-04,2454.TW,1135.0,1170.0,1130.0,1069.5430908203125,9683111.0,2,-6.932004634379382,1213.0062789416895,1050.467341663779,44.82659368438865,-61.94044551102407,12.815569590092277,1122.6590454101563,1204.1420776367188,10.619941446106463,21.31999969482422
402,2024-09-05,2330.TW,907.0,915.0,900.0,877.3173217773438,30512026.0,3,-7.5503326617426865,959.0029107359095,879.3757452699498,47.212354972455294,-84.50576721264028,3.6108286209039573,908.3444376627605,932.1983052571615,3.210549319378001,19.899999618530273
402,2024-09-05,2454.TW,1120.0,1130.0,1105.0,1045.98486328125,9051905.0,3,-13.659286608587308,1213.7808667324161,1049.2215868808653,43.552442298876,-94.8222319976447,15.612192810221565,1117.4762369791667,1202.0608479817708,3.210549319378001,19.899999618530273
403,2024-09-06,2330.TW,909.0,918.0,903.0,892.8795166015625,24458336.0,4,-8.14057302150718,959.6905296247743,877.1319007951475,48.810524293563894,-60.59936975901323,2.914864835493373,908.149912516276,932.4009348551432,1.3741448419980877,22.3799991607666
403,2024-09-06,2454.TW,1110.0,1150.0,1105.0,1078.9664306640625,5102862.0,4,-16.14327951386963,1211.6555400239336,1053.2315693510664,45.78427924851091,-65.11731341520382,12.622453962595987,1114.3351399739583,1200.068341064453,1.3741448419980877,22.3799991607666
404,2024-09-09,2330.TW,892.0,900.0,891.0,874.3994140625,35885268.0,0,-9.984438200831733,962.1495981645678,870.6850148725416,47.0602678618366,-97.58985799242276,5.540358859619805,906.6909586588541,932.0767232259115,2.3348528446987373,19.450000762939453
404,2024-09-09,2454.TW,1100.0,1115.0,1090.0,1041.2733154296875,7139369.0,0,-20.912316999509585,1217.7166489440926,1040.5741591613762,43.7396858019361,-96.57893186902798,14.341100730263362,1110.0946614583333,1196.1415384928384,2.3348528446987373,19.450000762939453
405,2024-09-10,2330.TW,907.0,911.0,901.0,879.2625122070312,33498628.0,1,-10.927339692182386,963.281568324864,865.9542837259172,47.57204752166392,-67.91133905351755,2.9015086874610936,905.5237894694011,931.7849314371745,0.8121793833605228,19.079999923706055
405,2024-09-10,2454.TW,1115.0,1130.0,1100.0,1064.8314208984375,5579319.0,1,-22.531146308421057,1219.5673039308135,1035.8965144285617,45.318505530435885,-69.55542568571562,12.060945978272855,1106.1682902018229,1192.4537150065105,0.8121793833605228,19.079999923706055
406,2024-09-11,2330.TW,906.0,906.0,900.0,876.3447265625,18029342.0,2,-11.774309918391964,963.7412262367684,860.9232451987784,47.2883087597149,-70.07768938250969,3.1292905910202102,904.4538879394531,931.4607198079427,0.6987986773104806,17.690000534057617
406,2024-09-11,2454.TW,1125.0,1135.0,1110.0,1045.98486328125,4019795.0,2,-25.046123767105428,1223.0020748861364,1025.3942752115197,44.28989729735809,-66.51959520001645,11.295627745615242,1102.7130818684896,1188.682267252604,0.6987986773104806,17.690000534057617
407,2024-09-12,2330.TW,936.0,944.0,928.0,918.3547973632812,39454846.0,3,-8.952479690791392,963.8248917102408,860.9555160046029,51.58896272805894,24.167411068943828,5.578068765153634,903.9413736979167,931.4800425211589,5.154082583451312,17.06999969482422
407,2024-09-12,2454.TW,1150.0,1155.0,1135.0,1088.3896484375,4341122.0,3,-23.34840388589396,1223.0020748861364,1025.3942752115197,47.08537618625298,-25.777573781670256,8.236862010264067,1101.9278076171875,1185.2334269205728,5.154082583451312,17.06999969482422
408,2024-09-13,2330.TW,955.0,955.0,939.0,925.1934814453125,25347586.0,4,-6.094085429679808,961.3878094104538,861.6635577770463,52.24508981548992,46.644493376608736,7.9065122648168344,905.5048258463542,930.9973429361979,2.602032578350633,16.559999465942383
408,2024-09-13,2454.TW,1160.0,1165.0,1125.0,1060.119873046875,3453407.0,4,-24.00734157267675,1220.5804097283583,1017.9214945685168,45.51043622121927,-40.56844505548926,8.23686201026407,1103.0271931966147,1180.0841735839845,2.602032578350633,16.559999465942383
409,2024-09-16,2330.TW,952.0,952.0,943.0,925.1934814453125,13626239.0,0,-3.785154479467792,958.0603869364653,862.872877223691,52.24508981548992,44.20878146569963,7.906512264816841,909.9213399251302,930.5146433512369,0.05265150974103831,17.139999389648438
409,2024-09-16,2454.TW,1120.0,1130.0,1100.0,1064.8314208984375,3682733.0,0,-23.874165383875606,1212.8582001802404,1013.8645903471037,45.82287034158444,-77.09985261003798,11.490827337603903,1107.3933146158854,1174.7829650878907,0.05265150974103831,17.139999389648438
410,2024-09-18,2330.TW,945.0,948.0,933.0,919.3316040039062,28424324.0,2,-2.400641485545293,953.8645107354894,864.3644626531825,51.603535044543605,18.409307596997504,5.37838920825288,912.0350830078125,930.1125620524089,0.9675197581390632,18.229999542236328
410,2024-09-18,2454.TW,1115.0,1120.0,1095.0,1041.2733154296875,7064375.0,2,-25.377033872961647,1206.1284282735876,1006.9306049295376,44.502990685676274,-100.79425975641745,12.13545889480875,1108.3356486002604,1169.2427754720052,0.9675197581390632,18.229999542236328
411,2024-09-19,2330.TW,940.0,960.0,936.0,937.8941650390625,32739630.0,3,0.19222275449817516,954.8990078971486,863.9408907844919,53.47507191227082,56.901801214170504,8.052593255651958,913.4707275390625,930.5061716715495,0.7687941798242888,16.329999923706055
411,2024-09-19,2454.TW,1105.0,1130.0,1080.0,1055.4080810546875,7749361.0,3,-25.137738321698862,1201.7447102486447,1001.8910197318239,45.47774984059681,-94.27346829728415,14.077571188458835,1107.3933146158854,1165.1674173990884,0.7687941798242888,16.329999923706055
412,2024-09-20,2330.TW,981.0,982.0,971.0,950.5947875976562,60133709.0,4,3.2346335996110156,959.3568648526384,862.0448563387679,54.71459153809477,146.6274720118442,12.730293743109536,916.1078348795573,931.0304066975912,0.38231992434939077,16.149999618530273
412,2024-09-20,2454.TW,1145.0,1155.0,1125.0,1060.119873046875,8871960.0,4,-24.28791665313679,1194.6379197739698,999.1033644057179,45.80599606260866,-58.33877495333196,9.889733706432395,1107.7074259440103,1161.5547241210938,0.38231992434939077,16.149999618530273
413,2024-09-23,2330.TW,971.0,977.0,971.0,954.5026245117188,14497067.0,0,5.893163176822668,964.5131842679695,860.0356743746087,55.09538836406689,136.7265238232461,12.730293743109542,917.6431966145833,931.3766133626302,0.5085549304674095,15.890000343322754
413,2024-09-23,2454.TW,1125.0,1150.0,1120.0,1078.9664306640625,4490555.0,0,-21.841887482913535,1187.2845974551158,998.9180636776965,47.12322158249671,-54.26609898683269,10.568985763168644,1108.33564453125,1157.9488301595052,0.5085549304674095,15.890000343322754
414,2024-09-24,2330.TW,976.0,987.0,971.0,964.2723388671875,26785975.0,1,8.688248598415385,971.3147889028395,857.2609130014574,56.05115354061916,149.75683876821458,14.837775175252087,919.3096883138021,931.8856486002604,3.2195995004029823,15.390000343322754
414,2024-09-24,2454.TW,1135.0,1195.0,1135.0,1126.082763671875,6847737.0,1,-15.918004588435679,1184.518339033635,999.7996541304277,50.250457813608804,-0.3662818981491673,3.3179782603059524,1108.9638590494792,1155.2818623860678,3.2195995004029823,15.390000343322754
415,2024-09-25,2330.TW,1000.0,1005.0,998.0,981.85791015625,39405222.0,2,12.181956554649219,982.1229894155188,853.0162256723718,57.726580538368964,205.13391988545476,18.502491289046905,921.5299479166666,932.5905141194661,0.8614624654456836,15.40999984741211
415,2024-09-25,2454.TW,1220.0,1230.0,1205.0,1154.3526611328125,10887978.0,2,-8.840235519371845,1186.9732883802617,998.7581935533321,52.012044254387234,63.51340783329043,1.8603357680866133,1111.0055704752604,1153.0092325846354,0.8614624654456836,15.40999984741211
416,2024-09-26,2330.TW,1010.0,1015.0,1005.0,991.6276245117188,38321585.0,3,15.559716850087511,992.4256492325536,848.114249449087,58.63290089996477,207.9648305104771,20.46937412749059,923.8489176432291,933.4257873535156,2.109513531869405,15.369999885559082
416,2024-09-26,2454.TW,1235.0,1280.0,1230.0,1196.75732421875,9413246.0,3,0.18847673839536583,1199.9900712023748,992.337699793719,54.51141094213683,111.88609577850416,8.628174522036176,1113.6754964192708,1151.2128662109376,2.109513531869405,15.369999885559082
417,2024-09-27,2330.TW,1020.0,1025.0,1000.0,976.9730834960938,35783779.0,4,16.859768318485408,999.7031538632937,846.814509710925,56.745099383847176,173.78410689277115,22.406608427439163,925.8415059407552,934.1465016682943,0.7603944697419389,16.959999084472656
417,2024-09-27,2454.TW,1280.0,1305.0,1250.0,1187.3341064453125,8955853.0,4,6.508396585335959,1202.0958515660357,991.174241207402,53.86646242256072,117.96283359545507,11.775123875926555,1116.9736450195312,1149.3362752278647,0.7603944697419389,16.959999084472656
418,2024-09-30,2330.TW,978.0,990.0,957.0,934.9631958007812,61603217.0,0,14.334976936909243,1000.676325323858,847.5208548519233,51.79924905975282,55.006666536600136,10.440129774417224,925.5908162434896,933.8590515136718,8.016123735239974,16.729999542236328
418,2024-09-30,2454.TW,1235.0,1235.0,1175.0,1107.236328125,8477410.0,0,4.9961646155315975,1193.6686571694804,993.4763013266135,48.79051062359234,17.814607397572736,0.9815785673591962,1115.246044921875,1146.2015462239583,8.016123735239974,16.729999542236328
419,2024-10-01,2330.TW,967.0,977.0,967.0,949.6177978515625,26760355.0,1,13.362530554404316,1002.8870147102884,848.0660919791646,53.2690646442922,65.84115794196302,10.440129774417224,925.69892578125,933.3943684895834,1.1305356439920926,19.260000228881836
419,2024-10-01,2454.TW,1195.0,1230.0,1190.0,1140.2177734375,6000269.0,1,6.385429625764118,1191.3414611497694,994.390008576793,50.76670827116625,40.248377475966045,0.9815785673591956,1113.8325520833334,1143.6101420084635,1.1305356439920926,19.260000228881836
420,2024-10-04,2330.TW,986.0,986.0,967.0,954.5026245117188,40934818.0,4,12.838035594512348,1005.7585849134521,849.2170254381103,53.755325328250436,78.17060425222793,12.359189357517288,925.9698628743489,933.011099243164,0.38258213695378096,19.209999084472656
420,2024-10-04,2454.TW,1200.0,1240.0,1200.0,1159.0643310546875,6956378.0,4,8.904545786995413,1193.0389221927358,993.6348693111704,51.86477454527453,61.02666559203033,2.327367958342237,1113.2043334960938,1141.7254842122395,0.38258213695378096,19.209999084472656
421,2024-10-07,2330.TW,993.0,1010.0,989.0,981.85791015625,39667071.0,0,14.462992123568029,1009.3301501367957,857.3639416600793,56.38450829095639,135.6740990555894,17.2505757728133,927.6389628092448,932.5974344889323,1.7210400957242513,22.639999389648438
421,2024-10-07,2454.TW,1250.0,1295.0,1230.0,1177.910888671875,8959497.0,0,12.280165087485102,1204.6020298777084,992.9085414113541,52.95032390139911,106.55721388650538,9.338227311668392,1114.146659342448,1139.0555521647136,1.7210400957242513,22.639999389648438
422,2024-10-08,2330.TW,1000.0,1010.0,997.0,986.7427978515625,30845902.0,1,15.960963441131412,1013.5626308279172,864.0740085763796,56.8378221709678,131.766042001081,17.25057577281331,929.6978373209636,932.184130859375,1.4445405724876283,21.420000076293945
422,2024-10-08,2454.TW,1240.0,1250.0,1225.0,1154.3526611328125,4347108.0,1,12.905647355835299,1209.7407704023415,998.6065806718773,51.449930355117736,71.7169272628864,8.605100408696808,1113.9896036783855,1135.364764404297,1.4445405724876283,21.420000076293945
423,2024-10-09,2330.TW,1030.0,1035.0,1020.0,996.5125122070312,46975717.0,2,17.732046804432116,1019.6976209046288,868.3023180602149,57.746421227980846,158.50060386690112,22.097353247470934,932.1472127278646,931.8526031494141,0.2849288382700182,20.860000610351562
423,2024-10-09,2454.TW,1260.0,1275.0,1240.0,1173.1993408203125,5544071.0,2,14.752063497211111,1218.0651340216195,999.7055080682244,52.562366461475264,94.82304628078371,11.66858415978026,1114.6178263346353,1132.3807250976563,0.2849288382700182,20.860000610351562
424,2024-10-11,2330.TW,1025.0,1050.0,1020.0,1020.9368286132812,43058754.0,4,20.865951639374998,1027.0264137768322,875.6272666430896,59.92801362401079,165.15829711650642,24.830143673966774,935.3783101399739,931.3607747395833,2.579434392612395,20.459999084472656
424,2024-10-11,2454.TW,1265.0,1310.0,1265.0,1225.02734375,9881759.0,4,20.164998730603884,1234.0134871343314,1002.1325577875434,55.46529710860324,136.75640626535196,15.758110527731638,1117.2877563476563,1130.4960673014323,2.579434392612395,20.459999084472656
425,2024-10-14,2330.TW,1045.0,1055.0,1035.0,1020.9368286132812,36858874.0,0,23.08350156259951,1032.2071803290742,884.6139317314728,59.92801362401079,159.27541685035132,25.728560665257376,938.8687784830729,931.5173716227214,0.17565163993768693,19.700000762939453
425,2024-10-14,2454.TW,1310.0,1310.0,1285.0,1215.6041259765625,3998990.0,0,23.424392168222994,1246.4782100446528,1004.7451053850345,54.834161244585985,130.4739385405967,15.758110527731638,1119.800634765625,1129.3966857910157,0.17565163993768693,19.700000762939453
426,2024-10-15,2330.TW,1050.0,1075.0,1050.0,1045.361083984375,42850176.0,1,26.506212027063725,1039.7931961977279,893.9295516050064,62.02617956747923,174.2806631038699,29.228618020863976,942.4601216634114,932.0810394287109,1.352624619484739,20.639999389648438
426,2024-10-15,2454.TW,1310.0,1310.0,1290.0,1225.02734375,5915032.0,1,26.462813035256204,1257.1084487741268,1012.0191147024357,55.35963676904454,125.45374547655788,15.758110527731636,1122.9417317708333,1128.5328837076822,1.352624619484739,20.639999389648438
427,2024-10-16,2330.TW,1040.0,1070.0,1035.0,1020.9368286132812,52652149.0,2,26.93738404765861,1044.987380978033,898.9935699497014,58.839132479364174,135.32787414671824,24.670338232218462,945.9181681315105,931.9944763183594,1.6635608624714966,19.579999923706055
427,2024-10-16,2454.TW,1260.0,1295.0,1260.0,1201.4691162109375,6461649.0,2,26.662482879128675,1264.218267123454,1016.2172431304521,53.742571691565786,94.1334446507446,10.886640575098317,1123.7270060221354,1127.4335021972656,1.6635608624714966,19.579999923706055
428,2024-10-17,2330.TW,1050.0,1055.0,1030.0,1011.1669921875,54173771.0,3,26.188857978003625,1047.7931039362652,904.7851980656878,57.614144622405774,109.6181237277966,23.172182645168018,949.0181335449219,932.1503479003907,0.49944804447220825,19.110000610351562
428,2024-10-17,2454.TW,1295.0,1295.0,1265.0,1201.4691162109375,4139436.0,3,26.515073407756745,1268.1363054947874,1026.434129075525,53.742571691565786,92.883824885784,10.88664057509833,1124.8263875325522,1126.6482279459635,0.49944804447220825,19.110000610351562
429,2024-10-18,2330.TW,1095.0,1100.0,1075.0,1060.015869140625,85011961.0,4,29.200733914243983,1059.5003053528949,906.5602354185895,61.73474658090804,165.76407418023086,30.90289314841893,953.6167114257812,933.5256327311198,5.381208427038625,18.030000686645508
429,2024-10-18,2454.TW,1300.0,1330.0,1295.0,1229.739013671875,8327410.0,4,28.3525640933633,1275.1914822528372,1035.8697115948191,55.41501359165263,119.73838819268201,15.335057844382108,1127.339265950521,1127.0408650716147,5.381208427038625,18.030000686645508
430,2024-10-21,2330.TW,1090.0,1095.0,1080.0,1060.015869140625,36491060.0,0,31.227693876663125,1067.7359562508307,912.3930110343256,61.73474658090804,148.9518945176173,30.902893148418926,958.4746541341145,935.4682891845703,0.9094277139963167,18.3700008392334
430,2024-10-21,2454.TW,1310.0,1345.0,1310.0,1253.2972412109375,6320618.0,0,31.34837621091947,1280.6282547759836,1051.6353316497978,56.762642547901265,127.33823680283045,17.168241823688366,1130.7944702148438,1128.1402506510417,0.9094277139963167,18.3700008392334
431,2024-10-22,2330.TW,1065.0,1075.0,1060.0,1050.2459716796875,41197877.0,1,31.680531726384856,1073.7171494994377,917.646998449781,60.476379263279675,115.9490935151649,24.92413137700767,964.6604166666667,937.7506418863933,0.5100110236235058,18.200000762939453
431,2024-10-22,2454.TW,1310.0,1315.0,1295.0,1234.45068359375,5200879.0,1,31.83484690665432,1280.7893295624983,1069.3785171171892,55.377396528232566,98.40716105034909,14.60130455508472,1136.2913899739583,1129.4752176920572,0.5100110236235058,18.200000762939453
432,2024-10-23,2330.TW,1060.0,1070.0,1055.0,1035.59130859375,31423466.0,2,30.50525456217315,1076.8784433191117,922.9853567297163,58.62221140921149,97.54258449560257,23.46574781543151,969.9362162272135,939.140326944987,0.702114677846602,19.239999771118164
432,2024-10-23,2454.TW,1280.0,1325.0,1275.0,1225.02734375,5399321.0,2,31.101475220259545,1276.2272544584907,1090.4313392915092,54.68708495607564,86.67724519425617,11.239846348220787,1142.25947265625,1129.8678548177083,0.702114677846602,19.239999771118164
433,2024-10-24,2330.TW,1070.0,1075.0,1055.0,1035.59130859375,38236996.0,3,29.23681513651252,1079.3837592932484,928.5889091637827,58.62221140921148,94.13755091543672,24.379000779648887,974.6932759602864,941.4215942382813,1.3442074041018028,19.079999923706055
433,2024-10-24,2454.TW,1300.0,1305.0,1270.0,1196.75732421875,4473596.0,3,27.9173052444346,1268.142674694483,1110.2950084109857,52.65024219281783,64.8921753363193,10.402356094080817,1146.1858357747396,1130.2604878743489,1.3442074041018028,19.079999923706055
434,2024-10-25,2330.TW,1065.0,1070.0,1060.0,1040.476318359375,22009575.0,4,28.29952787393347,1082.4418429865489,933.1512234197013,59.06986549103193,91.79417098428085,24.3790007796489,980.2291727701823,943.4600657145182,2.476012415534851,20.329999923706055
434,2024-10-25,2454.TW,1270.0,1325.0,1270.0,1239.1622314453125,6810511.0,4,28.487166891198285,1270.90112530797,1118.8445045748424,55.23727824657233,81.84203800375113,13.109279867508224,1152.7821329752603,1131.4383972167968,2.476012415534851,20.329999923706055
435,2024-10-28,2330.TW,1075.0,1080.0,1050.0,1025.8216552734375,40142324.0,0,26.073651306664942,1084.0104842294509,935.978956688518,57.151050302341666,79.44981384165325,24.37900077964889,985.1144775390625,945.3191335042318,2.33806068539061,19.799999237060547
435,2024-10-28,2454.TW,1330.0,1340.0,1315.0,1258.0087890625,5375094.0,0,30.112428710504673,1278.5459594792692,1121.5652831965122,56.33417454195108,103.56242985978113,15.099379508333065,1159.2213785807292,1132.6948343912761,2.33806068539061,19.799999237060547
436,2024-10-29,2330.TW,1035.0,1040.0,1020.0,1016.0519409179688,45415773.0,1,23.253244858862672,1084.7601878426324,937.6716847159613,55.89877803076754,33.27591363165345,15.244662548411602,989.7713846842448,947.112636311849,1.2200387499176137,19.34000015258789
436,2024-10-29,2454.TW,1315.0,1315.0,1285.0,1225.02734375,5336390.0,1,28.41162192052525,1280.7238496427983,1122.2143949861081,53.94123949947198,68.68448205687628,9.891982542382948,1165.1894612630208,1133.9512715657552,1.2200387499176137,19.34000015258789
437,2024-10-30,2330.TW,1040.0,1055.0,1030.0,1006.2822265625,38201984.0,2,19.999180031129754,1084.5004829445381,940.8623039206961,54.65979375777141,37.72260553773118,18.346355892326173,992.7022989908854,948.321836344401,0.3605941061370462,20.350000381469727
437,2024-10-30,2454.TW,1290.0,1315.0,1285.0,1215.6041259765625,5429739.0,2,26.003592141087438,1282.0842594027329,1123.6809871792982,53.2724119766161,61.786786143566765,9.891982542382948,1169.4299438476562,1135.6788757324218,0.3605941061370462,20.350000381469727
438,2024-11-01,2330.TW,996.0,1030.0,996.0,1001.3973388671875,54480255.0,4,16.83211050628711,1078.1861064943425,953.8200946775326,54.04024320500912,-3.3870406349158597,8.993518414422715,995.2424275716146,950.3736267089844,0.16867879920379847,21.8799991607666
438,2024-11-01,2454.TW,1220.0,1300.0,1220.0,1215.6041259765625,7755216.0,4,23.82062189063231,1273.5498726520773,1143.0521537151103,53.2724119766161,28.21875779680329,0.5414767401690177,1174.6127522786458,1138.8199727376302,0.16867879920379847,21.8799991607666
439,2024-11-04,2330.TW,1030.0,1045.0,1025.0,1016.0519409179688,26747978.0,0,15.327997389663096,1073.1065670439605,965.5430484345553,55.60200509110646,28.778893742501328,12.16168559023441,998.2710428873698,954.09619140625,0.4731206324657838,21.979999542236328
439,2024-11-04,2454.TW,1285.0,1305.0,1280.0,1220.315673828125,3429980.0,0,22.214707455891812,1269.2656460572211,1155.3461703490289,53.58038004363607,53.95848003367679,0.21243179599362746,1179.7955607096353,1143.5944376627604,0.4731206324657838,21.979999542236328
440,2024-11-05,2330.TW,1030.0,1055.0,1030.0,1025.8216552734375,32385622.0,1,14.754233587164208,1067.19887221659,978.5826463380973,56.61865449254344,40.98159761349287,14.221120787735556,1001.8207112630208,956.9278971354166,0.42932766519920235,20.489999771118164
440,2024-11-05,2454.TW,1285.0,1300.0,1280.0,1215.6041259765625,3613551.0,1,20.32750335554715,1266.2824846238311,1163.9833112746062,53.217544012553944,46.970454232745084,0.21243179599363002,1185.6065877278645,1146.9711181640625,0.42932766519920235,20.489999771118164
441,2024-11-06,2330.TW,1050.0,1080.0,1040.0,1035.59130859375,55349259.0,2,14.915909692386208,1065.731048643306,985.4238097551317,57.62249288446917,68.52162220940264,19.125020572332513,1005.0772827148437,959.2740051269532,0.1447623505311771,16.270000457763672
441,2024-11-06,2454.TW,1290.0,1320.0,1290.0,1229.739013671875,3781856.0,2,19.7448415733586,1266.1106527426332,1169.3379556558043,54.18050116979981,67.12119762638368,3.3158145928027007,1191.417618815104,1149.4054667154949,0.1447623505311771,16.270000457763672
442,2024-11-07,2330.TW,1050.0,1075.0,1050.0,1040.476318359375,43975446.0,3,15.262284517468856,1064.4739359010484,992.0542745481705,58.12372440342667,72.2857644113288,19.12502057233252,1008.0733337402344,962.0905843098958,0.042413970625449965,15.199999809265137
442,2024-11-07,2454.TW,1330.0,1330.0,1300.0,1229.739013671875,4276840.0,3,19.063327737474538,1259.7864463204262,1183.2007973319176,54.18050116979981,77.53904497144674,4.846468767657252,1197.0715901692708,1152.3895080566406,0.042413970625449965,15.199999809265137
443,2024-11-08,2330.TW,1085.0,1090.0,1080.0,1064.9005126953125,37099479.0,4,17.308100415571744,1068.1835066660215,995.1835038320254,60.537860042364564,120.97881308333913,21.988649744173056,1011.7532633463542,964.6982299804688,4.487245175856743,14.9399995803833
443,2024-11-08,2454.TW,1310.0,1320.0,1280.0,1206.1807861328125,4130119.0,4,16.43284344427866,1254.9740705660136,1191.31131761758,52.26180965432145,39.59755490352754,1.521163822941501,1201.3120686848958,1154.823856608073,4.487245175856743,14.9399995803833
444,2024-11-11,2330.TW,1080.0,1090.0,1070.0,1060.015869140625,34690205.0,0,18.324046144303225,1071.8585900518237,995.4163244989578,59.82433797865209,104.7390874268045,19.08077140870092,1014.9447143554687,967.1272013346354,0.7113443046398998,14.970000267028809
444,2024-11-11,2454.TW,1300.0,1310.0,1280.0,1220.315673828125,2805531.0,0,15.31222321938617,1254.749497628416,1191.0647235629904,53.28854506086511,38.719849231557724,1.5211638229414914,1204.4531656901042,1156.7085123697916,0.7113443046398998,14.970000267028809
445,2024-11-12,2330.TW,1060.0,1065.0,1050.0,1025.8216552734375,51099848.0,1,16.183450425051774,1071.82250824889,995.9408889679067,55.11966027624712,36.53466923705437,13.483912482853361,1016.4101725260417,968.9700602213542,2.951617995498472,14.710000038146973
445,2024-11-12,2454.TW,1280.0,1295.0,1265.0,1192.0458984375,4165815.0,1,12.004607362803654,1256.3323173745866,1187.1260810629133,51.01830458852502,-16.405488403139454,0.9989788111092449,1205.7096069335937,1158.3575887044271,2.951617995498472,14.710000038146973
446,2024-11-13,2330.TW,1045.0,1050.0,1035.0,1011.1669921875,42331232.0,2,13.152885778611221,1071.005969174129,993.3380188629804,53.26262144647107,-3.9076984765330844,9.4912140227351,1017.0614847819011,970.4552012125652,0.718805668981483,14.020000457763672
446,2024-11-13,2454.TW,1265.0,1275.0,1255.0,1182.62255859375,4020882.0,2,8.524646378084753,1258.3145376289626,1180.9033822929123,50.27965905567379,-53.02996379490781,2.6653358719932148,1205.2384480794271,1159.456972249349,0.718805668981483,14.020000457763672
447,2024-11-14,2330.TW,1030.0,1040.0,1025.0,1011.1669921875,44627940.0,3,10.628621331643672,1071.3494159755696,992.0175884189616,53.26262144647107,-24.600036414956946,6.897443625194642,1018.2012817382813,972.0213938395183,0.6457105374568781,14.3100004196167
447,2024-11-14,2454.TW,1260.0,1265.0,1230.0,1163.7760009765625,4261333.0,3,4.197605154177609,1263.2234195365909,1172.2251888618466,48.817364632901096,-95.73302400712217,6.725598522656416,1204.4531778971354,1160.7134114583334,0.6457105374568781,14.3100004196167
448,2024-11-15,2330.TW,1040.0,1045.0,1030.0,1011.1669921875,34791611.0,4,8.52979737653618,1071.3494159755696,992.0175884189616,53.26262144647108,-24.077960217390796,8.024428312734479,1020.7414082845052,973.1661122639974,2.111414215148549,16.139999389648438
448,2024-11-15,2454.TW,1240.0,1275.0,1230.0,1196.75732421875,4250152.0,4,3.3906259336365565,1263.389243600287,1171.588185598932,51.37736645016297,-69.9700098552342,4.914650522785637,1207.4372111002604,1161.3416280110678,2.111414215148549,16.139999389648438
449,2024-11-18,2330.TW,1030.0,1035.0,1020.0,1001.3973388671875,31815076.0,0,6.008868401808741,1068.2661961692315,989.2389551979559,51.970380686120286,-64.9680432601346,5.385126932469584,1022.4673929850261,974.083159383138,1.0011641590148892,15.579999923706055
449,2024-11-18,2454.TW,1260.0,1265.0,1230.0,1168.4876708984375,3884093.0,0,0.4646086049981477,1264.8371409965823,1164.0151539252927,49.19554566194673,-117.3928927488304,4.9146505227856245,1208.379541015625,1161.106046549479,1.0011641590148892,15.579999923706055
450,2024-11-19,2330.TW,1030.0,1045.0,1025.0,1016.0519409179688,24349599.0,1,5.134332549286,1063.556714120201,989.552044424721,53.71298276228532,-42.753798706205984,7.71756075524232,1024.5190368652343,975.2444498697917,1.9035074887999144,16.350000381469727
450,2024-11-19,2454.TW,1255.0,1290.0,1245.0,1210.8924560546875,4308916.0,1,1.54956810522458,1259.2832622868632,1165.3285541193868,52.336426618649554,-40.64885368801971,0.35870068933545457,1210.1071451822916,1161.6557393391927,1.9035074887999144,16.350000381469727
451,2024-11-20,2330.TW,1025.0,1025.0,1025.0,1001.3973388671875,40203197.0,2,3.221615890987664,1060.9782677618325,987.2456275018392,51.76990704361179,-91.35299238304897,7.7175607552423235,1025.170351155599,976.4046569824219,0.7309663050925469,17.15999984741211
451,2024-11-20,2454.TW,1275.0,1275.0,1275.0,1201.4691162109375,4926471.0,2,1.6302292861828391,1256.6666613430657,1164.646998324903,51.603031284765876,-37.32851982776863,0.35870068933545673,1210.8924194335937,1162.5195393880208,0.7309663050925469,17.15999984741211
452,2024-11-21,2330.TW,1020.0,1025.0,1010.0,986.7427978515625,41429227.0,3,0.5173119222312152,1061.6727198268425,981.6663243626105,49.90243694300296,-132.23781128106367,3.6172229201482384,1025.170351155599,977.4340942382812,0.7435236283583048,16.8700008392334
452,2024-11-21,2454.TW,1265.0,1270.0,1255.0,1192.0458984375,2583520.0,3,0.923137576674435,1255.2127086338617,1162.8028065028573,50.865676452160066,-85.99518414554178,3.930323785046435,1212.1488606770833,1163.0692321777344,0.7435236283583048,16.8700008392334
453,2024-11-22,2330.TW,1035.0,1050.0,1035.0,1016.0519409179688,25187973.0,4,0.7307112577366297,1060.2156766465446,981.1694307753305,53.38169698460587,-33.31632394974016,9.553278593674834,1025.8216654459636,978.9844390869141,2.071632494229074,15.239999771118164
453,2024-11-22,2454.TW,1280.0,1310.0,1270.0,1234.45068359375,6124283.0,4,3.7413461634364467,1258.0584102462474,1163.7264408279714,53.930157505911716,31.570241047538772,3.2451754553340053,1214.1905721028645,1164.40419921875,2.071632494229074,15.239999771118164
454,2024-11-25,2330.TW,1045.0,1050.0,1030.0,1006.2822265625,49566674.0,0,0.11022684257989113,1057.8555572050013,980.1101410371862,52.133202312389415,-52.54630779343016,8.174869397073344,1025.3331787109375,980.3557444254558,0.9223990485111557,14.600000381469727
454,2024-11-25,2454.TW,1325.0,1330.0,1280.0,1206.1807861328125,7448148.0,0,3.6515594050308664,1254.5159123415183,1163.9707942014506,51.706098273314936,32.862404478008784,6.581260451198988,1213.562353515625,1165.4250549316407,0.9223990485111557,14.600000381469727
455,2024-11-26,2330.TW,1015.0,1020.0,1010.0,986.7427978515625,27312402.0,1,-1.9358646829036843,1058.308336814825,975.7494756851751,49.72695936180472,-132.62943847764723,2.821584894266736,1024.193377685547,981.5310780843099,1.7570352573396042,14.100000381469727
455,2024-11-26,2454.TW,1280.0,1290.0,1270.0,1206.1807861328125,3208553.0,1,3.5396004415504194,1245.6732060865347,1167.6307001634655,51.70609827331495,-30.391303025310137,4.713756716427654,1213.2482421875,1166.5244384765624,1.7570352573396042,14.100000381469727
456,2024-11-27,2330.TW,1010.0,1020.0,1000.0,976.9730834960938,31276090.0,2,-4.296217140822478,1060.0804968684072,970.0694298894052,48.567477704437586,-145.0936570019896,0.25535946088718847,1021.9137776692709,982.1869496663411,0.9672889434178358,14.100000381469727
456,2024-11-27,2454.TW,1270.0,1285.0,1250.0,1177.910888671875,2932917.0,2,1.1563974625485116,1244.3224957768828,1164.2697649653048,49.52061636354706,-91.81727736187776,1.0504593677126843,1211.6776936848958,1167.3097127278645,0.9672889434178358,14.100000381469727
457,2024-11-28,2330.TW,1005.0,1005.0,992.0,981.85791015625,33689956.0,3,-5.706863610566074,1061.1319805709995,966.575514546188,49.180383753223715,-151.87773366807036,1.773502105258527,1020.6111470540365,983.2646575927735,0.014325027358385783,14.100000381469727
457,2024-11-28,2454.TW,1260.0,1265.0,1240.0,1182.62255859375,4205695.0,3,-0.3481029684007808,1243.4224468419848,1161.8716571619216,49.885824062042744,-115.4284452403223,0.7455625180003298,1211.0494750976563,1167.3882405598958,0.014325027358385783,14.100000381469727
458,2024-11-29,2330.TW,995.0,1010.0,994.0,973.065185546875,40094983.0,4,-7.448449404867233,1062.8788892728828,961.9953905122733,48.11277034482557,-141.31504502425702,0.4590727308359555,1019.3410868326823,984.179610188802,0.43798117491517297,13.510000228881836
458,2024-11-29,2454.TW,1235.0,1270.0,1225.0,1182.62255859375,4141261.0,4,-1.5228756368835548,1242.232122221299,1159.763825044326,49.88582406204273,-117.76167053166564,3.4094894581967483,1210.4212565104167,1167.6238220214843,0.43798117491517297,13.510000228881836
459,2024-12-02,2330.TW,1020.0,1040.0,1015.0,1011.1669921875,31168404.0,0,-5.688596726450896,1062.6082435750095,961.7775413370998,52.714252282047134,-41.93914479410853,6.996425707958387,1017.7127909342448,985.664751180013,3.519005046789289,13.34000015258789
459,2024-12-02,2454.TW,1275.0,1315.0,1270.0,1234.45068359375,4380160.0,0,1.708510456320937,1244.7765897326224,1158.632858509565,53.818858064195894,46.400925791620075,4.541674363043925,1210.5783121744792,1168.9587890625,3.519005046789289,13.34000015258789
460,2024-12-03,2330.TW,1060.0,1065.0,1055.0,1030.70654296875,43414538.0,1,-2.6862568536721483,1063.1767823141572,961.6974913674835,54.83893308734731,62.102351099406,12.588804610704345,1016.7358133951823,987.6052337646485,0.9798910681465229,13.300000190734863
460,2024-12-03,2454.TW,1325.0,1330.0,1295.0,1239.1622314453125,5954597.0,1,4.5966029738413,1248.7525918187898,1157.0126669702727,54.157202922664695,102.60472985973868,7.007266981968795,1210.1071451822916,1170.4508076985678,0.9798910681465229,13.300000190734863
461,2024-12-04,2330.TW,1065.0,1070.0,1055.0,1045.361083984375,33466290.0,2,0.8656395590523971,1064.7797294595123,961.0715217611908,56.36027334555944,87.58727108647759,13.662911740638556,1016.5729838053386,990.6167002360027,0.44281301350211427,13.449999809265137
461,2024-12-04,2454.TW,1315.0,1325.0,1305.0,1243.8739013671875,4729113.0,2,7.182830290750871,1251.5878017136183,1155.5909458449755,54.5020458247227,111.19428960168183,7.007266981968778,1210.4212524414063,1173.3563212076822,0.44281301350211427,13.449999809265137
462,2024-12-05,2330.TW,1070.0,1080.0,1070.0,1050.2459716796875,31425359.0,3,4.0282771964649555,1066.5297193466033,960.2984972061311,56.86138440511406,119.48648327645681,15.80347448571505,1017.0614725748698,993.4988444010417,0.008580614816223558,13.539999961853027
462,2024-12-05,2454.TW,1325.0,1335.0,1310.0,1248.5855712890625,5251677.0,3,9.503080857131636,1255.3489752192731,1153.7144281010392,54.853362568836204,126.87542955748637,8.689870231739183,1211.2065266927084,1176.732999674479,0.008580614816223558,13.539999961853027
463,2024-12-06,2330.TW,1075.0,1080.0,1060.0,1040.476318359375,30765288.0,4,5.680875340436046,1061.2958194141,963.0899777050406,55.54185173598967,94.2172817706039,12.907617794014694,1017.224306233724,995.9587910970052,0.4685846828785138,12.770000457763672
463,2024-12-06,2454.TW,1325.0,1340.0,1300.0,1229.739013671875,4223587.0,4,9.709214672074495,1257.7648817060604,1153.6543443681585,53.15499572412573,92.77480018907664,6.692810187308436,1212.3059163411458,1179.2458760579427,0.4685846828785138,12.770000457763672
464,2024-12-09,2330.TW,1070.0,1075.0,1065.0,1050.2459716796875,22247131.0,0,7.690252209948994,1058.963905180627,964.4449021924197,56.5841084426098,103.57592407927967,12.907617794014703,1017.549961344401,998.8895670572916,0.2710596735877433,14.1899995803833
464,2024-12-09,2454.TW,1320.0,1325.0,1300.0,1248.5855712890625,4075270.0,0,11.263498300855872,1262.2905442643641,1151.9556715559484,54.60885587824838,93.7889029864196,6.692810187308424,1212.620027669271,1182.7010803222656,0.2710596735877433,14.1899995803833
465,2024-12-10,2330.TW,1070.0,1075.0,1060.0,1040.476318359375,28506584.0,1,8.39756656125246,1061.0531957234,963.8210779582407,55.244326052622306,84.35121079591003,11.416806411354933,1018.0384501139323,1001.5764638264974,2.148422398043037,14.180000305175781
465,2024-12-10,2454.TW,1315.0,1360.0,1310.0,1272.143798828125,5824301.0,1,14.232171736198552,1272.9187414294136,1149.3372644299614,56.36021723753603,163.90958974375013,12.700770059996353,1213.0911946614583,1186.1562866210938,2.148422398043037,14.180000305175781
466,2024-12-11,2330.TW,1045.0,1060.0,1045.0,1020.9368286132812,25264194.0,2,7.297325727841553,1061.6840764994374,964.1671808247813,52.66436040007948,25.16312803607784,7.030960301402531,1018.2012797037761,1003.9863321940104,1.6511227368714974,13.579999923706055
466,2024-12-11,2454.TW,1320.0,1355.0,1305.0,1272.143798828125,6205868.0,2,16.395865490541155,1281.5316445872377,1149.6764852955748,56.36021723753603,142.5900802715583,11.638460791929935,1214.6617431640625,1189.9256022135417,1.6511227368714974,13.579999923706055
467,2024-12-12,2330.TW,1060.0,1065.0,1055.0,1039.5701904296875,22791260.0,3,7.838575296958538,1064.5225024115066,964.169074736931,54.74911333182831,59.675765991932444,8.27601264777348,1019.310878499349,1006.0065887451171,0.7022377663424154,13.920000076293945
467,2024-12-12,2454.TW,1370.0,1400.0,1370.0,1300.4136962890625,7666196.0,3,20.15936819535159,1293.8408731938664,1151.0310262201963,58.420433114977385,245.14533019597178,18.76732901104554,1217.4887288411458,1193.459336344401,0.7022377663424154,13.920000076293945
468,2024-12-13,2330.TW,1060.0,1070.0,1055.0,1044.473876953125,20423659.0,4,8.564480006290523,1067.9244551852225,964.0978104397775,55.285245582365704,66.04021413426004,9.529384871713328,1020.7467631022135,1007.994595336914,0.8455038110002093,13.8100004196167
468,2024-12-13,2454.TW,1385.0,1410.0,1365.0,1328.683349609375,6323798.0,4,25.13337407572226,1313.608649434483,1144.455852518642,60.35650547991507,240.6240939947574,20.246498087624236,1221.258036295573,1197.9353942871094,0.8455038110002093,13.8100004196167
469,2024-12-16,2330.TW,1085.0,1085.0,1075.0,1064.0885009765625,39722392.0,0,10.600307207707829,1074.7809281516031,963.5104536843345,57.37497488455428,116.82402120415925,13.209926287350932,1022.3479817708334,1010.3095123291016,3.2909991650340578,14.6899995803833
469,2024-12-16,2454.TW,1435.0,1440.0,1385.0,1305.125244140625,7194809.0,0,26.864687943739455,1321.9100784375123,1149.8181808398313,58.02725193859689,221.94475694408135,24.51236606238883,1224.0850219726562,1201.940291341146,3.2909991650340578,14.6899995803833
470,2024-12-17,2330.TW,1090.0,1095.0,1075.0,1054.2811279296875,37880707.0,1,11.292172752569286,1078.8306322799344,963.2836682571749,56.02077047360068,107.3917208093948,15.578512323758146,1023.296630859375,1012.558671061198,3.663999521588164,15.869999885559082
470,2024-12-17,2454.TW,1390.0,1445.0,1390.0,1342.8184814453125,8783456.0,1,30.921848076107153,1339.9164671796964,1145.0043946367098,60.547337730816196,217.35638626288048,25.202158958794357,1228.3255004882812,1206.966044108073,3.663999521588164,15.869999885559082
471,2024-12-18,2330.TW,1075.0,1090.0,1070.0,1064.0885009765625,41863190.0,2,12.487901468065502,1084.2322423696035,964.1511743784434,57.068999030353766,101.52811686108478,13.969713189332492,1024.2465372721354,1014.6619099934895,0.38792728168003965,27.6200008392334
471,2024-12-18,2454.TW,1430.0,1430.0,1405.0,1338.1068115234375,5995195.0,2,33.372289347572405,1353.567684448791,1145.0169468988654,60.08087297901602,185.1624713743384,25.202158958794357,1231.9377604166666,1211.6776896158854,0.38792728168003965,27.6200008392334
472,2024-12-19,2330.TW,1065.0,1070.0,1055.0,1049.37744140625,42702851.0,3,12.10888187524597,1085.6489472987496,968.997933804766,55.03359436954197,51.68879302375157,9.25025966950319,1024.5432413736978,1016.3082875569661,0.9251737677272863,24.09000015258789
472,2024-12-19,2454.TW,1400.0,1430.0,1395.0,1338.1068115234375,6353336.0,3,34.911839752878905,1364.3891189860108,1148.801603670239,60.08087297901601,158.3715547783738,22.800455456882478,1235.5500203450522,1216.3108052571615,0.9251737677272863,24.09000015258789
473,2024-12-20,2330.TW,1060.0,1060.0,1035.0,1015.052001953125,52030520.0,4,8.93572455269964,1085.6413313312407,968.9055558757908,50.671364774730336,-8.178295821156643,3.3473826711019923,1022.8816243489583,1017.3174438476562,2.8952587314936404,18.360000610351562
473,2024-12-20,2454.TW,1420.0,1425.0,1390.0,1309.8369140625,5544646.0,4,33.46503597379501,1370.1517580866011,1150.577587616524,57.24891422896157,125.23598958469218,21.593995356994427,1239.005224609375,1220.1586466471354,2.8952587314936404,18.360000610351562
474,2024-12-23,2330.TW,1065.0,1080.0,1060.0,1059.184814453125,30728473.0,0,9.868367253807719,1089.0706859485078,970.7664600475857,55.375920997357056,86.18502425240663,8.463704390695355,1022.8539225260416,1018.8993184407552,4.684901631056053,16.780000686645508
474,2024-12-23,2454.TW,1405.0,1425.0,1400.0,1328.683349609375,4295456.0,0,33.45355167798084,1377.2136619179146,1155.7659401328665,58.594876902445634,124.95303541473174,21.593995356994405,1242.61748046875,1223.5353230794271,4.684901631056053,16.780000686645508
475,2024-12-24,2330.TW,1095.0,1095.0,1080.0,1059.184814453125,26461906.0,1,10.48661019907695,1090.3878230078362,976.6935246484136,55.375920997357056,114.11368155092137,12.074824953530795,1023.9660278320313,1020.1881001790365,0.048074909570346186,14.270000457763672
475,2024-12-24,2454.TW,1430.0,1430.0,1405.0,1323.971923828125,3196077.0,1,32.68747672089853,1382.122793700535,1162.6359221197772,58.12164917500545,115.04075482167508,22.409763190917413,1247.0150146484375,1226.3623107910157,0.048074909570346186,14.270000457763672
476,2024-12-25,2330.TW,1090.0,1090.0,1080.0,1064.0885009765625,15481622.0,2,11.242660318190929,1089.612094224503,986.180795179794,55.876300019275504,105.1718264825953,12.074824953530792,1025.730078125,1021.3957814534505,0.006935820741238712,14.270000457763672
476,2024-12-25,2454.TW,1420.0,1430.0,1410.0,1328.683349609375,2381315.0,2,32.09060891974127,1382.8399586854875,1176.9960032285749,58.46863362553314,108.35570931743293,22.409763190917413,1251.8837076822917,1228.5610778808593,0.006935820741238712,14.270000457763672
477,2024-12-26,2330.TW,1085.0,1090.0,1085.0,1064.0885009765625,14374900.0,3,11.706885792503044,1087.6877011312606,996.3282473550673,55.876300019275504,102.17177668026102,12.074824953530795,1027.4941284179688,1022.847705078125,0.14530637817488576,14.729999542236328
477,2024-12-26,2454.TW,1420.0,1430.0,1415.0,1338.1068115234375,2351336.0,3,32.00900166218162,1382.8676075751384,1192.5167796318926,59.168629977742924,104.96234157643943,22.409763190917413,1257.694734700521,1231.073956298828,0.14530637817488576,14.729999542236328
478,2024-12-27,2330.TW,1080.0,1095.0,1080.0,1068.991943359375,24948385.0,4,12.328341202715364,1080.603898595088,1013.0047256724903,56.39947436982942,99.57187080010213,12.074824953530797,1029.4216267903646,1025.0815175374348,0.03685639695786379,15.949999809265137
478,2024-12-27,2454.TW,1420.0,1440.0,1420.0,1347.530029296875,2283253.0,4,32.3319990843429,1380.800827991059,1211.074306286285,59.86834093748733,105.62204864133747,24.156924307672885,1262.7204915364584,1235.0788513183593,0.03685639695786379,15.949999809265137
479,2024-12-30,2330.TW,1090.0,1095.0,1085.0,1068.991943359375,23954634.0,0,12.674742550286965,1080.411725061203,1018.9793943235626,56.39947436982942,98.4651337094287,12.074824953530799,1031.6747802734376,1027.0710866292318,0.13608969982617544,17.399999618530273
479,2024-12-30,2454.TW,1430.0,1435.0,1420.0,1338.1068115234375,2765852.0,0,31.46489423277785,1382.7727827018218,1219.4679643684906,58.82551053000555,92.11571333936217,24.156924307672885,1268.374462890625,1238.377001953125,0.13608969982617544,17.399999618530273
480,2024-12-31,2330.TW,1080.0,1085.0,1075.0,1054.2811279296875,28397820.0,1,11.628185764958516,1080.3046706580285,1021.4439072228311,54.33120985563057,63.09423594936014,8.688283391204552,1032.9490865071614,1028.734061686198,0.7368052773799042,17.350000381469727
480,2024-12-31,2454.TW,1410.0,1425.0,1400.0,1333.3951416015625,3224086.0,1,30.051104577724118,1383.1933147481304,1228.4707233378072,58.300236815224274,72.85621161672425,18.4483030425629,1272.4578857421875,1241.2825154622396,0.7368052773799042,17.350000381469727
